/*
SQLyog 企业版 - MySQL GUI v8.14 
MySQL - 5.5.59 : Database - xxs_fixture
*********************************************************************
*/

/*!40101 SET NAMES utf8 */;

/*!40101 SET SQL_MODE=''*/;

/*!40014 SET @OLD_UNIQUE_CHECKS=@@UNIQUE_CHECKS, UNIQUE_CHECKS=0 */;
/*!40014 SET @OLD_FOREIGN_KEY_CHECKS=@@FOREIGN_KEY_CHECKS, FOREIGN_KEY_CHECKS=0 */;
/*!40101 SET @OLD_SQL_MODE=@@SQL_MODE, SQL_MODE='NO_AUTO_VALUE_ON_ZERO' */;
/*!40111 SET @OLD_SQL_NOTES=@@SQL_NOTES, SQL_NOTES=0 */;
CREATE DATABASE /*!32312 IF NOT EXISTS*/`xxs_fixture` /*!40100 DEFAULT CHARACTER SET utf8mb4 COLLATE utf8mb4_unicode_ci */;

USE `xxs_fixture`;

/*Table structure for table `fixture_activity` */

DROP TABLE IF EXISTS `fixture_activity`;

CREATE TABLE `fixture_activity` (
  `id` int(11) NOT NULL AUTO_INCREMENT,
  `uuid` char(32) NOT NULL COMMENT '创建者id',
  `createuserid` int(11) DEFAULT NULL COMMENT '创建者id',
  `companyid` int(11) DEFAULT NULL COMMENT '公司id',
  `storeid` int(11) DEFAULT NULL COMMENT '门店id',
  `cityid` int(11) DEFAULT NULL COMMENT '市id',
  `participatoryid` int(11) DEFAULT NULL COMMENT '活动参与方式id ',
  `title` varchar(200) DEFAULT NULL COMMENT '标题',
  `showurl` varchar(255) DEFAULT NULL COMMENT '封面图',
  `resume` varchar(255) DEFAULT NULL COMMENT '摘要 简述',
  `content` text COMMENT '内容',
  `isopen` tinyint(1) DEFAULT '1' COMMENT '是否公开 默认1  1所有显示  0只对成员显示',
  `status` tinyint(1) DEFAULT '1' COMMENT '状态 默认1，0不显示 1显示',
  `userid` int(11) DEFAULT NULL COMMENT '用户id,对应用户表id',
  `created_at` datetime DEFAULT NULL COMMENT '创建时间',
  PRIMARY KEY (`id`)
) ENGINE=InnoDB AUTO_INCREMENT=2 DEFAULT CHARSET=utf8 COMMENT='活动';

/*Data for the table `fixture_activity` */

insert  into `fixture_activity`(`id`,`uuid`,`createuserid`,`companyid`,`storeid`,`cityid`,`participatoryid`,`title`,`showurl`,`resume`,`content`,`isopen`,`status`,`userid`,`created_at`) values (1,'qqqqqqqqq',1,8,1,1,1,'1达瓦达瓦','得到','我的武器的','大旗网大旗网地区',1,1,1,NULL);

/*Table structure for table `fixture_activity_inrecord` */

DROP TABLE IF EXISTS `fixture_activity_inrecord`;

CREATE TABLE `fixture_activity_inrecord` (
  `id` int(11) NOT NULL,
  `uuid` char(32) DEFAULT NULL,
  `activityid` int(11) DEFAULT NULL COMMENT '活动id',
  `userid` int(11) DEFAULT NULL COMMENT '观光团id,对应用户user表的id',
  `created_at` datetime DEFAULT NULL COMMENT '创建时间',
  PRIMARY KEY (`id`)
) ENGINE=InnoDB DEFAULT CHARSET=utf8 COMMENT='观光团参与的活动';

/*Data for the table `fixture_activity_inrecord` */

insert  into `fixture_activity_inrecord`(`id`,`uuid`,`activityid`,`userid`,`created_at`) values (0,'qqqq',1,25,NULL);

/*Table structure for table `fixture_activity_luck_num` */

DROP TABLE IF EXISTS `fixture_activity_luck_num`;

CREATE TABLE `fixture_activity_luck_num` (
  `id` int(11) NOT NULL AUTO_INCREMENT COMMENT '主键id',
  `uuid` char(32) DEFAULT NULL COMMENT '唯一索引id',
  `activityluckyid` int(11) DEFAULT NULL COMMENT '抽奖活动id',
  `clientid` int(11) DEFAULT NULL COMMENT '客户id',
  `chancenum` int(11) DEFAULT NULL COMMENT '个人总抽奖次数',
  `chanceusenum` int(11) DEFAULT NULL COMMENT '已使用的抽奖次数',
  `iswin` tinyint(1) DEFAULT '0' COMMENT '是否中奖 1已中奖 0未中奖',
  `friendhelpusenum` int(11) DEFAULT NULL COMMENT '已使用过的好友助力抽奖次数',
  `userid` int(11) DEFAULT NULL COMMENT '参与活动者 对应用户表id',
  `created_at` datetime DEFAULT NULL COMMENT '创建时间',
  PRIMARY KEY (`id`)
) ENGINE=InnoDB AUTO_INCREMENT=22 DEFAULT CHARSET=utf8 COMMENT='抽奖活动的统计数';

/*Data for the table `fixture_activity_luck_num` */

insert  into `fixture_activity_luck_num`(`id`,`uuid`,`activityluckyid`,`clientid`,`chancenum`,`chanceusenum`,`iswin`,`friendhelpusenum`,`userid`,`created_at`) values (4,'56500c88696f11e8bb0500163e2e8b8b',37,20,6,4,0,1,55,'2018-06-06 17:52:34'),(5,'56500d44696f11e8bb0500163e2e8b8b',37,21,3,2,0,1,55,'2018-06-06 17:52:34'),(6,'56500ddc696f11e8bb0500163e2e8b8b',37,22,4,4,1,1,55,'2018-06-06 17:52:34'),(7,'56500e71696f11e8bb0500163e2e8b8b',37,23,7,5,0,1,55,'2018-06-06 17:52:34'),(8,'56500ef9696f11e8bb0500163e2e8b8b',37,24,3,2,1,1,55,'2018-06-06 17:52:34'),(9,'56500f5f696f11e8bb0500163e2e8b8b',37,25,0,0,0,1,55,'2018-06-06 17:52:34'),(15,'a697895bab96589bbd23d7f005290467',42,33,0,4,1,0,56,'2018-06-09 14:19:52'),(21,'8efbd32687ba40b257af24d912be15c8',40,39,20,9,1,0,56,'2018-06-09 14:52:47');

/*Table structure for table `fixture_activity_lucky` */

DROP TABLE IF EXISTS `fixture_activity_lucky`;

CREATE TABLE `fixture_activity_lucky` (
  `id` int(11) NOT NULL AUTO_INCREMENT,
  `uuid` char(32) NOT NULL COMMENT '创建者id',
  `companyid` int(11) DEFAULT NULL COMMENT '公司id',
  `storeid` int(11) DEFAULT NULL COMMENT '门店id',
  `cityid` int(11) DEFAULT NULL COMMENT '市id',
  `title` varchar(200) DEFAULT NULL COMMENT '标题',
  `sharetitle` varchar(255) DEFAULT NULL COMMENT '微信分享标题名称',
  `bgurl` varchar(255) DEFAULT NULL COMMENT '活动背景图',
  `makeurl` varchar(255) DEFAULT NULL COMMENT '立即抽奖图',
  `loseurl` varchar(255) DEFAULT NULL COMMENT '未中奖图',
  `resume` varchar(255) DEFAULT NULL COMMENT '摘要 简述',
  `startdate` datetime DEFAULT NULL COMMENT '开始日期',
  `enddate` datetime DEFAULT NULL COMMENT '结束日期',
  `ispeoplelimit` tinyint(1) DEFAULT '0' COMMENT '是否人数限制，默认 0，0不限制 1限制 ',
  `peoplelimitnum` int(11) DEFAULT NULL COMMENT '限制参与的人数',
  `ischancelimit` tinyint(1) DEFAULT '0' COMMENT '是否限制总抽奖机会 ，0不限制 1限制',
  `chancelimitnum` int(11) DEFAULT NULL COMMENT '每人最多的抽奖机会',
  `everywinnum` int(11) DEFAULT NULL COMMENT '每人中奖次数',
  `winpoint` decimal(10,2) DEFAULT NULL COMMENT '总中奖率,例如页面 30%=0.3,这意味着每10次抽奖3次获奖',
  `ishasconnectinfo` tinyint(1) DEFAULT '1' COMMENT '是否有联系信息  0无（关闭） 1有（参与前填写） 2有（参与后填写）',
  `isonline` tinyint(4) DEFAULT '1' COMMENT '是否上线 1上线 0下线',
  `status` tinyint(1) DEFAULT '1' COMMENT '状态 默认1，0不显示 1显示',
  `userid` int(11) DEFAULT NULL COMMENT '创建者，对应用户表id',
  `created_at` datetime DEFAULT NULL COMMENT '创建时间',
  `updated_at` datetime DEFAULT NULL COMMENT '修改时间',
  PRIMARY KEY (`id`)
) ENGINE=InnoDB AUTO_INCREMENT=43 DEFAULT CHARSET=utf8 COMMENT='抽奖活动';

/*Data for the table `fixture_activity_lucky` */

insert  into `fixture_activity_lucky`(`id`,`uuid`,`companyid`,`storeid`,`cityid`,`title`,`sharetitle`,`bgurl`,`makeurl`,`loseurl`,`resume`,`startdate`,`enddate`,`ispeoplelimit`,`peoplelimitnum`,`ischancelimit`,`chancelimitnum`,`everywinnum`,`winpoint`,`ishasconnectinfo`,`isonline`,`status`,`userid`,`created_at`,`updated_at`) values (18,'870afa8a704e4cba8de05d76f57a8112',9,44,610100,'田英敏在测试新建活动','田英敏在测试新建活动','lucky/f09e45b22185d8c8caa2f1524e779e44/gpmVbSmbxQPNYa3QchIu4IQsILnyBCprtg5MLJYE.jpeg','lucky/f09e45b22185d8c8caa2f1524e779e44/WFpijfEQ9z1BcAvCtC6kj3tCB1inlAIzPcsippvT.jpeg','lucky/f09e45b22185d8c8caa2f1524e779e44/nAHtDdLW4V8nlkPGGLjal8rTPZer01HLRBVYJQK6.png','抽奖是由消费者填写参加抽奖表格并寄回厂家，厂家抽出得奖者后，给予中奖的消费者奖金或奖品，如旅游活动、手机、轿车等。抽奖活动的奖金或奖品通常都相当吸引人，因此虽然中奖率不高，但是常吸引许多消费者的投人。','2018-05-24 10:14:33','2018-05-26 00:00:00',0,0,0,0,1,'0.20',1,1,1,24,'2018-05-24 10:16:11','2018-05-24 11:07:05'),(24,'07a5a552ff4a8e0eaa216491be507c16',2,46,610100,'活2-1','活2-1Wx','lucky/5f8c38a62b088fb045be85d478c69bd7/zXFkGUXRsefqQBupAiwpxMppTAscIY6vBe5w98nx.jpeg','lucky/5f8c38a62b088fb045be85d478c69bd7/pg2Jrx7GFFQJZQ20fBsr0Ncjj5zelQLQuSun2rnf.jpeg','lucky/5f8c38a62b088fb045be85d478c69bd7/CY4xgESwpWhDBUUXelQfPGujrtlO9jnsjML1GTch.jpeg','活2-1活2-1活2-1','2018-05-25 10:59:58','2018-05-31 00:00:00',1,2,1,3,2,'0.03',2,0,1,2,'2018-05-25 11:01:44','2018-05-30 17:47:29'),(25,'786342430808121a721ac82433115097',2,47,610100,'活2-2','活2-2','lucky/786342430808121a721ac82433115097/SHY897fcXlMjKdqj5tfJOyvDpjOghUOzaKIqovD3.jpeg','lucky/786342430808121a721ac82433115097/ulhUPlIkWIMnd1ZnWCVGQKkOoWshNNNXthVgVQz8.jpeg','lucky/786342430808121a721ac82433115097/fSJEueui8ld3CLSwTvqRH0LPm58NuC9VwQrVSMVU.jpeg','活2-2活2-2活2-2','2018-05-25 11:05:41','2018-05-31 00:00:00',0,0,0,0,2,'0.03',2,1,1,2,'2018-05-25 11:07:42','2018-05-30 17:47:24'),(26,'550d97dc2f54c6612b860a2dddbefe28',8,43,110100,'测试抽奖','灌灌灌灌','lucky/550d97dc2f54c6612b860a2dddbefe28/DybfTmgNIB9d3A5XHydqgz7o8VT9bVpP7SxZ5yTu.jpeg','lucky/550d97dc2f54c6612b860a2dddbefe28/7PcfPMf5qYias8b8iR8VD75erieapnz6Od2i9Ksp.jpeg','lucky/550d97dc2f54c6612b860a2dddbefe28/y8AW0lg1DfnJO3flXAUGXizdJp8qMQAQXjOv1Cod.jpeg','好利来或或或或或或或或或或或或或或或或或或或或或或或或或或或或或或或或或或或','2018-05-25 11:40:36','2018-05-25 11:40:39',0,0,0,0,3,'0.03',1,0,1,25,'2018-05-25 11:43:13','2018-06-05 11:57:17'),(27,'a92f82c807f983599657bd0536d08d39',9,50,210100,'618欢乐促销','618欢乐促销','lucky/a73a7229b731fc9cbd62401805b9826c/02mOnvrffDPzHN46neK8vzVfgn3wKJGmeYHSSoAm.jpeg','lucky/a73a7229b731fc9cbd62401805b9826c/Poh7jMtSdjUa8Y9B73d05RWWYWQAVeU3SYrnkXTc.png','lucky/a73a7229b731fc9cbd62401805b9826c/10WYGUKm3Uq3TaAWfSujd6B6YyaaNc0hc4XyfDYc.jpeg','婚庆抽奖转盘是个非常漂亮的系统，用心型做转盘外形，添加美丽特效；非常适合婚礼时为活跃氛围与增添欢快度而使用；\n背景音乐可以随意更换，好可以多曲自动轮换播放；\n建议用于带触屏功能的投影或电脑使用，效果会更加显着；','2018-05-30 11:27:00','2018-05-30 11:27:03',0,0,1,1,1,'0.01',1,1,1,24,'2018-05-30 11:49:46','2018-05-31 09:24:16'),(28,'0018ed19caaf41ef92f3b13c755eaaa1',2,48,610100,'activity2-3','activity2-3','default/lucky/activebg.jpg','default/lucky/brginprize.png','default/lucky/noprize.png','activity2-3',NULL,NULL,0,0,0,0,NULL,NULL,2,0,1,2,'2018-05-30 17:27:27',NULL),(29,'2e6e8a5b8324c46ea9d70a38903d3f54',9,50,210100,'2018612测试','2018612测试','lucky/2e6e8a5b8324c46ea9d70a38903d3f54/lKSBtRt0tFhazIyzixQuqFoKLDDaXXnN8IigpgpY.jpeg','lucky/9c328d45bf8f82e4e797bfdefc3a237d/ffznDbnJpkVXewz3VMw5fuDXH4aIi8Z1I1jZCfue.png','lucky/9c328d45bf8f82e4e797bfdefc3a237d/gv5mgsmpok5Soi2dVE7i5I1SnQMTypvbu2TImWm9.png','2018612测试','2018-06-02 14:51:58','2018-06-02 14:52:01',0,0,0,0,NULL,NULL,2,0,1,24,'2018-06-02 14:53:29','2018-06-02 15:05:40'),(30,'7be5a32ec19ef88c408189335bb0c258',12,55,610100,'开心大转盘','嘿嘿嘿','lucky/6b2b47ae4818561798136abf1341bbfa/xKWPw1ANs43UAopg2hZP41O1XVUDfzzuBhJawhzN.jpeg','lucky/6b2b47ae4818561798136abf1341bbfa/GuOZv8uwguYYG2uaombdSTOtMV1EnazKNc9HODkn.png','lucky/6b2b47ae4818561798136abf1341bbfa/NStRhFK5xKt11jEzw3LX2K55jUWgQcwoZidv9hha.png','滚滚滚','2018-06-05 11:39:12','2018-06-05 11:39:17',0,0,0,0,1,'0.01',1,1,1,39,'2018-06-05 11:40:30','2018-06-05 13:54:44'),(31,'e0890170884c139a961fc1dede444ae0',12,62,610100,'开心大转盘滚滚滚','灌灌灌灌','lucky/956eca70b36dc3d443588f0aae9e8928/Y88E26nKnBKBsFmGEmG0yKIF1FWzgQzgQNi8ijWf.png','lucky/956eca70b36dc3d443588f0aae9e8928/FN812xUyfjH2qlCRHa1c13WjsegESgeMx1kpKvaR.png','lucky/956eca70b36dc3d443588f0aae9e8928/w1PLH1Yb7FmkWZD7uiAOrQ7F3tng5VNxjzZrHwNB.png','灌灌灌灌灌过过过过过过过','2018-06-05 14:50:34','2018-06-05 14:50:38',0,0,0,0,1,'0.01',1,1,1,39,'2018-06-05 14:52:52','2018-06-05 14:52:59'),(32,'766e4fb0ded7fd383b3bd2dbf6f19f99',12,66,610100,'嘿嘿嘿哈哈哈哈或','灌灌灌灌','lucky/7c60e7613964c262259ac024687e91a6/FHu2H3YvR3OzRzXMozPSxKGwrTBXFEHyVzR17ORU.jpeg','lucky/7c60e7613964c262259ac024687e91a6/yfftYsFL2eQReHpxWIu51vW5V6Ka0yH2hv3MfEWZ.jpeg','lucky/7c60e7613964c262259ac024687e91a6/MAYHylE8j1WQYOuiC3wfx78Z0pjb1YfacloilOVw.jpeg','哈哈哈哈或或或或或或或或或或或或或','2018-06-05 15:37:47','2018-06-05 15:37:50',1,20,1,1,1,'0.01',1,1,1,39,'2018-06-05 15:39:08','2018-06-05 15:40:50'),(33,'af1199b28e8884b7b5f95164866fbbf1',2,47,610100,'活2-2_1','活2-2_1','lucky/af1199b28e8884b7b5f95164866fbbf1/kElj7ADiwIuMFkv0aLQjZArh1Vz8uWX8lkljWxW3.jpeg','lucky/af1199b28e8884b7b5f95164866fbbf1/2bJwwFVmEXSYHHBnwxe7iN47ClKz21BIlHQRqi6y.jpeg','lucky/af1199b28e8884b7b5f95164866fbbf1/Flq6Q2PihTvby94eZakuzkKMOej8vjZ4hDpDMGry.jpeg','活2-2_1','2018-06-05 17:03:47','2018-06-27 00:00:00',0,0,0,0,2,'0.03',2,0,1,2,'2018-06-05 17:05:45',NULL),(34,'fbfea1dc146578f1463895eabbf9ba77',2,47,610200,'活2-2_2','活2-2_2','default/lucky/activebg.jpg','default/lucky/brginprize.png','default/lucky/noprize.png','活2-2_2','2018-06-05 17:30:09','2018-06-30 00:00:00',0,0,0,0,NULL,NULL,2,0,1,2,'2018-06-05 17:30:14',NULL),(35,'cf56e0819616802d3de6de9e8f981bdf',12,62,210200,'gggg','gggg','default/lucky/activebg.jpg','default/lucky/brginprize.png','default/lucky/noprize.png','ggg','2018-06-05 18:03:09','2018-06-05 18:03:12',0,0,0,0,1,'0.01',1,1,1,39,'2018-06-05 18:04:10','2018-06-05 18:05:02'),(36,'632e749ce488f47fce03eb89c5271d43',12,66,210200,'eeee','111','default/lucky/activebg.jpg','default/lucky/brginprize.png','default/lucky/noprize.png','eeee','2018-06-05 18:04:19','2018-06-05 18:04:21',0,0,0,0,1,'0.01',1,1,1,39,'2018-06-05 18:05:19','2018-06-05 18:06:16'),(37,'5268c01ec33dc74a94b82a39185c12b5',20,68,610100,'开心大转好2','哈哈哈哈或','lucky/5268c01ec33dc74a94b82a39185c12b5/IBCZrvH2X9urSoB2hoU8nNSuI10GZh4Isz8njov9.png','default/lucky/brginprize.png','default/lucky/noprize.png','开心大转盘','2018-06-06 15:24:50','2018-06-08 15:24:53',1,3,1,3,1,'0.01',1,1,1,51,'2018-06-06 15:29:29','2018-06-06 16:32:05'),(38,'19953d2b506e102914a30bfad0ba4b04',20,69,310100,'开心转不停','滚滚滚','default/lucky/activebg.jpg','default/lucky/brginprize.png','default/lucky/noprize.png','开心转不停','2018-06-06 15:38:20','2018-06-09 00:00:00',0,0,0,0,1,'0.01',1,1,1,53,'2018-06-06 15:39:23','2018-06-06 15:40:35'),(39,'0646d0b8a99823476b6d01553a491175',20,71,310100,'灌灌灌灌灌过过过过过','2222','default/lucky/activebg.jpg','default/lucky/brginprize.png','default/lucky/noprize.png','灌灌灌灌灌过过过过过过','2018-06-06 00:00:00','2018-06-08 00:00:00',0,0,1,1,11,'0.01',1,0,1,51,'2018-06-06 16:05:44','2018-06-06 18:00:30'),(40,'105287e9a641fe128931fa376325ed3f',22,72,610100,'测试抽奖','测试抽奖','default/lucky/activebg.jpg','default/lucky/brginprize.png','default/lucky/noprize.png','测试抽奖测试抽奖测试抽奖','2018-06-07 00:00:00','2018-06-29 00:00:00',0,0,1,20,200,'1.00',2,1,1,54,'2018-06-07 15:37:51','2018-06-09 16:59:23'),(41,'b494d3c7f52bf18efc6322aaee6e4ee3',20,69,310100,'临时-test','临时-test','default/lucky/activebg.jpg','default/lucky/brginprize.png','default/lucky/noprize.png','临时-test','2018-06-08 17:29:07','2018-06-30 00:00:00',1,2,0,0,4,'0.30',2,1,1,51,'2018-06-08 17:30:54','2018-06-08 17:33:01'),(42,'1b63318c201f521be26033aa9369b0de',22,72,610100,'测试2','车是','default/lucky/activebg.jpg','default/lucky/brginprize.png','default/lucky/noprize.png','测试2测试2测试2','2018-06-09 00:00:00','2018-06-10 00:00:00',0,0,0,0,8,'0.20',1,1,1,54,'2018-06-09 13:49:32','2018-06-09 14:07:27');

/*Table structure for table `fixture_activity_lucky_prize` */

DROP TABLE IF EXISTS `fixture_activity_lucky_prize`;

CREATE TABLE `fixture_activity_lucky_prize` (
  `id` int(11) NOT NULL AUTO_INCREMENT COMMENT '主键id',
  `uuid` char(32) COLLATE utf8mb4_unicode_ci DEFAULT NULL COMMENT '唯一索引',
  `companyid` int(11) DEFAULT NULL COMMENT '公司id',
  `cityid` int(11) DEFAULT NULL COMMENT '城市id',
  `storeid` int(11) DEFAULT NULL COMMENT '门店id',
  `activityluckyid` int(11) DEFAULT NULL COMMENT '抽奖活动id',
  `name` varchar(255) COLLATE utf8mb4_unicode_ci DEFAULT NULL,
  `num` int(11) DEFAULT NULL COMMENT '数量',
  `lastnum` int(11) DEFAULT NULL COMMENT '剩余数量',
  `levelid` int(11) DEFAULT NULL COMMENT '奖品等级id',
  `levelname` varchar(255) COLLATE utf8mb4_unicode_ci DEFAULT NULL COMMENT '奖品等级名称',
  `picture` varchar(255) COLLATE utf8mb4_unicode_ci DEFAULT NULL,
  `userid` int(11) DEFAULT NULL COMMENT '创建者，对应用户表id',
  `created_at` datetime DEFAULT NULL COMMENT '创建时间',
  `updated_at` datetime DEFAULT NULL COMMENT '修改时间',
  PRIMARY KEY (`id`)
) ENGINE=InnoDB AUTO_INCREMENT=323 DEFAULT CHARSET=utf8mb4 COLLATE=utf8mb4_unicode_ci COMMENT='抽奖活动奖项';

/*Data for the table `fixture_activity_lucky_prize` */

insert  into `fixture_activity_lucky_prize`(`id`,`uuid`,`companyid`,`cityid`,`storeid`,`activityluckyid`,`name`,`num`,`lastnum`,`levelid`,`levelname`,`picture`,`userid`,`created_at`,`updated_at`) values (86,'9a82d329fc099eb1f984dd46f93796fc',2,610100,2,4,'dsd',2,NULL,2,'一等奖','lucky/1d357f7533e3bb8ea1c14b7a3a3d826f/6AjO4vpz2GvQfI7onxzBl45TYB6sbCerQKlUa6Z3.jpeg',2,'2018-05-21 18:28:31',NULL),(87,'2dd4569b6e4dd7877f6d993018ab562d',2,610100,2,4,'sdh',4,NULL,3,'二等奖',NULL,2,'2018-05-21 18:28:31',NULL),(88,'34bdaca0a6087cadfd6b6b59e705801c',2,610100,2,4,'sdh',4,NULL,4,'三等奖',NULL,2,'2018-05-21 18:28:31',NULL),(97,'3876fc60f92485ce14eb73e125f15e63',2,610100,3,2,'a12',1,NULL,2,'一等奖','lucky/d1e06207cb2e4252fdc30898144a4cdf/0eQsPunga7MRV9sgBcJvVMGJZtUd0mdtkvqPEdUr.jpeg',2,'2018-05-21 18:54:40','2018-05-22 16:32:40'),(98,'2dbe3fc0292fe08236679457c916caa8',2,610100,3,2,'a2',2,NULL,9,'八等奖','lucky/d1e06207cb2e4252fdc30898144a4cdf/3K9Hb3PEbuU7OsN5YpNT3d7VyTthfa4p3qbQ9Dz6.jpeg',2,'2018-05-21 18:54:40','2018-05-22 16:32:40'),(99,'7d870478232580c60182552cf3a853c5',2,610100,3,2,'a3',3,NULL,8,'七等奖','lucky/d1e06207cb2e4252fdc30898144a4cdf/1JLuPnYbSIrGj2RBzV7Rln3iONJxlAx63cVrQMJ4.jpeg',2,'2018-05-21 18:54:40','2018-05-22 16:32:40'),(105,'8f43f059acf1ad7c9d5edda5749bc7f2',2,610100,3,5,'wwww',1,NULL,2,'一等奖','lucky/1e985ecf7e4cd9db403a792b4a9b580c/yA4DVnXjWnz6Xy4TOW8McsaCZQSDjst9W1o9uZjC.jpeg',2,'2018-05-22 10:30:16',NULL),(106,'668566d12132caf9c31b8a807ad658f4',2,610100,3,5,'eeee',2,NULL,3,'二等奖','lucky/1e985ecf7e4cd9db403a792b4a9b580c/q1v82dBxiv9w1Rvf2SQRDFWVXVfEFDYqaDtaSHTE.jpeg',2,'2018-05-22 10:30:16',NULL),(107,'d64ca58757f25e372be14f52861b0ef4',2,610100,3,5,'rrrr',3,NULL,4,'三等奖','lucky/1e985ecf7e4cd9db403a792b4a9b580c/2HS5WQyaMnSUZz4Xc9B0LGnNz1QTz9VxzsN9nWVb.jpeg',2,'2018-05-22 10:30:16',NULL),(108,'8b3338bb58b235372fd1234457507ce0',2,610100,3,5,'ttttt',4,NULL,5,'四等奖','lucky/1e985ecf7e4cd9db403a792b4a9b580c/zxZyU0ELRW9FSFp7JyC3AO3u0Ze7XxDrAGPby12V.jpeg',2,'2018-05-22 10:30:16',NULL),(109,'f4d23bfa5ce878f089793f65f7b61c37',2,610100,3,5,'yyyyy',5,NULL,6,'五等奖','lucky/1e985ecf7e4cd9db403a792b4a9b580c/KrkDtzoZ24tD3ygOabkCQeIAM0djf2UB3LJ8Xms3.jpeg',2,'2018-05-22 10:30:16',NULL),(110,'e2b874f0a19dc731326de80cf87f6ae8',2,610100,3,5,'uuuuu',6,NULL,7,'六等奖','lucky/1e985ecf7e4cd9db403a792b4a9b580c/wBXkANZ79edEaATsYtl4Oq8dbLp8sASq4EoeEDd9.jpeg',2,'2018-05-22 10:30:16',NULL),(111,'bb3be06d6c783b8656c986910167581c',2,610100,3,5,'iiiii',7,NULL,8,'七等奖','lucky/1e985ecf7e4cd9db403a792b4a9b580c/bDuB4d3XQ9qgUJHUirplKCx3P21LaTMdHYdH68Sg.jpeg',2,'2018-05-22 10:30:16',NULL),(112,'309a5f96692fe64471e26b0ba5288ae0',2,610100,3,5,'ooooo',8,NULL,1,'谢谢参与','lucky/1e985ecf7e4cd9db403a792b4a9b580c/O3RLrT3KiN7kwuAwqIRzXXJ5cOw3tlyHgvbDYhsF.jpeg',2,'2018-05-22 10:30:16',NULL),(113,'d9b26c05fa8cac80c2485ab3278b470d',2,610100,3,2,'a4',4,NULL,7,'六等奖','lucky/d1e06207cb2e4252fdc30898144a4cdf/IDb7pbBWGyxGxFHb5H0twQIB9vRHhYiQjB27qVSn.jpeg',2,'2018-05-22 11:29:36','2018-05-22 16:32:40'),(114,'72b7203c262137467fbed5d0ee24ea8b',2,610100,3,2,'a5',5,NULL,6,'五等奖','lucky/d1e06207cb2e4252fdc30898144a4cdf/J4VNAt6XM0EVKlGODYP618W9bbBojMQMK3FUC7St.jpeg',2,'2018-05-22 11:30:05','2018-05-22 16:32:40'),(115,'422ee4393ea6c636af94c4924fede8de',2,610100,4,6,'aaaa',1,NULL,1,'谢谢参与','lucky/7908732eca9712ba94e314facfe168e7/fPKdq03hUrXoWD9wU68220qIajTZlOLdRwMtBarr.jpeg',2,'2018-05-22 11:31:20','2018-05-22 11:34:43'),(116,'fe41e94c5bc95f82d70779e1ed573e4f',2,610100,4,6,'bbbbb',2,NULL,2,'一等奖','lucky/7908732eca9712ba94e314facfe168e7/v1c3uP2wwYrbbErEAczh6Z3OndJiz69lYTXONnew.jpeg',2,'2018-05-22 11:31:20','2018-05-22 11:34:43'),(117,'55126eafd9c183bcb2cd54b601e29ad8',2,610100,4,6,'cccc',3,NULL,4,'三等奖','lucky/7908732eca9712ba94e314facfe168e7/5us0W5Te5ZSlWBqZXf0OMtH1vWuahbqLhS7MA3P4.jpeg',2,'2018-05-22 11:31:20','2018-05-22 11:34:43'),(118,'38c68b03da2140b07f5bc770bcb98958',2,610100,4,6,'dddd',4,NULL,5,'四等奖','lucky/b23698c2ff7f0eaa7541cfb3ba7f95c7/UTsgFQ08pSH4YJ3VFH3zDTbodgJgmsdSXBiM6Sj8.jpeg',2,'2018-05-22 11:32:06','2018-05-22 11:34:43'),(119,'ec722fd6aab7d6c91c4ecb3a6bdf9e75',2,610100,4,6,'eeee',5,NULL,6,'五等奖','lucky/8f008ca14bd1971fbfe8c8c7b324bc87/igqgGYVJ6ZT2KCXgiVvzxMBdoOJLH5iFWf4yfSxR.jpeg',2,'2018-05-22 11:32:29','2018-05-22 11:34:43'),(120,'a81c7c0c6c91c6bf9d2c08199df5c069',2,610100,4,6,'rrr',6,NULL,7,'六等奖','lucky/b237235e9c7a976a9d21e3ec4418df44/E9DkkFWbQudcq4ItKbH2uNC6z3PG7yCiF76LZJpE.jpeg',2,'2018-05-22 11:33:23','2018-05-22 11:34:43'),(121,'c57e148afa7504ffc0984c19794c98d6',2,610100,4,6,'hhhh',7,NULL,8,'七等奖','lucky/b237235e9c7a976a9d21e3ec4418df44/TA0QU6Ibl7x596MiBDIzFFBFEc5ODltM1UDX3OTj.jpeg',2,'2018-05-22 11:33:23','2018-05-22 11:34:43'),(122,'c1fca95304fa815cd6dbe744a9a9fefb',2,610100,4,6,'jjsss',8,NULL,9,'八等奖','lucky/b237235e9c7a976a9d21e3ec4418df44/GrVlE2hHqxVudicQpfZupy1z1ku3vBYRvq4v9E8M.jpeg',2,'2018-05-22 11:33:23','2018-05-22 11:34:43'),(123,'7288b0d0fd2cd4dbee869034f3d511c3',2,610100,2,7,'aaaa',3,NULL,1,'谢谢参与','lucky/22c7287e5f79338e0f61e77df56ebbd9/ABc3JDWzx0v3A3NvIoHW23CLA9JBlbHoCfwzMFgg.jpeg',2,'2018-05-22 16:58:50',NULL),(124,'32fc82b9de3638cf9344dd4e1d4909a1',2,610100,2,7,'bbbb',3,NULL,2,'一等奖','lucky/22c7287e5f79338e0f61e77df56ebbd9/JH3j1gZkEtzP0t6AXyA6m87X07NmEseNiI0Ij0ov.jpeg',2,'2018-05-22 16:58:50',NULL),(125,'6a994a2424bedaad85184e882943670a',2,610100,2,7,'ccc',5,NULL,3,'二等奖','lucky/22c7287e5f79338e0f61e77df56ebbd9/hcxShHDZp06H7CJChI1b92UjqrAq2JuwXU4nkPyS.jpeg',2,'2018-05-22 16:58:50',NULL),(126,'856fc192057805b8e22512d553bb1272',2,610100,2,7,'dd',6,NULL,4,'三等奖','lucky/22c7287e5f79338e0f61e77df56ebbd9/UuFdckYEqmSbqHm1KGiW0OwWO7R0aFPIZENxFyhW.jpeg',2,'2018-05-22 16:58:50',NULL),(127,'959048e3ce3e3e660aaa273c605723ab',2,610100,2,7,'ffff',7,NULL,5,'四等奖','lucky/22c7287e5f79338e0f61e77df56ebbd9/sxH1pxZrPyfG87YkDfW9tyucifnloYzbOJooAmYn.jpeg',2,'2018-05-22 16:58:50',NULL),(128,'035b6c976d780d8302dbe295808467b7',2,610100,2,7,'dddd',8,NULL,6,'五等奖',NULL,2,'2018-05-22 16:58:50',NULL),(129,'d61b7b2bc6b6560844823a39b7cfabb3',2,610100,2,7,'hhshd',9,NULL,7,'六等奖',NULL,2,'2018-05-22 16:58:50',NULL),(130,'e6dfcceaaf076d776ff2979d092cb38b',2,610100,2,7,'agsdgas',2,NULL,8,'七等奖',NULL,2,'2018-05-22 16:58:50',NULL),(131,'30f2f6bd79513096832c4536f67cb349',2,610100,4,8,'qqew',3,NULL,1,'谢谢参与','lucky/802cbe78e114156ac5e73fee2ff2a59a/5WnaX1pfUa1SY9aRmLE8rt5kx1oxlBqYcucPEEa9.jpeg',2,'2018-05-22 17:04:44',NULL),(132,'eff92d04fc8189ff487b62b19eec89b9',2,610100,4,8,'twet',4,NULL,2,'一等奖','lucky/802cbe78e114156ac5e73fee2ff2a59a/vUTdy6NBYWwp57vHO4MFu1OlEy1JALcYyk67cpmt.jpeg',2,'2018-05-22 17:04:44',NULL),(133,'4f1b8b8cec5bd7297ae361d654f120be',2,610100,4,8,'ewew',2,NULL,3,'二等奖','lucky/802cbe78e114156ac5e73fee2ff2a59a/TDXa7InWS9E13isONEVQSpUUWGcYzmWskLrCdbCJ.jpeg',2,'2018-05-22 17:04:44',NULL),(134,'5447b623244e70fb5aa0fc6917df6a7e',2,610100,4,8,'ryewr',2,NULL,4,'三等奖','lucky/802cbe78e114156ac5e73fee2ff2a59a/q8A2wcRxpk0L7Mf6ee3pzT6MjzjVlar0meo3W6qa.jpeg',2,'2018-05-22 17:04:44',NULL),(135,'b14abb44755a0b7b45b8332701a402fc',2,610100,4,8,'etqwe',3,NULL,5,'四等奖',NULL,2,'2018-05-22 17:04:44',NULL),(136,'43edb012a50a9005291e0468689f1b84',2,610100,4,8,'wqe',5,NULL,6,'五等奖',NULL,2,'2018-05-22 17:04:44',NULL),(137,'07d9b14c7e619e05dcb029958ee647c4',2,610100,4,8,'weqtwet',2,NULL,7,'六等奖',NULL,2,'2018-05-22 17:04:44',NULL),(138,'d5bf91ecf7301ec01b9e8cc3d347d26c',2,610100,4,8,'qwetqwet',5,NULL,8,'七等奖',NULL,2,'2018-05-22 17:04:44',NULL),(139,'cbdd2b43f4222db81d82ce7c823a2d00',2,610100,2,14,'sdfh',4,NULL,1,'谢谢参与','lucky/d037c8678a84b62ef7d8351791231f3a/VMqSJGPgRNZBRugiNIjy52AQ4Awk6tWdqL1aNChp.jpeg',2,'2018-05-22 17:27:51',NULL),(140,'98877c75687f3d43b1b3847b293a0722',2,610100,2,14,'sdfh',46,NULL,2,'一等奖','lucky/d037c8678a84b62ef7d8351791231f3a/MrfXpZaarribxfRwEhtDM3jhVYXeXcuWmESRjYJE.jpeg',2,'2018-05-22 17:27:51',NULL),(141,'d70a50f6b6ff293246eb58f61c602997',2,610100,2,14,'dfh',46,NULL,3,'二等奖','default/lucky/prize2.png',2,'2018-05-22 17:27:51',NULL),(142,'1a357caf55da68a076e68813b773641c',2,610100,2,14,'sdfh',3,NULL,4,'三等奖','default/lucky/prize3.png',2,'2018-05-22 17:27:52',NULL),(143,'a8b0053fcfa4a67383d87d1afc22f356',2,610100,2,15,'sfdh',4,NULL,1,'谢谢参与','default/lucky/prize9.png',2,'2018-05-22 17:37:42',NULL),(144,'a1cd7faf3bd7f6f1c3714035ef48aa07',2,610100,2,15,'sddg',6,NULL,2,'一等奖','default/lucky/prize1.png',2,'2018-05-22 17:37:42',NULL),(145,'2a4c3ebb652a87e75a5ddd1fae131ca2',2,610100,2,15,'sdhdfh',6,NULL,3,'二等奖','default/lucky/prize2.png',2,'2018-05-22 17:37:42',NULL),(146,'b4ce787c5b64cf47e628208e663e3e40',2,610100,3,16,'hh',4,NULL,1,'谢谢参与','default/lucky/prize9.png',2,'2018-05-22 17:42:50',NULL),(147,'416abcafe95579f4a1f99e02a3902543',2,610100,3,16,'ss',6,NULL,2,'一等奖','default/lucky/prize1.png',2,'2018-05-22 17:42:50',NULL),(148,'cd2b74bcebc68674a616a6b9b6f3dc37',2,610100,3,16,'hasdh',7,NULL,3,'二等奖','default/lucky/prize2.png',2,'2018-05-22 17:42:50',NULL),(149,'73704e3ced2b2b6e90afb9b640411665',2,610100,1,17,'asdg',3,NULL,1,'谢谢参与','lucky/1693e9393ebf2d96ed55782a93e5c168/tm9PjfqNWAUKpoyQ2IWvI3eD9IkL9Eb0q3A2urDw.jpeg',2,'2018-05-23 15:43:36','2018-05-23 15:44:10'),(150,'bbdabfc948dc6c4e59dcc6e7643134bb',2,610100,1,17,'asdg',5,NULL,2,'一等奖','lucky/1693e9393ebf2d96ed55782a93e5c168/9Q5Y0PapbPNVYhfKzCMMqRBjzdroUh8kPmog910n.jpeg',2,'2018-05-23 15:43:36','2018-05-23 15:44:10'),(151,'ff5618537f1a8e886aaf2973a0875258',2,610100,1,17,'agsdg',6,NULL,3,'二等奖','default/lucky/prize2.png',2,'2018-05-23 15:44:10',NULL),(152,'79c6254fa60d8403e43b11c5184a96a5',2,610100,1,17,'adshgsd',3,NULL,4,'三等奖','default/lucky/prize3.png',2,'2018-05-23 15:44:10',NULL),(153,'78ce1d84d328556ee6418e476a891b99',9,610100,44,18,'奖品1',678,NULL,2,'一等奖','lucky/f8ccafbe78929455c25a641aab3b9ea1/v8y8I3FU2K36RTEwVeKCOOuptWSWnhT56mEgMla4.jpeg',24,'2018-05-24 10:21:03','2018-05-24 11:07:05'),(154,'b9a16f078e659ebe358237e4febac081',9,610100,44,18,'奖品2',78,NULL,3,'二等奖','lucky/c623051771b117dbb731232a55e3e8c9/Mi4hgY1YMO7qG1W2wJGOArEjXcJstkMsMcmducTq.jpeg',24,'2018-05-24 10:21:03','2018-05-24 11:07:05'),(155,'5c8938d5494202c086ddbd5122ce595c',9,610100,44,18,'奖品3',678,NULL,4,'三等奖','lucky/c623051771b117dbb731232a55e3e8c9/Nljdx61kqF1A9z2VLxXWJSOjnj7a9DL43jLsg1YN.jpeg',24,'2018-05-24 10:21:03','2018-05-24 11:07:05'),(156,'8d74d77d07174c22bab74b916762bba4',9,610100,44,18,'奖品4',678,NULL,5,'四等奖','lucky/c623051771b117dbb731232a55e3e8c9/DjNdGL1Pafc4wBEiRp1e0VuZNuzJq0hGeTgQ1Cv0.jpeg',24,'2018-05-24 10:21:03','2018-05-24 11:07:05'),(157,'375b8da213d5e819ed41f122148b699b',9,610100,44,18,'奖品5',678,NULL,6,'五等奖','lucky/c623051771b117dbb731232a55e3e8c9/BXSKNareq4seaB31uCSAwT2UiZ6wjiGxVV2UJzIi.jpeg',24,'2018-05-24 10:21:03','2018-05-24 11:07:05'),(158,'66e1393a9565ccd1ad797c5986e75a53',9,610100,44,18,'奖品6',678,NULL,7,'六等奖','lucky/c623051771b117dbb731232a55e3e8c9/KlzwLCrrXswJsXHk9AkPioSHSEb0M20d8P88OykG.jpeg',24,'2018-05-24 10:21:03','2018-05-24 11:07:05'),(159,'f858a5889209d25cbca3093ef00a6cd6',9,610100,44,18,'奖品7',678,NULL,8,'七等奖','lucky/c623051771b117dbb731232a55e3e8c9/C8aCo810Ixu3tFjcSdGt7zF9mIOYmB5Nw0RGpwoo.jpeg',24,'2018-05-24 10:21:03','2018-05-24 11:07:05'),(160,'ed56b134c96723044c1e2ae94c08e31b',9,610100,44,18,'奖品8',678,NULL,9,'八等奖','lucky/c623051771b117dbb731232a55e3e8c9/iHz3F8O3f1z1xLUpA1uduSBtPOJmRtEiduzrWpW3.jpeg',24,'2018-05-24 10:21:03','2018-05-24 11:07:05'),(161,'de8d0b57f6f15c2e990ef4b6b6dd236f',2,610100,2,19,'ag',3,NULL,1,'谢谢参与','lucky/ebcabfa94346ac8b2f604364a9dbecba/wn9eqcTh0Cdd4NZnLENhZ99y13tByXYg4vl9lxKl.jpeg',2,'2018-05-24 10:57:12','2018-05-24 10:57:46'),(162,'de0d085bead0ff6f01ee996b05660062',2,610100,2,19,'agasdg',4,NULL,2,'一等奖','lucky/ebcabfa94346ac8b2f604364a9dbecba/1ROjRU6q8qXL3kpwHMYXWsx4EArMSEO5XZ7Q9NIX.jpeg',2,'2018-05-24 10:57:12','2018-05-24 10:57:46'),(163,'3d1ebf88f52865e1c976138c2d7e7706',2,610100,2,20,'sfh',3,NULL,9,'八等奖','lucky/340113b3bef0e5114e8492b2fbad88aa/SO3H5tZ0z15V1QFeZ1k32GjEglZef7Y2vTxSSi7i.jpeg',2,'2018-05-24 11:01:40','2018-05-24 12:01:49'),(164,'9bb4976d125562c7056877d4cd2d3687',2,610100,2,20,'sss',3,NULL,2,'一等奖','lucky/d69dcff844dddad9faff5e41ab210be4/z1C5fiwaSrioLBioxQzX8L2XnYVqKZjxp8tbwcV9.jpeg',2,'2018-05-24 11:01:40','2018-05-24 12:01:49'),(165,'72eafc77cf4e94a4931c8d30665fa5cb',2,610100,2,20,'hh',4,NULL,3,'二等奖','lucky/d69dcff844dddad9faff5e41ab210be4/yiIp3yXaakyuhutkmwFzYaXqyHvf3Dx1lxXMx6Ou.jpeg',2,'2018-05-24 11:01:40','2018-05-24 12:01:49'),(166,'01828e5c6d78b860817a5dff1251d3c6',2,610100,2,20,'dsfh',4,NULL,4,'三等奖','lucky/d69dcff844dddad9faff5e41ab210be4/3SGf464S8kfMFOmDL9YGyyzabXhB2sUafuJibSRu.jpeg',2,'2018-05-24 11:01:40','2018-05-24 12:01:49'),(167,'f80ccb04dbcae5b93bb32740d449a5cc',2,610100,2,20,'sdfh',5,NULL,5,'四等奖','lucky/d69dcff844dddad9faff5e41ab210be4/xsk3YSPupXfXuPwCMlRAnlbTxtTccUMyAjnKaDSr.jpeg',2,'2018-05-24 11:01:40','2018-05-24 12:01:49'),(168,'25e3a68de974e61feeb93c02358ff18a',2,610100,2,20,'sdfh',5,NULL,6,'五等奖','lucky/d69dcff844dddad9faff5e41ab210be4/mTgrwDU3J5De1ObT04QRm2kTeeKZ7iGNeoa3a6MY.jpeg',2,'2018-05-24 11:01:40','2018-05-24 12:01:49'),(169,'1fe3b40cb684e7465c1176994083f0e3',2,610100,2,20,'sdfh',3,NULL,7,'六等奖','lucky/d69dcff844dddad9faff5e41ab210be4/9fi0JkbLdUn5yoFuYNCelx0iAdNrpVGh1E9WRvcU.jpeg',2,'2018-05-24 11:01:40','2018-05-24 12:01:49'),(170,'43c7ec6b293d52ebd73fc82364405dc7',2,610100,2,20,'sdfh',3,NULL,8,'七等奖','lucky/340113b3bef0e5114e8492b2fbad88aa/MmH4KCMBTrlvoA3lHqUM047eaDYWV6ywS3D6g5QK.jpeg',2,'2018-05-24 11:01:40','2018-05-24 12:01:49'),(171,'8265c8715a8bdc28fd05a32a0ac51cf9',2,610100,2,21,'1111',3,NULL,2,'一等奖','lucky/94026e29e2db02c0b8ce1bf07d7aefca/t6WEWfLeryFjUSbIwLLr24S348zvX2nM4Lqgc934.jpeg',2,'2018-05-24 11:09:38',NULL),(172,'b49dc6442491cba7bac8dbc35c900f76',2,610100,2,21,'2222',3,NULL,3,'二等奖','lucky/94026e29e2db02c0b8ce1bf07d7aefca/ZAkVMtS1AH4483XUw6Q1Spgx9NzS2BGuBZNk8NrW.jpeg',2,'2018-05-24 11:09:38',NULL),(173,'6f5b3daa2cd8cdf8c0d9f41665f2d571',2,610100,2,21,'3334',3,NULL,4,'三等奖','lucky/94026e29e2db02c0b8ce1bf07d7aefca/reZw0IHHWiylulCByxsYPmgzVf4fqh5vV2RUr7XO.jpeg',2,'2018-05-24 11:09:38',NULL),(174,'de8182c230dde9ce569c148470787dff',2,610100,2,21,'4444',3,NULL,5,'四等奖','lucky/94026e29e2db02c0b8ce1bf07d7aefca/XCGLGKFAhMAWgMiM0ct7VdeohrcriPoLZAEK2Khv.jpeg',2,'2018-05-24 11:09:38',NULL),(175,'0687d8794250df3cf06b87e260c7b8e8',2,610100,2,21,'5555',3,NULL,6,'五等奖','lucky/94026e29e2db02c0b8ce1bf07d7aefca/GKvHCZFzwByhFIukjZN2MomnMuL7ZWSXWtYSxSFc.jpeg',2,'2018-05-24 11:09:38',NULL),(176,'5d7f9647a918ae754195f66ce8a896ff',2,610100,2,21,'6666',3,NULL,7,'六等奖','lucky/94026e29e2db02c0b8ce1bf07d7aefca/CfyvBP9RV4bhbhFcKE0Iz28RpC7fJzRg5Yc6bTGG.jpeg',2,'2018-05-24 11:09:38',NULL),(177,'a6cb49b662781ab0a7dadcbbdc5ed8c8',2,610100,2,21,'7777',3,NULL,8,'七等奖','lucky/94026e29e2db02c0b8ce1bf07d7aefca/gHxUjlsnbUkRqsr4n8ax0HMBXnjQgVrEnoir3bnL.jpeg',2,'2018-05-24 11:09:38',NULL),(178,'6a431910b69ae952ae3a5d204bcdeb5e',2,610100,2,21,'8888',3,NULL,9,'八等奖','lucky/94026e29e2db02c0b8ce1bf07d7aefca/4ke2y8SkRArq8NisxFYEP5blAxSLogi1vMPZ1CDH.jpeg',2,'2018-05-24 11:09:38',NULL),(179,'45686199c1f0f7cdd3f07114b52e6055',9,610100,45,22,'奖品1',345,NULL,1,'谢谢参与','lucky/80bf2209716bee04075d60b13ff689eb/zKnCowNjAYyTi19JYRQjf5Gf8FRgmFPoFcKAjCo9.jpeg',24,'2018-05-24 14:49:19','2018-05-24 14:49:29'),(180,'f30c87c50fb14fe4925c6eb7dccf6f0b',9,610100,45,22,'奖品1',345,NULL,2,'一等奖','lucky/80bf2209716bee04075d60b13ff689eb/H2dOI9lsIYMMjHMSCxU14hFeLyrd6iVRJZMgOhCm.jpeg',24,'2018-05-24 14:49:19','2018-05-24 14:49:29'),(181,'af64ee7ae05a8490a7bf0063549245fc',9,610100,45,22,'奖品1',345,NULL,3,'二等奖','lucky/80bf2209716bee04075d60b13ff689eb/pzfcyfP0WyR25ejCzM8iqn5cbgW5P1yLDYcSE6nK.jpeg',24,'2018-05-24 14:49:19','2018-05-24 14:49:29'),(182,'f9953a326dd2e23d88888b34bce1b2e6',9,610100,45,22,'奖品1',345,NULL,5,'四等奖','lucky/80bf2209716bee04075d60b13ff689eb/2IwSmAyB3mpPJsXrPZUKdBoloS4AeWgN6xD5qsjS.jpeg',24,'2018-05-24 14:49:19','2018-05-24 14:49:29'),(183,'eab2dd73dcbc0ed52a612b602dd0e055',9,610100,45,22,'奖品1',345,NULL,6,'五等奖','lucky/80bf2209716bee04075d60b13ff689eb/0WuZnBz1Tqa1yeh5on5RhpjYxHPmXaRXFWArMN3u.png',24,'2018-05-24 14:49:19','2018-05-24 14:49:29'),(184,'4fc91f8215c86b46711d5e469d1a1975',9,610100,45,22,'奖品1',345,NULL,7,'六等奖','lucky/80bf2209716bee04075d60b13ff689eb/HHbACZ8EJtAygOHwPTPkTVVidd2A7fhnQimwhltJ.jpeg',24,'2018-05-24 14:49:19','2018-05-24 14:49:29'),(185,'e68d24ccdfe8d3e931e1e582f998a382',9,610100,45,22,'奖品1',345,NULL,8,'七等奖','lucky/80bf2209716bee04075d60b13ff689eb/9gkWMaYu7QbTh5Gom9ENDnwYGh9mds2aSunbVzDJ.jpeg',24,'2018-05-24 14:49:19','2018-05-24 14:49:29'),(186,'5721b990ab7238ec2fe04dd072be54ef',9,610100,45,22,'奖品1',345,NULL,9,'八等奖','lucky/80bf2209716bee04075d60b13ff689eb/E1ugsQAdEMud7yEh2ga98Ib9ZJdfAEomzc40Ycnx.jpeg',24,'2018-05-24 14:49:19','2018-05-24 14:49:29'),(187,'15d32c4577f719225ab65dfd604f23d1',2,610100,46,23,'dss',3,NULL,3,'二等奖','lucky/b8f198097e4f181b485ff9f24a3a3c22/8UtIrinFLyIntxaHAPlS0X4QZcwFxGAiAczId9Lv.jpeg',2,'2018-05-25 09:37:54',NULL),(188,'a1e53d694f2e7d3e352c65ef12f27b3f',2,610100,46,23,'sda',3,NULL,4,'三等奖','lucky/b8f198097e4f181b485ff9f24a3a3c22/3qsjaDBQM02zYvOyegovo8ca96E92TDTsDtwuH7g.jpeg',2,'2018-05-25 09:37:54',NULL),(189,'aad247a65aed7a917248bea5f8f59af7',2,610100,46,23,'hhh',3,NULL,5,'四等奖','lucky/b8f198097e4f181b485ff9f24a3a3c22/cxtN0PICNowHNKKcjj3L5WWxyjzyNUOOhe0EqWRj.jpeg',2,'2018-05-25 09:37:54',NULL),(190,'a693981ee952a21739190cc86b32e7c0',2,610100,46,23,'adsd',4,NULL,2,'一等奖','lucky/b8f198097e4f181b485ff9f24a3a3c22/gzN1hQKcIhtthJEwqkDkV1uJ7MSTRjqqAOi83qIN.jpeg',2,'2018-05-25 09:37:54',NULL),(191,'332f4897936cb035d96471c67f55d6f4',2,610100,46,23,'adsg',5,NULL,6,'五等奖','lucky/b8f198097e4f181b485ff9f24a3a3c22/k20ISqhLi5LtnhjEhoLJg1O20Xnyw3VQJC4LmPmE.jpeg',2,'2018-05-25 09:37:54',NULL),(192,'9ed522983dde0a3776f8780e370b6191',2,610100,46,23,'sdfhdsf',5,NULL,7,'六等奖','lucky/b8f198097e4f181b485ff9f24a3a3c22/049B5NOHH8APyRlvnKzmaP6afU5ewyCbCg7vS709.jpeg',2,'2018-05-25 09:37:54',NULL),(193,'fd4342394b48960ccb3fdd43088a0690',2,610100,46,23,'sdfh',2,NULL,8,'七等奖','lucky/b8f198097e4f181b485ff9f24a3a3c22/XF1mDqu9emuazbGrRdSTmkH432woMmhANrZPOtiu.jpeg',2,'2018-05-25 09:37:54',NULL),(194,'69d20e9c038bc494b9aae42d1c7ef414',2,610100,46,23,'asasdas',3,NULL,9,'八等奖','lucky/b8f198097e4f181b485ff9f24a3a3c22/ip106Ir9eUh1PNoCcQE7SeB61IglBktckEGpaa57.jpeg',2,'2018-05-25 09:37:54',NULL),(195,'38ca551d715dbc5eb1c4b40afceb5d04',2,610100,46,24,'a1',2,NULL,4,'三等奖','lucky/9ec2146cad635f7f2be8396229394507/q5u9H6BD3xxLcYcXpog8OlfvjnkJTw2fMV551xdA.jpeg',2,'2018-05-25 11:04:27','2018-05-25 11:04:55'),(196,'f835935e8f60adaf62fa952775adaddc',2,610100,46,24,'a2',3,NULL,5,'四等奖','lucky/9ec2146cad635f7f2be8396229394507/pFXLK8W9zOi7WX7DcAtKPhk3uZ1xzh8j6dZJpjxA.jpeg',2,'2018-05-25 11:04:27','2018-05-25 11:04:55'),(197,'a1693dcae18d105cff8b0da5f1a530fc',2,610100,46,24,'a3',3,NULL,7,'六等奖','lucky/9ec2146cad635f7f2be8396229394507/7LA32TpLEbYuhxVLoNa2Ly1rXM6l7cjYHYfCJoMm.jpeg',2,'2018-05-25 11:04:27','2018-05-25 11:04:55'),(198,'590b69648bd25e4cbfdf3eaabc5efa5f',2,610100,46,24,'a4',2,NULL,6,'五等奖','lucky/9ec2146cad635f7f2be8396229394507/ipB7DYfs2fuG24jywJYOHfaO4KCzp7XTIIAe4P5Z.jpeg',2,'2018-05-25 11:04:27','2018-05-25 11:04:55'),(199,'883b8254c3ea210f95b393f64b172f43',2,610100,46,24,'a5',4,NULL,2,'一等奖','lucky/9ec2146cad635f7f2be8396229394507/SSqa5DGBPaSUxkkrg55EIf7KCz9sM4MBxRk7wUrm.jpeg',2,'2018-05-25 11:04:27','2018-05-25 11:04:55'),(200,'d1da307628120bfa973928bf49662987',2,610100,46,24,'a6',4,NULL,3,'二等奖','lucky/9ec2146cad635f7f2be8396229394507/NpsmhkMcCB1ka2SP4iZwier23WJ9BPHmZR4NU0EU.jpeg',2,'2018-05-25 11:04:27','2018-05-25 11:04:55'),(201,'af633c68fb69895ada78d7b1aff19d6d',2,610100,46,24,'a7',5,NULL,9,'八等奖','lucky/9ec2146cad635f7f2be8396229394507/WaG1deYsCeD0oaZutRqw7nQOW27DpiyUZmnWkHMB.jpeg',2,'2018-05-25 11:04:27','2018-05-25 11:04:55'),(202,'8d3744355fea8cf081b1e41c546eb797',2,610100,46,24,'a8',2,NULL,8,'七等奖','lucky/9ec2146cad635f7f2be8396229394507/GlDR3ePFkbmKCwA8JDJNqeIv5WEe1BqWMqDL2YXa.jpeg',2,'2018-05-25 11:04:27','2018-05-25 11:04:55'),(203,'24d4628d9fc66c09e0dd2268d6b2152b',2,610100,47,25,'b1',1,NULL,2,'一等奖','lucky/786342430808121a721ac82433115097/n3TYXZU3J5UzQgMM3tI4AjdjaeLIAvuekb4KWKZV.jpeg',2,'2018-05-25 11:07:42',NULL),(204,'d20d3b312bfd97c4eed833a92fc9eeae',2,610100,47,25,'b2',2,NULL,4,'三等奖','lucky/786342430808121a721ac82433115097/aZRIrewYefg81zBq750GTGtidrFNaLSKCCHfrvLP.jpeg',2,'2018-05-25 11:07:42',NULL),(205,'bcf273567a9566a4522061256df0df20',2,610100,47,25,'b3',3,NULL,5,'四等奖','lucky/786342430808121a721ac82433115097/Yjes3OPezBv6Zi1jfQv7x61kdL5JzMfPYKtpsJdl.jpeg',2,'2018-05-25 11:07:42',NULL),(206,'b9e5ced366bf8ab4a8acd655ff795390',2,610100,47,25,'b4',4,NULL,6,'五等奖','lucky/786342430808121a721ac82433115097/ToRMUSr8doS93vQN9o5CIBRdxWEdpUamEi6yWp2I.jpeg',2,'2018-05-25 11:07:42',NULL),(207,'da6ebf141e3edbfd99f7e00ef3ae30bd',2,610100,47,25,'b5',5,NULL,7,'六等奖','lucky/786342430808121a721ac82433115097/ikwUeLPdQ486pDxDP5q4xo6IufjBl5QBxx0g7v1u.jpeg',2,'2018-05-25 11:07:42',NULL),(208,'3aa7f3d68f9553cfb54d2947c1921897',2,610100,47,25,'b6',2,NULL,8,'七等奖','lucky/786342430808121a721ac82433115097/nM69ZcBFUVXP4KHZ2ecFIOt0mOZhisA83bKZ9Y8M.jpeg',2,'2018-05-25 11:07:42',NULL),(209,'2630a2e87038e9962f18f2795a2c2e70',2,610100,47,25,'b7',3,NULL,9,'八等奖','lucky/786342430808121a721ac82433115097/UQPR3Or44trk1TeMcaJULnFLGFJo5Qfa54AGdPUI.jpeg',2,'2018-05-25 11:07:42',NULL),(210,'220ca4925543ba67d63e6ef65a215fc4',2,610100,47,25,'b8',4,NULL,1,'谢谢参与','lucky/786342430808121a721ac82433115097/QKC4AZAE5ulVF1RY99VqicGCNIVd22O7cShancgA.jpeg',2,'2018-05-25 11:07:42',NULL),(211,'0181e1f860f414e99cae3c968e105e5f',8,110100,43,26,'奖品1',567,NULL,2,'一等奖','lucky/550d97dc2f54c6612b860a2dddbefe28/KPSqqEewwHtUSVQwLOeH9xXe954BEN4S1HfqDMD1.jpeg',25,'2018-05-25 11:44:04','2018-06-05 11:57:17'),(212,'c6aa94ae61d613a84d01ca88010f56a3',8,110100,43,26,'奖品1',567,NULL,3,'二等奖','lucky/550d97dc2f54c6612b860a2dddbefe28/5aDfPLf5QFESOwFqrad3x116YiCRkCRMKUYe53mo.jpeg',25,'2018-05-25 11:44:04','2018-06-05 11:57:17'),(213,'b3b7d3241f7821711d10d9aae9c569eb',8,110100,43,26,'奖品1',567,NULL,4,'三等奖','lucky/550d97dc2f54c6612b860a2dddbefe28/DpMxGnDHV82nxSL80qt1TOkHpwynjN6EsmAI5nD7.jpeg',25,'2018-05-25 11:44:04','2018-06-05 11:57:17'),(214,'61e17396e62481f455f1d567d8d27053',8,110100,43,26,'奖品1',567,NULL,1,'谢谢参与','lucky/550d97dc2f54c6612b860a2dddbefe28/uoSW4Hmp8eCFvqtGoRkVS64IS2Q3t4owdDv97iu3.jpeg',25,'2018-05-25 11:44:04','2018-06-05 11:57:17'),(215,'2b9c7129677c99cdae858dcddb84abe5',8,110100,43,26,'奖品1',567,NULL,9,'八等奖','lucky/550d97dc2f54c6612b860a2dddbefe28/DM9RXUMWOTCI8YmgV0Axx7aofXB9IxkUlSdEi7zM.jpeg',25,'2018-05-25 11:44:04','2018-06-05 11:57:17'),(216,'1a11f87c6555c37ccd441ccaeaebcda4',8,110100,43,26,'奖品1',567,NULL,7,'六等奖','lucky/550d97dc2f54c6612b860a2dddbefe28/TOt3JgNREKB81S0GvQltx22j3Yc1jNvamHyMkHKH.jpeg',25,'2018-05-25 11:45:39','2018-06-05 11:57:17'),(217,'2c05e16ffd72042af8ab93be32acf584',8,110100,43,26,'奖品1',567,NULL,8,'七等奖','lucky/550d97dc2f54c6612b860a2dddbefe28/ebYjtMsX5wjQsRuuW6ysKaB4UgIMt4M0S4cBB5b9.jpeg',25,'2018-05-25 11:45:39','2018-06-05 11:57:17'),(218,'ee35dd4e93a2bd29cae285b1c1e2c8b9',8,110100,43,26,'奖品1',567,NULL,5,'四等奖','lucky/550d97dc2f54c6612b860a2dddbefe28/MexjzZ9hsmZLG0NEFAQ1DNzJESZU9DP4aRq0mFCo.jpeg',25,'2018-05-25 11:47:11','2018-06-05 11:57:17'),(219,'941e6fdf467d3435364f6e1240f5aea3',9,210100,50,27,'1',333,NULL,1,'谢谢参与','lucky/7a6456644edf7eb77381766a74eb269e/Hn0Xc43k7nctlz8N1TbGlMDWgl7bRSnm6PrmiGPl.png',24,'2018-05-30 14:06:41','2018-05-30 14:07:23'),(220,'c479057579bad6ef1561fe94dad6a833',9,210100,50,27,'2',333,NULL,2,'一等奖','lucky/7a6456644edf7eb77381766a74eb269e/YKhs7rVptk7K4nMMUXnevG3riEguDUfqwf0qvA8V.png',24,'2018-05-30 14:06:41','2018-05-30 14:07:23'),(221,'1151be3abb50da5d663907f6db590834',9,210100,50,27,'3',333,NULL,3,'二等奖','lucky/7a6456644edf7eb77381766a74eb269e/LXFRiRx6eIp1e7Ie26BVMppgdaLvYTNyjWG5ZqqC.png',24,'2018-05-30 14:06:41','2018-05-30 14:07:23'),(222,'1f06fd926e6d770390b430a61a786343',9,210100,50,27,'4',333,NULL,4,'三等奖','lucky/7a6456644edf7eb77381766a74eb269e/w09joZjKOLcwyyNKZK3Qj2uoTQC4JSfei3RV9iw3.png',24,'2018-05-30 14:06:41','2018-05-30 14:07:23'),(223,'85b59a2f504c43f38a2a42e659c7299c',9,210100,50,27,'5',333,NULL,5,'四等奖','lucky/7a6456644edf7eb77381766a74eb269e/pR5ggup5TLHRbVLkYLVDQ4vwuKhuVdQdrptQV6OF.png',24,'2018-05-30 14:06:41','2018-05-30 14:07:23'),(224,'60a20ffca354be03c2727c0f29ba413d',9,210100,50,27,'6',333,NULL,7,'六等奖','lucky/7a6456644edf7eb77381766a74eb269e/LVLJiAyOSQOwmjLz1iCqnYH1yGKhUbLNW42PQCgC.png',24,'2018-05-30 14:06:41','2018-05-30 14:07:23'),(225,'bba92118c34bd061d7d8c40e6730a395',9,210100,50,27,'7',333,NULL,8,'七等奖','lucky/7a6456644edf7eb77381766a74eb269e/0yhNzFeEzO5LrEHRmkRlh3ZgDaLqhucBU9ODZkmv.png',24,'2018-05-30 14:06:41','2018-05-30 14:07:23'),(226,'f42702726b211b4ad760887321677d72',9,210100,50,27,'8',333,NULL,9,'八等奖','lucky/7a6456644edf7eb77381766a74eb269e/UFxWREyRrtiZnInyJrmvdpLZZVaY2quGPt3CvcrJ.png',24,'2018-05-30 14:06:41','2018-05-30 14:07:23'),(227,'66c56b6ffbdeb631d77f46f94ba7e12b',12,610100,55,30,'1',100,NULL,2,'一等奖','lucky/b52dbc5d3c35ee1a9f0ad89d63b0f253/iszvDRZlrzq0NepE9uC3G6wRybLuPYg9cgQl0s3k.png',39,'2018-06-05 11:41:39','2018-06-05 11:41:53'),(228,'450de60ae5261e3fbc242c2525af331f',12,610100,55,30,'2',333,NULL,3,'二等奖','lucky/7be5a32ec19ef88c408189335bb0c258/k3I1Rr813l7ZqmI6uXXXSqNRazHGvBeMrWlhIUff.png',39,'2018-06-05 11:41:39','2018-06-05 11:41:53'),(229,'7e032ae05c7de4a2458244caa455e1cc',12,610100,55,30,'3',333,NULL,4,'三等奖','default/lucky/prize3.png',39,'2018-06-05 11:41:39','2018-06-05 11:41:53'),(230,'3dad74c031fed4653853c37ac5dc45d9',12,610100,55,30,'4',333,NULL,5,'四等奖','default/lucky/prize4.png',39,'2018-06-05 11:41:39','2018-06-05 11:41:53'),(231,'229c20cd457c8ea7c0c059d7a974a1e3',12,610100,55,30,'5',333,NULL,6,'五等奖','default/lucky/prize5.png',39,'2018-06-05 11:41:39','2018-06-05 11:41:53'),(232,'f34bbe1e2d66ec17828354ca9074b81c',12,610100,55,30,'6',333,NULL,7,'六等奖','default/lucky/prize6.png',39,'2018-06-05 11:41:39','2018-06-05 11:41:53'),(233,'b0a17c802d3e7ef7e69d1fa21866608e',12,610100,55,30,'7',5666,NULL,8,'七等奖','default/lucky/prize7.png',39,'2018-06-05 11:41:39','2018-06-05 11:41:53'),(234,'edf45c381970e96d0eb71c2903e864e4',12,610100,55,30,'8',66777,NULL,9,'八等奖','default/lucky/prize8.png',39,'2018-06-05 11:41:39','2018-06-05 11:41:53'),(235,'ffe2dce9af6fbd9812f6d9da6baeb180',12,610100,62,31,'2',222,NULL,9,'八等奖','default/lucky/prize8.png',39,'2018-06-05 14:52:52','2018-06-05 14:52:59'),(236,'eea1761bb4f2f6ebbe43c6efa6d9dc73',12,610100,62,31,'1',222,NULL,8,'七等奖','default/lucky/prize7.png',39,'2018-06-05 14:52:52','2018-06-05 14:52:59'),(237,'174838742e37898b4ed293d2c497d0cd',12,610100,62,31,'1',222,NULL,7,'六等奖','default/lucky/prize6.png',39,'2018-06-05 14:52:52','2018-06-05 14:52:59'),(238,'0e82dea35f2fe58fac2bceabc5540508',12,610100,62,31,'1',222,NULL,6,'五等奖','default/lucky/prize5.png',39,'2018-06-05 14:52:52','2018-06-05 14:52:59'),(239,'7d569ef0e243bbe62381ed74e3e83d19',12,610100,62,31,'1',222,NULL,5,'四等奖','default/lucky/prize4.png',39,'2018-06-05 14:52:52','2018-06-05 14:52:59'),(240,'eeb3b98270707e0896230afd4302c7e2',12,610100,62,31,'1',222,NULL,4,'三等奖','default/lucky/prize3.png',39,'2018-06-05 14:52:52','2018-06-05 14:52:59'),(241,'590b830a82c767f5c7ac0a288f0d4770',12,610100,62,31,'1',222,NULL,3,'二等奖','default/lucky/prize2.png',39,'2018-06-05 14:52:52','2018-06-05 14:52:59'),(242,'93fee36361f28714375b623c07c4122f',12,610100,62,31,'1',222,NULL,2,'一等奖','default/lucky/prize1.png',39,'2018-06-05 14:52:52','2018-06-05 14:52:59'),(243,'9882710e63dc92a73480f69568527ed8',12,610100,66,32,'1',333,NULL,1,'谢谢参与','default/lucky/prize9.png',39,'2018-06-05 15:40:42','2018-06-05 15:40:50'),(244,'5c4c4c30411a456e2f77d815a969c717',12,610100,66,32,'1',333,NULL,3,'二等奖','default/lucky/prize2.png',39,'2018-06-05 15:40:42','2018-06-05 15:40:50'),(245,'87a5ed2bb4d4ef340cab3d0a3f886461',12,610100,66,32,'1',333,NULL,4,'三等奖','default/lucky/prize3.png',39,'2018-06-05 15:40:42','2018-06-05 15:40:50'),(246,'69f28291cc1c031804b8bf50bd33d427',12,610100,66,32,'1',333,NULL,2,'一等奖','default/lucky/prize1.png',39,'2018-06-05 15:40:42','2018-06-05 15:40:50'),(247,'c92fba7e9f822aab355faf3cb4dc2621',12,610100,66,32,'1',333,NULL,6,'五等奖','default/lucky/prize5.png',39,'2018-06-05 15:40:42','2018-06-05 15:40:50'),(248,'6916d364bb1f794c4a86d3ce415c8a02',12,610100,66,32,'1',333,NULL,5,'四等奖','default/lucky/prize4.png',39,'2018-06-05 15:40:43','2018-06-05 15:40:50'),(249,'3efd9540d2bbc834d1ad6718718f6c04',12,610100,66,32,'1',333,NULL,8,'七等奖','default/lucky/prize7.png',39,'2018-06-05 15:40:43','2018-06-05 15:40:50'),(250,'298949d7b9fec024091ae2ff4fd8f305',12,610100,66,32,'1',333,NULL,9,'八等奖','default/lucky/prize8.png',39,'2018-06-05 15:40:43','2018-06-05 15:40:50'),(251,'9e3557f84d2c80fb62d09a659ce4a790',2,610100,47,33,'AAAA',10,NULL,8,'七等奖','lucky/af1199b28e8884b7b5f95164866fbbf1/NuLlo39nZa4UA6IYz5pnfpkLJAviYbMumBDnjcWc.jpeg',2,'2018-06-05 17:05:45',NULL),(252,'7cbe77bc0153a427870a193a8a03ef49',2,610100,47,33,'BBB',10,NULL,1,'谢谢参与','lucky/af1199b28e8884b7b5f95164866fbbf1/RN4jvPclzKPWaoCyPSm7X8cxzhsYHKLEer11verU.jpeg',2,'2018-06-05 17:05:45',NULL),(253,'f4dfafaba26c16455783b728f4d30db6',2,610100,47,33,'CCCC',10,NULL,2,'一等奖','lucky/af1199b28e8884b7b5f95164866fbbf1/EytQJg9oDUxIlQTPRvaPxRt50x4idBdfFBcfWcpo.jpeg',2,'2018-06-05 17:05:45',NULL),(254,'19008b3214a6bdc1b649e3ebf2c8eed1',2,610100,47,33,'DDDD',10,NULL,3,'二等奖','lucky/af1199b28e8884b7b5f95164866fbbf1/rWB903zdShQ0qyEtZO1PypIGaAxcN155Mzrjbk8e.jpeg',2,'2018-06-05 17:05:45',NULL),(255,'2dd3034bc88d528c9d06ad235867c177',2,610100,47,33,'EEEE',10,NULL,4,'三等奖','lucky/af1199b28e8884b7b5f95164866fbbf1/N1OwMCDiFPHytIHYU4KZbDXw7lx28VfJWnoZSrAa.jpeg',2,'2018-06-05 17:05:45',NULL),(256,'ca85a4dbaa5a4930e9345a72d83b16f0',2,610100,47,33,'FFFF',10,NULL,5,'四等奖','lucky/af1199b28e8884b7b5f95164866fbbf1/V3BzKB7QQq1sdqnODOR4jmr1ZKw5IDfXQoy005iB.jpeg',2,'2018-06-05 17:05:45',NULL),(257,'29c8ad4c62d0e54a3f7b24c2bf40dc05',2,610100,47,33,'GGGG',10,NULL,6,'五等奖','lucky/af1199b28e8884b7b5f95164866fbbf1/NbqaIdRT8YVYR0CRETYUSWpRVhj0OnrQJIX41RM7.jpeg',2,'2018-06-05 17:05:45',NULL),(258,'b395399c8a4f643937be44f6c5cc7965',2,610100,47,33,'HHH',10,NULL,7,'六等奖','lucky/af1199b28e8884b7b5f95164866fbbf1/W9JJ6SldJnhaymHVL3kADlP0aw8tpCKq1dSAypv8.jpeg',2,'2018-06-05 17:05:45',NULL),(259,'615781b7eb12912f29a9c8ba1b7c1f39',12,210200,62,35,'1',1,NULL,1,'谢谢参与','default/lucky/prize9.png',39,'2018-06-05 18:04:57','2018-06-05 18:05:02'),(260,'6a1fc7347cd3ec8a544d2989c3505402',12,210200,62,35,'1',1,NULL,4,'三等奖','default/lucky/prize3.png',39,'2018-06-05 18:04:57','2018-06-05 18:05:02'),(261,'fc903014a870c101b0360aae538e82d0',12,210200,62,35,'1',1,NULL,5,'四等奖','default/lucky/prize4.png',39,'2018-06-05 18:04:57','2018-06-05 18:05:02'),(262,'0b982de0cfb8b361b46123f9ce3f1ff9',12,210200,62,35,'1',1,NULL,6,'五等奖','default/lucky/prize5.png',39,'2018-06-05 18:04:57','2018-06-05 18:05:02'),(263,'d93feded2ada7bd3dfaffa64a8568a1e',12,210200,62,35,'1',11,NULL,7,'六等奖','default/lucky/prize6.png',39,'2018-06-05 18:04:57','2018-06-05 18:05:02'),(264,'49fdca9b807826094f2ad944793c838e',12,210200,62,35,'1',1,NULL,8,'七等奖','default/lucky/prize7.png',39,'2018-06-05 18:04:57','2018-06-05 18:05:02'),(265,'0d89823a1edeaa75cfce239349346218',12,210200,62,35,'1',1,NULL,9,'八等奖','default/lucky/prize8.png',39,'2018-06-05 18:04:57','2018-06-05 18:05:02'),(266,'b9b2227d20c8e7d73bfef597c2855ff0',12,210200,62,35,'1',1,NULL,3,'二等奖','default/lucky/prize2.png',39,'2018-06-05 18:04:57','2018-06-05 18:05:02'),(267,'90d6787262d0694fb38058a3004a4b15',12,210200,66,36,'1',1,NULL,1,'谢谢参与','default/lucky/prize9.png',39,'2018-06-05 18:06:09','2018-06-05 18:06:16'),(268,'38c20efaa6b13a03d8665fb8952e14ef',12,210200,66,36,'1',1,NULL,2,'一等奖','default/lucky/prize1.png',39,'2018-06-05 18:06:10','2018-06-05 18:06:16'),(269,'8eea57d9e6ab2c79005b28fe58c56556',12,210200,66,36,'1',1,NULL,3,'二等奖','default/lucky/prize2.png',39,'2018-06-05 18:06:10','2018-06-05 18:06:16'),(270,'ca4c519aea821b7dde064547c9d0271e',12,210200,66,36,'1',1,NULL,4,'三等奖','default/lucky/prize3.png',39,'2018-06-05 18:06:10','2018-06-05 18:06:16'),(271,'2d9c5521bd98d49241632e6128307528',12,210200,66,36,'1',1,NULL,5,'四等奖','default/lucky/prize4.png',39,'2018-06-05 18:06:10','2018-06-05 18:06:16'),(272,'b270e735db4a6cb06138e7a4130f26b6',12,210200,66,36,'1',1,NULL,6,'五等奖','default/lucky/prize5.png',39,'2018-06-05 18:06:10','2018-06-05 18:06:16'),(273,'92eb8c150a70d5c74d27837c7cd4b912',12,210200,66,36,'1',1,NULL,7,'六等奖','default/lucky/prize6.png',39,'2018-06-05 18:06:10','2018-06-05 18:06:16'),(274,'3fa9d9060589b4b6f8c360804631e198',12,210200,66,36,'1',1,NULL,9,'八等奖','default/lucky/prize8.png',39,'2018-06-05 18:06:10','2018-06-05 18:06:16'),(275,'cb23917be708d9f7430f862931985684',20,610100,68,37,'1',300,NULL,2,'一等奖','lucky/a838100ed1aac414cd17382ff5b402fa/1CpbqlGaRY5qdV47eSrhmBdEKY3X74fkYnYc3gpF.jpeg',51,'2018-06-06 15:29:29','2018-06-06 16:31:55'),(276,'bc50c60bbba6cf3c12f7b7aca7521a07',20,610100,68,37,'2',300,NULL,3,'二等奖','lucky/a838100ed1aac414cd17382ff5b402fa/BDC7GgX5d6DCKBt3mW3W7Ngo4dVGSq06p2aOzgAJ.jpeg',51,'2018-06-06 15:29:29','2018-06-06 16:31:55'),(277,'57f48b88612afff376ff997c31362a68',20,610100,68,37,'3',300,NULL,4,'三等奖','lucky/a838100ed1aac414cd17382ff5b402fa/pT16j6VLYI1ogeeteQCdTQETvydLNY4acB0XQvwk.jpeg',51,'2018-06-06 15:29:29','2018-06-06 16:31:55'),(278,'b790fad942a92a5f9de065092736e55a',20,610100,68,37,'4',300,NULL,5,'四等奖','lucky/a838100ed1aac414cd17382ff5b402fa/sJ9ildC0IGIJVZKdb2WdosMzQ3qdYqmvu3PEB3Ew.jpeg',51,'2018-06-06 15:29:29','2018-06-06 16:31:55'),(279,'deeb2caa65156c617654144b7ab49783',20,610100,68,37,'5',300,NULL,6,'五等奖','lucky/a838100ed1aac414cd17382ff5b402fa/KrbnC9CFqwvhgJQEeIkkrnFzm4UI40ynENfbvRs9.jpeg',51,'2018-06-06 15:29:29','2018-06-06 16:31:55'),(280,'03c88ea0540c8bc0b563be77b3aa6207',20,610100,68,37,'6',300,NULL,7,'六等奖','lucky/a838100ed1aac414cd17382ff5b402fa/UJn1PdX2ZJZQWloHMpl6YNybbmFBTow7n9NYA28v.jpeg',51,'2018-06-06 15:29:29','2018-06-06 16:31:55'),(281,'537004799c445b9679cb0081fb8535bc',20,610100,68,37,'7',300,NULL,8,'七等奖','lucky/a838100ed1aac414cd17382ff5b402fa/xGO7J71tNvelkoBCTsqVHRMqUO808Dzrd9wu9ZV2.jpeg',51,'2018-06-06 15:29:29','2018-06-06 16:31:55'),(282,'0398050b8cca4bd687b95ed6d2cbbd3d',20,610100,68,37,'8',400,NULL,1,'谢谢参与','lucky/a838100ed1aac414cd17382ff5b402fa/9ngpYKYlzqEzFl549t7iyLvxCiu51pQ0hIKGBywC.jpeg',51,'2018-06-06 15:29:29','2018-06-06 16:31:55'),(283,'f65c91013748cc0f71e877f39261aaa3',20,310100,69,38,'1',22,NULL,1,'谢谢参与','default/lucky/prize9.png',53,'2018-06-06 15:40:35',NULL),(284,'036ada26388894c7504d28c462334f06',20,310100,69,38,'2',2,NULL,8,'七等奖','default/lucky/prize7.png',53,'2018-06-06 15:40:35',NULL),(285,'e2bfab8db66737fbbb72f250490b3f79',20,310100,69,38,'3',22,NULL,9,'八等奖','default/lucky/prize8.png',53,'2018-06-06 15:40:35',NULL),(286,'6ed639bcddc9755945d5811739e671c3',20,310100,69,38,'4',22,NULL,6,'五等奖','default/lucky/prize5.png',53,'2018-06-06 15:40:35',NULL),(287,'c9518261f2e6b65b84009fa2fff2a6be',20,310100,69,38,'5',22,NULL,5,'四等奖','default/lucky/prize4.png',53,'2018-06-06 15:40:35',NULL),(288,'155d1f10565e9eeea2534ad29da07336',20,310100,69,38,'6',222,NULL,4,'三等奖','default/lucky/prize3.png',53,'2018-06-06 15:40:35',NULL),(289,'db55557c4004c634bab3b34b72084a11',20,310100,69,38,'78',22,NULL,3,'二等奖','default/lucky/prize2.png',53,'2018-06-06 15:40:35',NULL),(290,'424992ce782bb85ed481119472e353b1',20,310100,69,38,'9',22,NULL,2,'一等奖','default/lucky/prize1.png',53,'2018-06-06 15:40:35',NULL),(292,'28e6a412269e62cf610cf1975764ccc4',20,310100,71,39,'2',222,NULL,4,'三等奖','default/lucky/prize3.png',51,'2018-06-06 16:05:44','2018-06-06 18:00:30'),(293,'fd760856c03e622d70da85b03469af54',20,310100,71,39,'22',22,NULL,5,'四等奖','default/lucky/prize4.png',51,'2018-06-06 16:05:44','2018-06-06 18:00:30'),(294,'36f6642cb0bd32b016829c124f0a83c3',20,310100,71,39,'2',222,NULL,6,'五等奖','default/lucky/prize5.png',51,'2018-06-06 16:05:44','2018-06-06 18:00:30'),(298,'0da99aefec903cf4c93dbb498155bf17',20,310100,71,39,'3',34,NULL,9,'八等奖','lucky/0646d0b8a99823476b6d01553a491175/sHTOXZ9mGXei1mJMN5VktZtIIbejRUD6n4KztWPK.png',51,'2018-06-06 18:00:30',NULL),(299,'bf75911b0c99f796ba6192a786e22302',22,610100,72,40,'一等奖',1,1,2,'一等奖','default/lucky/prize1.png',54,'2018-06-07 15:39:47','2018-06-09 16:59:09'),(300,'159ecf5a1567420f10b51360ad20a910',22,610100,72,40,'二等奖',2,2,3,'二等奖','default/lucky/prize2.png',54,'2018-06-07 15:39:47','2018-06-09 16:59:09'),(301,'9870ac8b3e9e4005bff8b3ac68456921',22,610100,72,40,'三等奖',3,3,4,'三等奖','default/lucky/prize3.png',54,'2018-06-07 15:39:47','2018-06-09 16:59:09'),(302,'46cb66cab3b356655ff94206e9ecf85d',22,610100,72,40,'四等奖',4,4,5,'四等奖','default/lucky/prize4.png',54,'2018-06-07 15:39:47','2018-06-09 16:59:09'),(303,'5b397f88758e5e81568566e0b9dcef3d',20,310100,69,41,'AA',10,10,1,'谢谢参与','default/lucky/prize9.png',51,'2018-06-08 17:30:54',NULL),(304,'153f2cdadee5f2e8c02428c0f8209e20',20,310100,69,41,'BB',10,10,2,'一等奖','default/lucky/prize1.png',51,'2018-06-08 17:30:54',NULL),(305,'53c578d1a2fed284542138ccf0438103',20,310100,69,41,'CC',10,10,3,'二等奖','default/lucky/prize2.png',51,'2018-06-08 17:30:54',NULL),(306,'9adddc11d0e4b7677ed2616a2c6dc7bb',20,310100,69,41,'DD',10,10,4,'三等奖','default/lucky/prize3.png',51,'2018-06-08 17:30:54',NULL),(307,'de216d76ba5c00bb966520158c8a240b',20,310100,69,41,'EE',10,10,5,'四等奖','default/lucky/prize4.png',51,'2018-06-08 17:30:54',NULL),(308,'445f8ea000241b022fee036981ccb8a4',20,310100,69,41,'FF',10,10,6,'五等奖','default/lucky/prize5.png',51,'2018-06-08 17:30:54',NULL),(309,'371d025abd0397f9d2c0395c6931ec0d',20,310100,69,41,'GG',10,10,7,'六等奖','default/lucky/prize6.png',51,'2018-06-08 17:30:54',NULL),(310,'60966b5e5322163f6377c4083ba3017e',20,310100,69,41,'HH',10,10,8,'七等奖','default/lucky/prize7.png',51,'2018-06-08 17:30:54',NULL),(311,'80058d37c85edd4c0dbc04e76407c764',22,610100,72,40,'五',5,4,6,'五等奖','default/lucky/prize5.png',54,'2018-06-08 19:04:22','2018-06-09 16:59:09'),(312,'cde045261bf1f8f4cdd76db0c4c6600c',22,610100,72,40,'六',6,6,7,'六等奖','default/lucky/prize6.png',54,'2018-06-08 19:11:52','2018-06-09 16:59:09'),(313,'82bf29c8eb5e935b5251b8463b61ac96',22,610100,72,40,'七',7,7,8,'七等奖','default/lucky/prize7.png',54,'2018-06-08 19:12:30','2018-06-09 16:59:09'),(314,'a0dc36d850e86904fe0a85638fc44d6c',22,610100,72,40,'谢谢',0,0,1,'谢谢参与','default/lucky/prize9.png',54,'2018-06-08 19:13:20','2018-06-09 16:59:09'),(315,'808f70d36fb9c76f4b61ff52213f6558',22,610100,72,42,'一',1,1,2,'一等奖','default/lucky/prize1.png',54,'2018-06-09 13:51:28','2018-06-09 13:51:42'),(316,'6d0a2bb5ee6545b24f1e4f7dfec48217',22,610100,72,42,'二',2,2,3,'二等奖','default/lucky/prize2.png',54,'2018-06-09 13:51:28','2018-06-09 13:51:42'),(317,'81ebf7438a05f86fbbd3bbaa88bd54c9',22,610100,72,42,'三',3,3,4,'三等奖','default/lucky/prize3.png',54,'2018-06-09 13:51:28','2018-06-09 13:51:42'),(318,'794c2911dbc77f6077bbf081aff07f6b',22,610100,72,42,'四',4,4,5,'四等奖','default/lucky/prize4.png',54,'2018-06-09 13:51:28','2018-06-09 13:51:42'),(319,'33af87e24ebd6b46c9871daf2fc7478a',22,610100,72,42,'五',5,4,6,'五等奖','default/lucky/prize5.png',54,'2018-06-09 13:51:28','2018-06-09 13:51:42'),(320,'3915252fb49cb1ddc7d7803897be7233',22,610100,72,42,'六',6,6,7,'六等奖','default/lucky/prize6.png',54,'2018-06-09 13:51:28','2018-06-09 13:51:42'),(321,'84cde3cc9e9ad4ac4591127b4fdec740',22,610100,72,42,'七',7,7,8,'七等奖','default/lucky/prize7.png',54,'2018-06-09 13:51:28','2018-06-09 13:51:42'),(322,'cdb4f97edc2f99183fc79236346ca9d2',22,610100,72,42,'谢谢',8,8,1,'谢谢参与','default/lucky/prize9.png',54,'2018-06-09 13:51:28','2018-06-09 13:51:42');

/*Table structure for table `fixture_activity_lucky_record` */

DROP TABLE IF EXISTS `fixture_activity_lucky_record`;

CREATE TABLE `fixture_activity_lucky_record` (
  `id` int(11) NOT NULL AUTO_INCREMENT COMMENT '主键id',
  `uuid` char(32) COLLATE utf8mb4_unicode_ci DEFAULT NULL COMMENT '唯一索引',
  `activityluckid` int(11) DEFAULT NULL COMMENT '抽奖活动id',
  `prizeid` int(11) DEFAULT NULL COMMENT '奖品id',
  `prizename` varchar(255) COLLATE utf8mb4_unicode_ci DEFAULT NULL COMMENT '奖品',
  `clientid` int(11) DEFAULT NULL COMMENT '中奖者的id ,对应客户表id',
  `clientname` varchar(200) COLLATE utf8mb4_unicode_ci DEFAULT NULL COMMENT '客户姓名',
  `iswin` tinyint(1) DEFAULT '0' COMMENT '是否中奖 1中奖 0未中奖',
  `userid` int(11) DEFAULT NULL COMMENT '抽奖者 对应用户表id',
  `created_at` datetime DEFAULT NULL COMMENT '创建时间',
  PRIMARY KEY (`id`)
) ENGINE=InnoDB AUTO_INCREMENT=46 DEFAULT CHARSET=utf8mb4 COLLATE=utf8mb4_unicode_ci COMMENT='抽奖纪录';

/*Data for the table `fixture_activity_lucky_record` */

insert  into `fixture_activity_lucky_record`(`id`,`uuid`,`activityluckid`,`prizeid`,`prizename`,`clientid`,`clientname`,`iswin`,`userid`,`created_at`) values (1,'11',26,11,'奖品名称',11,'111',1,25,'2018-05-28 17:07:23'),(2,'915197d7e7b8f1f0172e9c4ae6833019',40,313,'七',39,NULL,1,56,'2018-06-08 19:27:50'),(3,'539058cc8b8d31f35706724588be7e5d',40,312,'六',39,NULL,1,56,'2018-06-08 19:28:26'),(4,'7117117255c09753edf57b9a5532ce74',40,313,'七',39,NULL,1,56,'2018-06-08 19:32:51'),(5,'de086a884bdbdaf27f6303c89900b797',40,312,'六',39,NULL,1,56,'2018-06-08 19:38:06'),(6,'3c330dfe9b03f21e4272ca26e3281efd',40,299,'一等奖',39,NULL,1,56,'2018-06-08 19:39:15'),(7,'537bf48f31662a90ad6d9c0bfa679933',40,313,'七',39,NULL,1,56,'2018-06-08 19:42:52'),(8,'4b2210a69f056be57aa9077a3003b8e4',40,313,'七',39,NULL,1,56,'2018-06-08 19:43:34'),(9,'712040663f69682421c9d012e8093816',40,312,'六',39,NULL,1,56,'2018-06-08 19:43:53'),(10,'6f3de527262ecfc5acb4129853715acd',40,302,'四等奖',39,NULL,1,56,'2018-06-09 09:08:07'),(11,'1b5017ca9e7219df49ac376f74d550e8',40,313,'七',39,NULL,1,56,'2018-06-09 09:08:48'),(12,'041b99eebdba026a58924d178ada8441',40,311,'五',39,NULL,1,56,'2018-06-09 09:09:54'),(13,'58034f04cd3cad5a8faf06b410a10e14',40,313,'七',39,NULL,1,56,'2018-06-09 09:10:47'),(14,'d82f4eb5de23a716226fc8e005eb4283',40,301,'三等奖',39,NULL,1,56,'2018-06-09 09:12:17'),(15,'141d7efb22014e5d0350a63fcbe17dd4',40,312,'六',39,NULL,1,56,'2018-06-09 09:26:13'),(16,'6fe635b53e04f16b9fe2154bc7477c19',40,311,'五',39,NULL,1,56,'2018-06-09 09:46:03'),(17,'71364c691e1c4bbce953c1b115ed948d',40,302,'四等奖',39,NULL,1,56,'2018-06-09 10:08:59'),(18,'62a522cae5a43d5cdf207f000de22df2',40,300,'二等奖',39,NULL,1,56,'2018-06-09 10:11:20'),(19,'4d44afc72a0e25f77b24f0f5c9eae0c6',40,312,'六',39,NULL,1,56,'2018-06-09 10:15:58'),(20,'cc9b261c0289b1457e0ee0d2954be731',40,301,'三等奖',39,NULL,1,56,'2018-06-09 10:17:16'),(21,'181e02ee0706b1f8a23785e044f9cbf9',40,311,'五',39,NULL,1,56,'2018-06-09 10:19:27'),(22,'da490ec900b5e67de53afc5aeb6ab471',40,313,'七',39,NULL,1,56,'2018-06-09 10:23:13'),(23,'bffce8a9c97343f2652bd688387f199d',40,301,'三等奖',39,NULL,1,56,'2018-06-09 10:24:09'),(24,'87df36403ad6e8fbb3beaa7fe896e46a',40,313,'七',39,NULL,1,56,'2018-06-09 10:48:19'),(25,'2ca758c8e9bd9a1e113c30b3bc142a09',40,313,'七',39,NULL,1,56,'2018-06-09 13:46:02'),(26,'7aefb7921b0c30a8744e0b1491c8ee0b',42,319,'五',33,NULL,1,56,'2018-06-09 14:20:03'),(27,'5c5b500526d96b721e78751e11584539',42,322,'谢谢',33,NULL,0,56,'2018-06-09 14:20:47'),(28,'9fa48db42bc4753d006b5763378ee540',42,322,'谢谢',33,NULL,0,56,'2018-06-09 14:21:06'),(29,'92fcd40a72559fb3acfd5c6c914be6d6',42,322,'谢谢',33,NULL,0,56,'2018-06-09 14:21:15'),(30,'e194aa055e757afa786ff7d1e181c74b',40,299,'一等奖',39,NULL,1,56,'2018-06-09 14:36:02'),(31,'2a06be73a2b9400d9fd59f7a93115b06',40,302,'四等奖',39,NULL,1,56,'2018-06-09 14:37:49'),(32,'d9174022b85f5ddef612e3b65e1d317c',40,311,'五',39,NULL,1,56,'2018-06-09 14:38:12'),(33,'f5f80803cc1a19fb4fbe60c83480d35d',40,312,'六',39,NULL,1,56,'2018-06-09 14:39:09'),(34,'1d124adbbade199eabcefa7e69af3e16',40,311,'五',39,NULL,1,56,'2018-06-09 14:40:38'),(35,'5131ea1c54c4d0b48bc67dbe56401445',40,301,'三等奖',39,NULL,1,56,'2018-06-09 14:44:51'),(36,'4d8e7a902b001bf57e7a28246e3fad95',40,313,'七',39,NULL,1,56,'2018-06-09 14:51:26'),(37,'4dfdddaa220170bf8c27cf5e2c53b2f2',40,313,'七',39,NULL,1,56,'2018-06-09 14:52:47'),(38,'772dd7abe7ba6a54f9e7309ce838d85c',40,311,'五',39,NULL,1,56,'2018-06-09 14:53:11'),(39,'8ae037e1cad5d7f214f56a190d068deb',40,302,'四等奖',39,NULL,1,56,'2018-06-09 14:54:13'),(40,'40a09961ed9137296aa9da38fb28260c',40,301,'三等奖',39,NULL,1,56,'2018-06-09 14:54:31'),(41,'6895a6da37b8560148a440572d48efc9',40,300,'二等奖',39,NULL,1,56,'2018-06-09 14:55:00'),(42,'e7b0c9d42f67ecc46abd2e8718ab51a8',40,312,'六',39,NULL,1,56,'2018-06-09 15:23:45'),(43,'75a0490cb78443b0e10107a0dd43d876',40,313,'七',39,NULL,1,56,'2018-06-09 15:28:29'),(44,'19ebf073b97ed65459cf48cabf0ff98b',40,302,'四等奖',39,NULL,1,56,'2018-06-09 16:41:55'),(45,'63eb4ea592a490985447abfcb7ca3e61',40,311,'五',39,NULL,1,56,'2018-06-09 17:14:34');

/*Table structure for table `fixture_client` */

DROP TABLE IF EXISTS `fixture_client`;

CREATE TABLE `fixture_client` (
  `id` int(11) NOT NULL AUTO_INCREMENT COMMENT '主键id',
  `uuid` char(32) DEFAULT NULL COMMENT '唯一索引id',
  `companyid` int(11) DEFAULT NULL COMMENT '公司id',
  `storeid` int(11) DEFAULT NULL COMMENT '门店id',
  `sourcecateid` int(11) DEFAULT NULL COMMENT '客户来源分类',
  `sourceid` int(11) DEFAULT NULL COMMENT '客户来源',
  `phone` varchar(30) DEFAULT NULL COMMENT '手机号',
  `name` varchar(200) DEFAULT NULL COMMENT '姓名',
  `area` int(11) DEFAULT NULL COMMENT '面积=平方米',
  `roomshap` varchar(20) DEFAULT NULL COMMENT '几室几厅几厨几卫',
  `content` text COMMENT '预约内容、抽奖的活动名称 （参观{xx工地}、免费量房、装修报价）',
  `wechatopenid` varchar(255) DEFAULT NULL COMMENT '微信openid',
  `followstatusid` int(3) DEFAULT '4' COMMENT '客户跟进状态 ，默认4，对应 data_client_followstatus表，表中的4代表 未联系',
  `followcontent` varchar(255) DEFAULT NULL COMMENT '客户跟进备注',
  `userid` int(11) DEFAULT NULL COMMENT '邀请者id,对应用户user表id',
  `created_at` datetime DEFAULT NULL COMMENT '创建时间',
  PRIMARY KEY (`id`)
) ENGINE=InnoDB AUTO_INCREMENT=44 DEFAULT CHARSET=utf8 COMMENT='C端活动录入的客户';

/*Data for the table `fixture_client` */

insert  into `fixture_client`(`id`,`uuid`,`companyid`,`storeid`,`sourcecateid`,`sourceid`,`phone`,`name`,`area`,`roomshap`,`content`,`wechatopenid`,`followstatusid`,`followcontent`,`userid`,`created_at`) values (5,'304db752688b11e8b66594de807e34a0',8,0,1,1,'15094014770','1',0,NULL,'哈哈','oR2Uf0b0Ug_U7h0p7Dvd_v1TNSEA',1,'ddd',NULL,'2018-06-05 14:39:25'),(7,'304dceb5688b11e8b66594de807e34a0',8,0,1,1,'15094014770','1',111,NULL,'哈哈','oR2Uf0b0Ug_U7h0p7Dvd_v1TNSEA',1,'灌灌灌灌灌过过过过过过过过',NULL,'2018-06-05 14:39:25'),(8,'304dcf8f688b11e8b66594de807e34a0',8,0,1,1,'15094014770','1',50,NULL,'哈哈','oR2Uf0b0Ug_U7h0p7Dvd_v1TNSEA',4,NULL,NULL,'2018-06-05 14:39:25'),(9,'304dd028688b11e8b66594de807e34a0',8,0,2,5,'15094014710','gsd',50,NULL,'嘟嘟嘟','oR2Uf0b0Ug_U7h0p7Dvd_v1TNSEA',2,NULL,NULL,'2018-06-05 14:39:25'),(10,'304dd0b7688b11e8b66594de807e34a0',8,0,2,5,'15094014720','ddd',50,NULL,'嘟嘟嘟','oR2Uf0b0Ug_U7h0p7Dvd_v1TNSEA',2,'hhh',NULL,'2018-06-05 14:39:25'),(11,'304dd138688b11e8b66594de807e34a0',8,0,2,5,'15094014730','hdfddf',50,NULL,'嘟嘟嘟','oR2Uf0b0Ug_U7h0p7Dvd_v1TNSEA',4,'ssss',NULL,'2018-06-05 14:39:25'),(12,'304dd1ca688b11e8b66594de807e34a0',12,54,1,1,'15002960000','AAA',10,'几室几厅几厨几卫','AAA',NULL,4,NULL,NULL,'2018-06-05 14:39:25'),(13,'304dd3e3688b11e8b66594de807e34a0',12,54,1,2,'15002960001','BBB',20,'几室几厅几厨几卫','BBB',NULL,1,'ddd',NULL,'2018-06-05 14:39:25'),(15,'304dd6e6688b11e8b66594de807e34a0',12,54,1,4,'15002960003','DDD',40,'几室几厅几厨几卫','DDD',NULL,4,NULL,NULL,'2018-06-05 14:39:25'),(16,'304dd826688b11e8b66594de807e34a0',12,54,1,1,'15002960004','EEEE',50,'几室几厅几厨几卫','EEEE',NULL,4,NULL,NULL,'2018-06-05 14:39:25'),(17,'304dd962688b11e8b66594de807e34a0',12,54,1,2,'15002960005','FFF',60,'几室几厅几厨几卫','FFF',NULL,4,NULL,NULL,'2018-06-05 14:39:25'),(18,'304dda90688b11e8b66594de807e34a0',12,54,1,3,'15002960006','GGGG',70,'几室几厅几厨几卫','GGGG',NULL,4,NULL,NULL,'2018-06-05 14:39:25'),(20,'304ddd05688b11e8b66594de807e34a0',20,68,2,5,'15002960008','IIIII',NULL,NULL,'IIIII',NULL,2,'坎坎坷坷扩',NULL,'2018-06-05 14:39:25'),(21,'304dde3d688b11e8b66594de807e34a0',20,68,2,5,'15002960009','JJJJJ',NULL,NULL,'JJJJJ',NULL,4,NULL,NULL,'2018-06-05 14:39:25'),(22,'304ddf73688b11e8b66594de807e34a0',20,68,2,5,'15002960010','KKK',NULL,NULL,'KKK',NULL,4,NULL,NULL,'2018-06-05 14:39:25'),(23,'304de0af688b11e8b66594de807e34a0',20,68,2,5,'15002960011','LLLL',NULL,NULL,'LLLL',NULL,3,'嘿嘿嘿嘿嘿嘿或或',NULL,'2018-06-05 14:39:25'),(24,'304de1e4688b11e8b66594de807e34a0',20,68,2,5,'15002960012','MMM',NULL,NULL,'MMM',NULL,3,'午餐擦擦擦',NULL,'2018-06-05 14:39:25'),(25,'304de312688b11e8b66594de807e34a0',20,68,2,5,'15002960013','NNN',NULL,NULL,'NNN',NULL,2,'灌灌灌灌灌过过过过过',NULL,'2018-06-05 14:39:25'),(26,'7d0972f2ccf4b3b762ca4569f56bb071',22,0,1,1,'13201235489','小田',0,NULL,'预约参观','oR2Uf0b0Ug_U7h0p7Dvd_v1TNSEA',4,NULL,NULL,'2018-06-06 17:25:46'),(27,'7d0972f2ccf4b3b762ca4569f56bb072',22,0,1,1,'13201235489','小田',0,NULL,'预约参观','oR2Uf0b0Ug_U7h0p7Dvd_v1TNSEA',1,NULL,NULL,'2018-06-06 17:29:34'),(28,'7d0972f2ccf4b3b762ca4569f56bb073',20,0,1,1,'15769157467','',0,NULL,'预约参观','ol0jb4vXgLf1dsDp12NehOt-s2ss',4,NULL,NULL,'2018-06-09 11:24:23'),(29,'7d0972f2ccf4b3b762ca4569f56bb074',22,0,4,5,'15094014770','舒全刚',0,NULL,'抽奖','oR2Uf0b0Ug_U7h0p7Dvd_v1TNSEA',4,NULL,NULL,'2018-06-09 14:00:07'),(30,'7d0972f2ccf4b3b762ca4569f56bb07e',22,0,4,5,'15094014770','舒全刚',0,NULL,'抽奖','oR2Uf0b0Ug_U7h0p7Dvd_v1TNSEA',4,NULL,NULL,'2018-06-09 14:08:50'),(31,'ef2427d4ce946ec5c74f119dfebfc6a1',22,0,4,5,'15094014700','舒全刚',0,NULL,'抽奖','oR2Uf0b0Ug_U7h0p7Dvd_v1TNSEA',4,NULL,NULL,'2018-06-09 14:17:03'),(32,'9865768bd078db678352a619307d4da3',22,0,4,5,'15094014777','舒全刚',0,NULL,'抽奖','oR2Uf0b0Ug_U7h0p7Dvd_v1TNSEA',4,NULL,NULL,'2018-06-09 14:19:06'),(33,'72088d3a17739c42ec306948700ef08f',22,0,4,5,'15094014770','舒全刚',0,NULL,'抽奖','oR2Uf0b0Ug_U7h0p7Dvd_v1TNSEA',1,'的武器的',NULL,'2018-06-09 14:19:52'),(37,'74a21ed39337d19ffdfc06695ff19026',22,0,4,5,'15094014770','哈哈',0,NULL,'抽奖','oR2Uf0b0Ug_U7h0p7Dvd_v1TNSEA',4,NULL,NULL,'2018-06-09 14:47:07'),(38,'2b6e165ac517240a4abc5936aced62af',22,0,4,5,'15094014770','舒全刚',0,NULL,'抽奖','oR2Uf0b0Ug_U7h0p7Dvd_v1TNSEA',4,NULL,NULL,'2018-06-09 14:51:53'),(39,'ac6a564663a7d8131752cd8d74e896b3',22,0,4,5,'15094001470','shu',0,NULL,'抽奖','oR2Uf0b0Ug_U7h0p7Dvd_v1TNSEA',4,NULL,NULL,'2018-06-09 14:54:50'),(40,'7d0972f2ccf4b3b762ca4569f56bb075',22,0,1,1,'15094014174','hah',0,NULL,'预约参观','oR2Uf0b0Ug_U7h0p7Dvd_v1TNSEA',4,NULL,NULL,'2018-06-11 13:59:52'),(41,'f66ddbb2d862f112abc3a1e83618dab8',22,0,1,1,'15094014770','hah 11',0,NULL,'预约参观','oR2Uf0b0Ug_U7h0p7Dvd_v1TNSEA',1,'五点七五',NULL,'2018-06-11 14:11:50'),(42,'5a4f632a5ca46482b1f491835448b309',22,0,1,1,'15094014778','qq',0,NULL,'预约参观','oR2Uf0b0Ug_U7h0p7Dvd_v1TNSEA',1,'大青蛙大全',NULL,'2018-06-11 14:18:14'),(43,'87f99d3b2063ca65a57bbfabfe351f69',20,0,1,2,'15769157466','啦咯',0,NULL,'免费量房','ol0jb4vXgLf1dsDp12NehOt-s2ss',2,'滚滚滚',NULL,'2018-06-11 16:11:34');

/*Table structure for table `fixture_client_follow` */

DROP TABLE IF EXISTS `fixture_client_follow`;

CREATE TABLE `fixture_client_follow` (
  `id` int(11) unsigned NOT NULL AUTO_INCREMENT COMMENT 'id',
  `uuid` char(32) DEFAULT NULL COMMENT 'uuid',
  `client_id` int(11) NOT NULL COMMENT '客户id',
  `remarks` varchar(255) DEFAULT NULL COMMENT '备注',
  `followstatus_id` int(11) NOT NULL COMMENT '跟进状态id',
  `follow_userid` int(11) NOT NULL COMMENT '跟进用户id',
  `follow_username` varchar(30) DEFAULT NULL COMMENT '跟进人',
  `created_at` datetime DEFAULT NULL,
  PRIMARY KEY (`id`)
) ENGINE=InnoDB AUTO_INCREMENT=50 DEFAULT CHARSET=utf8 COMMENT='客户跟进记录';

/*Data for the table `fixture_client_follow` */

insert  into `fixture_client_follow`(`id`,`uuid`,`client_id`,`remarks`,`followstatus_id`,`follow_userid`,`follow_username`,`created_at`) values (1,'c1fe9073b9e721e14563d5b2c8a87b91',3,'测山川得到的武器的',3,17,NULL,'2018-05-03 06:50:18'),(2,'43f85ba1bb6805501c43483fbcfa6fea',3,'哈哈哈',2,17,NULL,'2018-05-03 07:08:44'),(3,'b5e464f758a19cd8ce011154857ddedf',3,'都完全户外群和',1,17,'哈哈','2018-05-11 09:50:58'),(4,'f66d2449f1eb85aae4f7e2a06514340f',3,'发的vv',3,17,'哈哈','2018-05-11 09:51:46'),(5,'8b6af6055617e8fdb9d48e61f4d05f21',3,'的武器的',1,17,'哈哈','2018-05-11 09:52:54'),(6,'abd14ee883d91adc42bad3e0b58b01cc',5,'不不不v',2,25,NULL,'2018-06-04 12:01:54'),(7,'6384e6dd1f6b424f26750b86298e1ed3',5,'擦擦擦',3,25,NULL,'2018-06-04 12:10:13'),(8,'3ba1e6d2b2f04188ebb4a00e1e8cacb8',5,'订单',1,25,NULL,'2018-06-04 12:11:39'),(9,'38911d269a3ac19e2e2fb2297068ead1',5,'dv',4,25,'jsd','2018-06-04 12:12:04'),(10,'71d5c48defe4a85614bbb9c3638abb76',10,'hhh',2,25,'jsd','2018-06-04 13:54:32'),(11,'0ec407f4c6ebdebb031fb0d7b8757836',11,'dddd',1,25,'jsd','2018-06-04 14:09:03'),(12,'20b6154529a1b9099b1630412502f56d',11,'ffff',3,25,'jsd','2018-06-04 14:09:20'),(13,'86b11bd5b556a891a743cb88ab784c80',5,'fff',1,25,'jsd','2018-06-04 14:21:28'),(14,'fa57065d47cbae206ac129550fe84aa0',7,'gggg',4,25,'jsd','2018-06-04 14:21:36'),(15,'03ff479fbc8960fc5ac1b9e982563d49',7,'fff',3,25,'jsd','2018-06-04 14:21:49'),(16,'9f87c4f3580de44a2587a1d7a6abd3ef',11,'ssss',4,25,'jsd','2018-06-04 14:23:14'),(17,'17dd3cd406041985e236c1a30f49a368',5,'sss',1,25,'jsd','2018-06-04 14:27:53'),(18,'eb21441ff66c6a77637fe80ac37e0336',5,'',2,25,'jsd','2018-06-04 14:34:05'),(19,'8ab85d366fa3da7f831565add7b6087c',5,'dddd',1,25,'jsd','2018-06-04 14:44:04'),(20,'e3965584d2ad043759599c5842516b2f',5,'dsd',3,25,'jsd','2018-06-04 14:44:11'),(21,'b80be1bff912b2821c6fb71581eecba8',5,'',4,25,'jsd','2018-06-04 14:49:38'),(22,'050b27b8fab753c188dc3acc262c1321',5,'',1,25,'jsd','2018-06-04 14:49:42'),(23,'03562a4a5678b12128be9473802e105f',5,'',1,25,'jsd','2018-06-04 14:50:13'),(24,'d11de8e85d127eaab5877233cba187aa',9,'',3,25,'jsd','2018-06-04 14:54:09'),(25,'46768e3b70737c0dfca544d617c30e43',9,'',2,25,'jsd','2018-06-04 14:54:16'),(26,'8b3967ffee51a9b9caf64e36d6fb4716',25,'',2,39,NULL,'2018-06-05 14:45:20'),(27,'b6da3c95592035aa6b5f1ac0864b8b6c',25,'',3,39,NULL,'2018-06-05 14:45:29'),(28,'37cffde685cecc6c6e60df4be6a83e0b',23,'',4,39,NULL,'2018-06-05 14:46:32'),(29,'052469103b7d31ff97c58496df609a43',5,'sss',1,25,'jsd','2018-06-05 15:04:12'),(30,'092cffe6a037b62592e52ba4d6d2856f',5,'ddd',1,25,'jsd','2018-06-05 15:05:46'),(31,'fb2d784166abd54c88edbdd9d4b03c45',25,'',2,39,NULL,'2018-06-05 16:28:04'),(32,'774b347af680a897201c439d201393ca',13,'ddd',1,49,'wangmz','2018-06-06 09:59:14'),(33,'480efde278e5b4fed7c4a8ae33819523',7,'',2,25,'jsd','2018-06-06 17:40:55'),(34,'edddb214d02f453f96ca93eb76b8e019',7,'灌灌灌灌灌过过过过过过过过',1,25,'jsd','2018-06-06 17:41:05'),(35,'008f436f246a8365ea6ca0b7d8950b59',25,'',1,51,'管理员','2018-06-06 17:54:09'),(36,'5966146c9353814c645fbc1f337b4ff9',25,'浏览量',1,51,'管理员','2018-06-06 17:56:11'),(37,'9313c4dc567bbd8b2453f27fe2badc0b',19,'急急急',1,51,'管理员','2018-06-06 17:57:38'),(38,'f1970517295c2a5407401abf28c3e66c',20,'坎坎坷坷扩',1,51,'管理员','2018-06-06 18:03:36'),(39,'830aaec2003b8d5b6e7d4be40960a3a7',23,'',2,51,'管理员','2018-06-06 18:05:09'),(40,'01bd73498c019aa592e342e122d23198',23,'',2,51,'管理员','2018-06-06 18:05:29'),(41,'8fe5e571ed42abb2e1046b5b8ae9ae36',23,'嘿嘿嘿嘿嘿嘿或或',3,51,'管理员','2018-06-06 18:05:38'),(42,'b867451392ae778d8ce9d5702437a40c',20,'',2,51,'管理员','2018-06-07 10:22:23'),(43,'1506785127d02f33c25d9a8fbba0da90',25,'灌灌灌灌灌过过过过过',2,51,'管理员','2018-06-07 10:24:46'),(44,'dff6bf4581a3eb37d561087fbee3d8b6',24,'午餐擦擦擦',3,51,'管理员','2018-06-07 10:25:00'),(45,'2dbf2217c3fbe8f4225a4f983f6c5399',41,'五点七五',1,54,'管理员','2018-06-11 14:19:26'),(46,'435efa3aa463bb84d9a15f22ac6475ad',42,'大青蛙大全',1,54,'管理员','2018-06-11 14:19:38'),(47,'ac31b19f23230dd3b42326ca0ff36881',27,'',1,54,'管理员','2018-06-11 16:10:49'),(48,'ea79bd581747b59e0c6255916286ae6f',33,'的武器的',1,54,'管理员','2018-06-11 16:11:02'),(49,'47a24b9fe5155a40004b00c82d47210e',43,'滚滚滚',2,51,'管理员','2018-06-11 16:11:48');

/*Table structure for table `fixture_company` */

DROP TABLE IF EXISTS `fixture_company`;

CREATE TABLE `fixture_company` (
  `id` int(11) NOT NULL AUTO_INCREMENT,
  `uuid` char(32) DEFAULT NULL COMMENT '唯一索引',
  `vipmechanismid` int(11) DEFAULT '1' COMMENT '会员机制id，默认 标准版',
  `provinceid` int(11) DEFAULT NULL COMMENT '省id',
  `cityid` int(11) DEFAULT NULL COMMENT '市id',
  `coucntryid` int(11) DEFAULT NULL COMMENT '区id',
  `name` varchar(100) DEFAULT NULL COMMENT '公司名称',
  `fullname` varchar(255) DEFAULT NULL COMMENT '公司简称',
  `contacts` varchar(255) DEFAULT NULL COMMENT '联系人',
  `phone` varchar(30) DEFAULT NULL COMMENT '联系方式',
  `addr` varchar(255) DEFAULT NULL COMMENT '地址',
  `fulladdr` varchar(255) DEFAULT NULL COMMENT '详情地址  省市区+地址',
  `resume` varchar(300) DEFAULT NULL COMMENT '公司简介',
  `logo` longtext COMMENT '企业logo',
  `clientappid` varchar(100) DEFAULT NULL COMMENT '客户小程序appid',
  `deadline` datetime DEFAULT NULL COMMENT '机制过期时间，过期后自动成为标准版（后台自动定期处理）',
  `created_at` datetime DEFAULT NULL COMMENT '创建时间',
  `updated_at` datetime DEFAULT NULL COMMENT '修改时间',
  PRIMARY KEY (`id`)
) ENGINE=InnoDB AUTO_INCREMENT=24 DEFAULT CHARSET=utf8 COMMENT='公司';

/*Data for the table `fixture_company` */

insert  into `fixture_company`(`id`,`uuid`,`vipmechanismid`,`provinceid`,`cityid`,`coucntryid`,`name`,`fullname`,`contacts`,`phone`,`addr`,`fulladdr`,`resume`,`logo`,`clientappid`,`deadline`,`created_at`,`updated_at`) values (1,'31645b462d8411e88aa754e1adc540fa',1,140000,140200,140211,'积木家','西安积木家信息科技有限公司','总-张三','','龙首源8号','陕西省西安市龙首源8号','在互联网家装行业垂直市场，积木家专注为年轻人提供高品质低价格的互联网整居全包装修服务。','user/31645b462d8411e88aa754e1adc540fa/111.jpg',NULL,'2019-03-22 11:35:23','2018-03-22 11:35:41',NULL),(2,'a06291162d8411e88aa754e1adc540fa',1,140000,140200,140211,'蘑菇家','西安蘑菇网科技有限公司','总-张四','','未央湖2号','陕西省西安市未央湖2号','整体家装,就选蘑菇加。蘑菇加,亚厦股份旗下互联网家装品牌。','user/31645b462d8411e88aa754e1adc540fa/111.jpg',NULL,'2019-03-22 11:37:26','2018-03-22 11:37:36',NULL),(3,'95bf5307ef7f4da54716d40867620444',1,140000,140200,140211,'啥活动','啥活动商场','的武器的',NULL,'的地位得到完全得到','山西大同市南郊区','的武器大全我青蛙打网球我的武器',NULL,'32222wwwww',NULL,'2018-03-25 09:44:30','2018-03-25 09:44:30'),(4,'6b5783e0af9dd8beaf17519748f26630',1,130000,130200,130203,'啊啊啊','啊啊啊','的武器大全','15094014770','达娃打网球的','河北省唐山市路北区','的武器大全的武器大全我222','user/6b5783e0af9dd8beaf17519748f26630/REu5U5P99U73ffA45DhsnTBIPl7LxGYUjdKC0L9Z.jpeg','aaasddd2222222',NULL,'2018-03-25 10:12:07','2018-05-15 10:26:54'),(5,'7d8438aec28f5638e7b1d2d3a7dc2ca0',1,610000,610100,610112,'小灰灰','小灰灰','tttttt',NULL,'gshs trgwsy','陕西西安市未央区','ttttttttttttttttttt','user/7d8438aec28f5638e7b1d2d3a7dc2ca0/N2RaYv6jqJbXQSaTXKQ2PeMMDMv5POWr4PXJWYXp.jpeg','0jk12390000000000000000000',NULL,'2018-03-27 06:01:40','2018-03-27 06:01:40'),(6,'bf13fed3cbe6409970c97503f05539b8',1,610000,610100,610102,'测试公司','测试',NULL,'15094014770','龙首南路','NaN新城区','龙首南路龙首南路',NULL,NULL,NULL,'2018-05-14 18:18:27','2018-05-14 18:42:39'),(7,'1e9e1b3a512e5f9b38a44f3ba8e876da',1,120000,120100,120102,'测试公司','啥活动商场',NULL,'15094014770','浦东和','天津市市辖区河东区','的武器的',NULL,NULL,NULL,'2018-05-16 19:11:55','2018-05-17 10:01:46'),(8,'905707d56a89a60ef43afabfa43d69cc',1,110000,110100,110101,'测试公司','就哈哈的',NULL,'029-8473311','大哥我去的工期延误','北京市市辖区东城区','带我去带我去的q','user/905707d56a89a60ef43afabfa43d69cc/pKid8vyEmTGYJxKjvWifs94KdjJMuLoPccyRSrmG.jpeg',NULL,NULL,'2018-05-23 18:04:28','2018-06-04 14:59:39'),(9,'594ee77564e9a9c0225afb8b9945d87d',1,210000,210100,210102,'好利来有限公司','好利来',NULL,'02986687002','龙首原印象城uyudihdfjsfjkfk','辽宁省沈阳市和平区','好利来 企业于1992年9月在兰州诞生，后总部迁到北京。现为拥有上亿元固定资产，七千多名员工，及北京好利来企业投资管理有限公司、北京好利来工贸有限公司、北京好利来商贸有限公司等三家控股公司的大型食品专营连锁企业集团，创始人及现任CEO为著名摄影人罗红。\r\n经过多年努力，好利来企业现已发展成为生产经营蛋糕、面包、西点、中点、咖啡饮料、月饼、汤圆、粽子等产品为主，拥有分布于全国80多个大中型城市的近千家直营连锁店，北京、天津、沈阳三座国内一流的大型现代化食品工业园，上万名高素质员工的国内焙烤行业领军企业。','user/594ee77564e9a9c0225afb8b9945d87d/BwpKpbDUBRMviGLJVJbaIpnebnA0Z3YLxEQQcsCX.png',NULL,NULL,'2018-05-24 10:01:39','2018-06-04 13:44:49'),(10,'fb3d8b5ac595e0a0c8567d34561124ae',1,310000,310100,310101,'单公司2','单斯2',NULL,'18092032356','未知的地址2','上海市市辖区黄浦区','奥迪沙收到货','user/fb3d8b5ac595e0a0c8567d34561124ae/OHHXEF4gLMp0iYL90LeaqvJnTkMwF0XRB55x0FnR.jpeg',NULL,NULL,'2018-06-02 10:58:42','2018-06-02 11:02:07'),(11,'82af1c3a93e77a3b8325ba144e372d4e',1,110000,110100,110102,'外人以为','任何事',NULL,'15002326523','收到货没收到','北京市市辖区西城区','电视剧收到货',NULL,NULL,NULL,'2018-06-04 12:47:18','2018-06-04 12:53:02'),(12,'3a2b6c354b16e3b1aa136f9c29c15981',1,610000,610100,610112,'千家粗粮王有限责任公司','千家粗粮王',NULL,'029-8473311','龙首商业街一楼4505','陕西省西安市未央区','千家粗粮王创建于2001年11月7日 ， 是将传统中餐 、西餐 、火锅 、烧烤 、法式铁板、小吃等餐饮形式进行创新组合，得到了广大消费者的认可 ， 更荣获陕西餐饮品牌30强企业、陕西省著名商标、中国餐饮名店等荣誉称号。\r\n　　在2011西安世园会上  ，千家粗粮王是第一家入园也是规模最大的餐饮企业 ，得到了多位国家省市领导的肯定。\r\n　　千家粗粮王现已在西安、宝鸡、咸阳、渭南、安康、汉中等地开办了近20家门店，营业面积20000余平方米，近员工2000余人。','user/3a2b6c354b16e3b1aa136f9c29c15981/2ZYhQWPdkkRElvwG5qKephD8IzXZC1t5I6R9GtVa.png',NULL,NULL,'2018-06-05 09:27:35','2018-06-05 13:49:13'),(13,'9920257771c7f06f350d82fe5dd50204',1,120000,120100,120102,'adsgasdg','asdgdsghas',NULL,'15002960323','asdgsa','天津市市辖区河东区','dhasdg','user/9920257771c7f06f350d82fe5dd50204/uLzngNv3QqKbpWOYgRr1kfqA4rC9jZ0hnvhm6iFl.jpeg',NULL,NULL,'2018-06-05 12:26:03','2018-06-05 12:31:38'),(14,'3ffa5d57f541334775757023bb97218a',1,210000,210100,210104,'jgfdjfgj','dfgjdfgjd',NULL,'029-81615232','sdhsdfj','辽宁省沈阳市大东区','dfjsdfh',NULL,NULL,NULL,'2018-06-05 12:35:08','2018-06-05 12:35:08'),(16,'a258fffb397aa124645de6bf3b065626',1,150000,150600,150621,'默认公司','默认公司',NULL,'18092013000','默认公司','内蒙古自治区鄂尔多斯市达拉特旗','默认公司','user/a258fffb397aa124645de6bf3b065626/PBQEhk0AtWY6oNdFnxIneKFXTTzbK4h4PVjXfDrO.jpeg',NULL,NULL,'2018-06-05 13:14:13','2018-06-05 13:24:17'),(17,'756c3298c93e587c2588d8599eaa26d9',1,140000,140200,140203,'zxcbzxcb','xzcbzxcb',NULL,'029-81615232','zxcbzxcbzx','山西省大同市矿区','','user/756c3298c93e587c2588d8599eaa26d9/01EptvXtYO99isGpXCmJ4duQIlBYC7zaaNSWktng.jpeg',NULL,NULL,'2018-06-05 13:46:39','2018-06-05 13:46:39'),(18,'cd062876d9be229c017c00a36fd91e70',1,140000,140400,140411,'发货的粉红色的','第三方很多事',NULL,'029-81615232','ddfhsdh','山西省长治市郊区','fdshdsfh','user/cd062876d9be229c017c00a36fd91e70/yTSQuaAX4AD5iwO1dCKAzAQ8MtdypqUqaqdfSqsb.jpeg',NULL,NULL,'2018-06-05 15:38:10','2018-06-05 15:38:10'),(19,'e190b848dbea4b79757af8473043ef4c',1,130000,130200,130201,'山西abc','abc',NULL,'02912345678','1111111','河北省唐山市市辖区','111111111',NULL,NULL,NULL,'2018-06-06 15:01:01','2018-06-06 15:01:01'),(20,'e23cb2b98cecc6df0161df46b786137d',1,610000,610100,610102,'千家粗粮王有限责任公司','粗粮王',NULL,'029-89326234','龙首村印象城4590室','陕西省西安市新城区','千家粗粮王创建于2001年11月7日,是将传统中餐 、西餐 、火锅 、烧烤 、法式铁板、小吃等餐饮形式进行创新组合，得到了广大消费者的认可 ， 更荣获陕西餐饮品牌30强企业、陕西省著名商标、中国餐饮名店等荣誉称号。\r\n　　在2011西安世园会上 ,千家粗粮王是第一家入园也是规模最大的餐饮企业 ，得到了多位国家省市领导的肯定。千家粗粮王现已在西安、宝鸡、咸阳、渭南、安康、汉中等地开办了近20家门店，营业面积20000余平方米，近员工2000余人。','user/e23cb2b98cecc6df0161df46b786137d/Nt4UHR36xJxsihcPTArz3FzlMKymusaQqRrxIMav.png',NULL,NULL,'2018-06-06 15:11:09','2018-06-11 09:22:13'),(21,'fa23969f5fc8411aeccc6796585a0aac',1,120000,120100,120102,'shanlina','GGG',NULL,'029-81615232','GGGGDDDDD','天津市市辖区河东区','　央广网北京6月6日消息（记者马闯 刘会民）据中国之声《新闻和报纸摘要》报道，上海合作组织成员国元首理事会第十八次会议将于本月9日到10日在青岛举行，习近平主席将主持会议并举行相关活动。五年来，习近平主席在历次上合组织峰会上积极倡导弘扬“上海精神”。关于“上海精神”，他怎么说？2018-6-6 新闻和报纸摘要全文>>>\r\n\r\n　　从比什凯克到杜尚别，从乌法到塔什干，再到阿斯塔纳，五年来，习近平主席出席上合组织峰会，不断阐释“上海精神”的现实意义，引领上合组织行稳致远。\r\n\r\n　　2013年9月，比什凯克峰会召开。','user/fa23969f5fc8411aeccc6796585a0aac/7KATh7zloInzYb7lc0qkA3axojYMCU8TBkl0V7OX.jpeg',NULL,NULL,'2018-06-06 15:19:30','2018-06-06 17:38:17'),(22,'f6ef7619aed23e2110b4a5a12516fbc0',1,610000,610100,610112,'灰熊家族科技网络有限公司','灰熊家族网络',NULL,'02989379297','龙首村印象城','陕西省西安市未央区','扛把子公司啥都能干。','user/f6ef7619aed23e2110b4a5a12516fbc0/ALzHyykl3rh80eob5zqcdIbc6OuA3B7OW8a7DSqX.jpeg',NULL,NULL,'2018-06-06 15:49:42','2018-06-11 16:38:52'),(23,'770d881e5a146c4aa2bb3bd8b0ce3ded',1,410000,410100,410102,'周大福珠宝集团','周大福',NULL,'029-89326234','河南省周口市鹿邑县郭小集附近','河南省郑州市中原区','周大福官方商城是周大福珠宝集团的官方电子商务平台，囊括黄金、钻石、铂金、K金、宝石等，致力于为顾客提供全新、可信、贴心的珠宝网购体验。周大福珠宝金行有限公司为周大福集团全资附属公司，拥有超过80年历史，是中国内地及香港著名的珠宝首饰品牌。','user/770d881e5a146c4aa2bb3bd8b0ce3ded/NcACW9Ud1Jb3PcVW1UmnWNRdnnMlwsH0I5uD74jT.jpeg',NULL,NULL,'2018-06-09 09:25:34','2018-06-09 09:25:34');

/*Table structure for table `fixture_company_stagetemplate` */

DROP TABLE IF EXISTS `fixture_company_stagetemplate`;

CREATE TABLE `fixture_company_stagetemplate` (
  `id` int(11) NOT NULL AUTO_INCREMENT,
  `uuid` char(32) DEFAULT NULL COMMENT '唯一索引',
  `companyid` int(11) DEFAULT NULL COMMENT '公司id',
  `defaulttemplateid` int(11) DEFAULT NULL COMMENT '系统模板id，对应系统模板 stagetemplate 表id',
  `name` varchar(255) DEFAULT NULL COMMENT '名称',
  `isdefault` tinyint(1) DEFAULT '0' COMMENT '是否属于自定义默认模板 1是 0否',
  `issystem` tinyint(1) DEFAULT '0' COMMENT '1系统添加的模板0自定义添加的模板',
  `status` tinyint(1) DEFAULT '1' COMMENT '状态 默认1 ，1启用 0禁用',
  `created_at` datetime DEFAULT NULL COMMENT '创建时间',
  PRIMARY KEY (`id`)
) ENGINE=InnoDB AUTO_INCREMENT=62 DEFAULT CHARSET=utf8 COMMENT='公司 - 自定义阶段模板名称';

/*Data for the table `fixture_company_stagetemplate` */

insert  into `fixture_company_stagetemplate`(`id`,`uuid`,`companyid`,`defaulttemplateid`,`name`,`isdefault`,`issystem`,`status`,`created_at`) values (1,'e62180be2e8411e8b20154e1adc540fa',4,1,'自定义模板jimu1',0,1,1,'2018-03-23 18:28:18'),(2,'e621829a2e8411e8b20154e1adc540fa',1,NULL,'自定义模板jimu2',1,0,1,'2018-03-23 18:28:18'),(3,'e621830f2e8411e8b20154e1adc540fa',2,NULL,'自定义模板mogu1',0,0,1,'2018-03-23 18:28:18'),(13,'4bf2ea68c47daa849c06038141515913',4,NULL,'标准01',1,0,1,'2018-03-29 08:03:57'),(26,'5dcd864bcb19e90f7ae9dfedc15aa563',4,2,'其他阶段模板',0,1,1,'2018-05-10 14:23:04'),(27,'3674b05ea67c0e6abfd5d274a20e69c2',5,2,'其他阶段模板',0,1,1,'2018-05-16 16:17:54'),(28,'f5991f6d25383a067d68634eb6713190',5,1,'标准阶段模板',0,1,1,'2018-05-16 16:22:33'),(29,'0dc70e06725af995ec150606418e25c6',7,1,'标准阶段模板',1,1,1,'2018-05-16 19:11:55'),(30,'f8421d09093b53c4116a79bda9762eb3',8,1,'标准阶段模板',1,1,1,'2018-05-23 18:04:28'),(31,'a57650ec6d18483fb939dd9c73c761f9',9,1,'标准阶段模板',1,1,1,'2018-05-24 10:01:39'),(32,'23f70a652ac07adcaa5cdbecef19babc',9,2,'其他阶段模板',0,1,1,'2018-05-24 14:16:04'),(33,'852abdd7840dc769e6ed4bc981edb91a',9,NULL,'测试模板',0,0,1,'2018-05-24 14:16:45'),(34,'e42780dc0d636882ecf606f6a3dc9e2f',10,1,'标准阶段模板',1,1,1,'2018-06-02 10:58:42'),(39,'29c5df67ffdbb695c802a7ab26bc3711',11,1,'标准阶段模板',1,1,1,'2018-06-04 12:47:19'),(41,'3f30f9efac040f6c7c07bb644fb97fd1',8,NULL,'灌灌灌灌灌',0,0,1,'2018-06-04 15:11:54'),(42,'cc73251894ee5c7de97e52b2acb95abb',12,1,'标准阶段模板',0,1,1,'2018-06-05 09:27:35'),(43,'0a8ebf60879cbf5fbea99f2d7008896e',12,2,'其他阶段模板',0,1,1,'2018-06-05 10:45:39'),(44,'db7d7ed3f78f3bec0e8f372d2701bac9',12,NULL,'测试',1,0,1,'2018-06-05 10:50:33'),(45,'c675cd80946f7ca2f2e1ed17ab2df236',13,1,'标准阶段模板',1,1,1,'2018-06-05 12:26:04'),(46,'8ef432bdc75b23e86c7ecc29efad41ae',14,1,'标准阶段模板',1,1,1,'2018-06-05 12:35:08'),(48,'24f3f4fd148be5df38eeb5f87ac4d976',16,1,'标准阶段模板',1,1,1,'2018-06-05 13:14:13'),(49,'108a82b76cff4bbe324026ca8d6fdc72',17,1,'标准阶段模板',1,1,1,'2018-06-05 13:46:39'),(50,'5b764c9c11ab5a04faac674550592c65',18,1,'标准阶段模板',1,1,1,'2018-06-05 15:38:10'),(51,'d3015e51429c2da43a8c7fdf1b5660ee',19,1,'标准阶段模板',1,1,1,'2018-06-06 15:01:01'),(52,'f339329817ed9d8e6dfc416257fd3d3a',20,1,'标准阶段模板',0,1,1,'2018-06-06 15:11:09'),(54,'544da77f39053657346bd75906e819b7',21,1,'标准阶段模板',1,1,1,'2018-06-06 15:19:30'),(56,'71f45293b3d5f5107f2688d4e27864e9',22,1,'标准阶段模板',1,1,1,'2018-06-06 15:49:42'),(57,'a333ebcb98459517d6e881f5bd201907',23,1,'标准阶段模板',1,1,1,'2018-06-09 09:25:34'),(58,'03ed1a9b2b57c62635fb6a6335fb65e1',23,NULL,'测试12个模板',0,0,1,'2018-06-09 10:30:08'),(59,'84a68e0fb3c31ef17ff9405ca8e867f8',22,NULL,'灰熊模板',0,0,1,'2018-06-09 17:48:07');

/*Table structure for table `fixture_company_stagetemplate_tag` */

DROP TABLE IF EXISTS `fixture_company_stagetemplate_tag`;

CREATE TABLE `fixture_company_stagetemplate_tag` (
  `id` int(11) NOT NULL AUTO_INCREMENT,
  `uuid` char(32) DEFAULT NULL COMMENT '唯一索引',
  `companyid` int(11) DEFAULT NULL COMMENT '公司id',
  `stagetemplateid` int(11) DEFAULT NULL COMMENT '自动以阶段模板id',
  `name` varchar(100) DEFAULT NULL COMMENT '自定义阶段名称',
  `sort` int(11) DEFAULT NULL COMMENT '排序',
  `status` tinyint(1) DEFAULT '1' COMMENT '状态 默认1 ，1启用 0禁用',
  `created_at` datetime DEFAULT NULL COMMENT '创建时间',
  `updated_at` datetime DEFAULT NULL COMMENT '修改时间',
  PRIMARY KEY (`id`)
) ENGINE=InnoDB AUTO_INCREMENT=387 DEFAULT CHARSET=utf8 COMMENT='公司 - 自定义模板阶段';

/*Data for the table `fixture_company_stagetemplate_tag` */

insert  into `fixture_company_stagetemplate_tag`(`id`,`uuid`,`companyid`,`stagetemplateid`,`name`,`sort`,`status`,`created_at`,`updated_at`) values (1,'e639b3b42e8411e8b20154e1adc540fa',1,1,'jimu阶段1',NULL,1,'2018-03-23 18:28:18',NULL),(2,'e63a38992e8411e8b20154e1adc540fa',1,1,'jimu阶段2',NULL,1,'2018-03-23 18:28:18',NULL),(11,'e63a39462e8411e8b20154e1adc540fa',1,1,'jimu阶段3',NULL,1,'2018-03-23 18:28:18',NULL),(12,'e63a3a402e8411e8b20154e1adc540fa',1,1,'jimu阶段4',NULL,1,'2018-03-23 18:28:18',NULL),(13,'e63a3a982e8411e8b20154e1adc540fa',1,1,'jimu阶段5',NULL,1,'2018-03-23 18:28:18',NULL),(14,'e63a3ae22e8411e8b20154e1adc540fa',1,2,'jimu阶段6',NULL,1,'2018-03-23 18:28:18',NULL),(15,'e63a3b2c2e8411e8b20154e1adc540fa',1,2,'jimu阶段7',NULL,1,'2018-03-23 18:28:18',NULL),(16,'e63a3b6f2e8411e8b20154e1adc540fa',1,2,'jimu阶段8',NULL,1,'2018-03-23 18:28:18',NULL),(17,'e63a3bb22e8411e8b20154e1adc540fa',1,2,'jimu阶段9',NULL,1,'2018-03-23 18:28:18',NULL),(18,'e63a3bf92e8411e8b20154e1adc540fa',2,3,'mogu阶段1',NULL,1,'2018-03-23 18:28:18',NULL),(19,'e63a3c3f2e8411e8b20154e1adc540fa',2,3,'mogu阶段2',NULL,1,'2018-03-23 18:28:18',NULL),(20,'e63a3c862e8411e8b20154e1adc540fa',2,3,'mogu阶段3',NULL,1,'2018-03-23 18:28:18',NULL),(90,'0ae3165436040a191d61573e40924f68',4,13,'设1',0,1,'2018-05-09 18:30:45','2018-05-09 18:30:45'),(91,'2deca56ba90e25d71236d4853bab5076',4,13,'签2',1,1,'2018-05-09 18:30:45','2018-05-09 18:30:45'),(92,'3a49ae14d7c53da3397b26fbe8253786',4,13,'拆3',2,1,'2018-05-09 18:30:45','2018-05-09 18:30:45'),(93,'ef8248301a41123123de121390fb26c5',4,13,'水4',3,1,'2018-05-09 18:30:45','2018-05-09 18:30:45'),(94,'52b9374f3aba837a3fa3649ef4ba2fd2',4,13,'泥5',4,1,'2018-05-09 18:30:45','2018-05-09 18:30:45'),(95,'8d512d54fac8474648171523d8afb205',4,13,'油6',5,1,'2018-05-09 18:30:45','2018-05-09 18:30:45'),(96,'e978b701ed1ab9df8828768180202b74',4,13,'安7',6,1,'2018-05-09 18:30:45','2018-05-09 18:30:45'),(97,'57ef3b8a1c9634ee09efd58387712779',4,13,'完成',7,1,'2018-05-09 18:30:45','2018-05-09 18:30:45'),(112,'a30ba402771b5865912c9a4cf693db8b',4,26,'签约',0,1,'2018-05-10 14:23:04',NULL),(113,'25942f03a2c316f28a679b7a9cf303e8',4,26,'软装',1,1,'2018-05-10 14:23:04',NULL),(114,'575592cb75d4c11fd4439dfd3874ae00',4,26,'入住',2,1,'2018-05-10 14:23:04',NULL),(115,'f42456ec034c3f5fc9f5a8ee15d5f4fa',4,26,'完工',3,1,'2018-05-10 14:23:04',NULL),(116,'27d741eeac01dd4bb03909450b777a1d',5,27,'签约',0,1,'2018-05-16 16:17:54',NULL),(117,'dfe98c91bbb807bfd67a94a6c92f1a4c',5,27,'软装',1,1,'2018-05-16 16:17:54',NULL),(118,'3cda47c854ed3c7aee493e2a4fd0727e',5,27,'入住',2,1,'2018-05-16 16:17:54',NULL),(119,'022655cee67decb0787410151092d1d8',5,27,'完工',3,1,'2018-05-16 16:17:54',NULL),(120,'377abe456f108eb6fd6ac86f3da57bf2',5,28,'签约',0,1,'2018-05-16 16:22:33',NULL),(121,'246d08308dd38afbab280791863c927e',5,28,'设计',1,1,'2018-05-16 16:22:33',NULL),(122,'998f0a517bdad97f8a7a982776cadc75',5,28,'拆改',2,1,'2018-05-16 16:22:33',NULL),(123,'82584a35958f4be516123d8c4dac4a91',5,28,'水电',3,1,'2018-05-16 16:22:33',NULL),(124,'4497ac74a3bc4f00b26528b38b498a6c',5,28,'泥木',4,1,'2018-05-16 16:22:33',NULL),(125,'ed3d033d731b498aa1c2ca51fdcf4a2e',5,28,'油漆',5,1,'2018-05-16 16:22:33',NULL),(126,'36f4f09b34c85a4f60db125b434afffe',5,28,'安装',6,1,'2018-05-16 16:22:33',NULL),(127,'ced780166e3b4a4c71b17d18f0ff28c3',5,28,'软装',7,1,'2018-05-16 16:22:33',NULL),(128,'5c62e4c919c8a658cc18bc40eae458d1',5,28,'入住',8,1,'2018-05-16 16:22:33',NULL),(129,'177577c7ae0bb8bc6775b2431cf76590',5,28,'完工',9,1,'2018-05-16 16:22:33',NULL),(130,'9cf60f7969699436f4d1db47928e3a20',7,29,'签约',0,1,'2018-05-16 19:11:55',NULL),(131,'693276d8aa8df7e673bae2a1489a23b4',7,29,'设计',1,1,'2018-05-16 19:11:55',NULL),(132,'b2d5205ad2649d8d45427762fdd5bfa3',7,29,'拆改',2,1,'2018-05-16 19:11:55',NULL),(133,'cc8b4ab5be398641eac8e2cdb7093b3d',7,29,'水电',3,1,'2018-05-16 19:11:55',NULL),(134,'0ffea752e33c98c93e4c2f45474a695f',7,29,'泥木',4,1,'2018-05-16 19:11:55',NULL),(135,'015538d3cdd57b9fff4e6baa314fe3ed',7,29,'油漆',5,1,'2018-05-16 19:11:55',NULL),(136,'ab487f0eb6e2df58f305f81d4cccb27f',7,29,'安装',6,1,'2018-05-16 19:11:55',NULL),(137,'db29d34322cd15c905ed2abfa4dafc0d',7,29,'软装',7,1,'2018-05-16 19:11:55',NULL),(138,'9434e3f500877805d34d18b04582600e',7,29,'入住',8,1,'2018-05-16 19:11:55',NULL),(139,'71077fb76b66cd54b16812a84cb90681',7,29,'完工',9,1,'2018-05-16 19:11:55',NULL),(140,'a54842d49ec3fe3d12d9b3f6da13a330',8,30,'签约',0,1,'2018-05-23 18:04:28',NULL),(141,'eaa7d9f08fcd3267932aee501e5413fe',8,30,'设计',1,1,'2018-05-23 18:04:28',NULL),(142,'7016bcfc8be4cc1dcd12f25da2aa0475',8,30,'拆改',2,1,'2018-05-23 18:04:28',NULL),(143,'a032206ea127f1689927920daec8f08e',8,30,'水电',3,1,'2018-05-23 18:04:28',NULL),(144,'f1fd87ffb8f871c9f93636fecdd31a9c',8,30,'泥木',4,1,'2018-05-23 18:04:28',NULL),(145,'1c7f26bcc52602ef9f4349f86b7c3e3c',8,30,'油漆',5,1,'2018-05-23 18:04:28',NULL),(146,'91ae2b13d2bd984a9c6f06528ecd9315',8,30,'安装',6,1,'2018-05-23 18:04:28',NULL),(147,'38b6f02eaeb8b91013a043877eb0293d',8,30,'软装',7,1,'2018-05-23 18:04:28',NULL),(148,'f93d7a164f0b85051f2d66d2f531497e',8,30,'入住',8,1,'2018-05-23 18:04:28',NULL),(149,'c2baf1020266829727f711c9b4d24e6c',8,30,'完工',9,1,'2018-05-23 18:04:28',NULL),(150,'57e9380790025af97c0213db7caf807e',9,31,'签约',0,1,'2018-05-24 10:01:39',NULL),(151,'5eb8f51fc7919929197bc28e11fa918b',9,31,'设计',1,1,'2018-05-24 10:01:39',NULL),(152,'2db5a7b65339b01b2012c73764ec2cce',9,31,'拆改',2,1,'2018-05-24 10:01:39',NULL),(153,'58620272b5ee68dacd8c1a1d8c2dbf89',9,31,'水电',3,1,'2018-05-24 10:01:39',NULL),(154,'b4f6f2d4cb26e6659939fe8aa9d715e3',9,31,'泥木',4,1,'2018-05-24 10:01:39',NULL),(155,'8bbe622b8785d816ebb7006f1953b238',9,31,'油漆',5,1,'2018-05-24 10:01:39',NULL),(156,'396093d88f1da462aa21a386dfd22d47',9,31,'安装',6,1,'2018-05-24 10:01:39',NULL),(157,'6928a09f098a579910b963c3d2e26121',9,31,'软装',7,1,'2018-05-24 10:01:39',NULL),(158,'4d5e62c475d2008954007af6b0652ad7',9,31,'入住',8,1,'2018-05-24 10:01:39',NULL),(159,'c2f769d0cf0f037eab9eee8fdefbda22',9,31,'完工',9,1,'2018-05-24 10:01:39',NULL),(160,'9ddf9a7cb3e4c134203b00c1a2275ded',9,32,'签约',0,1,'2018-05-24 14:16:04',NULL),(161,'f3e485bbb949f6950a822788fe563c98',9,32,'软装',1,1,'2018-05-24 14:16:04',NULL),(162,'87820536cb87d6a878b84e9ff3389f09',9,32,'入住',2,1,'2018-05-24 14:16:04',NULL),(163,'58e58e4e5d4f68034172d20f41e70dd9',9,32,'完工',3,1,'2018-05-24 14:16:04',NULL),(164,'4e4485df4399f22814259b9cb8753c37',9,33,'12',0,1,'2018-05-24 14:16:45',NULL),(165,'6b74f3739bfd6e9c5467e2db5a611b46',9,33,'23',1,1,'2018-05-24 14:16:45',NULL),(166,'11b7f04a608dd96430a156a90bd0b1c9',9,33,'45',2,1,'2018-05-24 14:16:45',NULL),(167,'a1d346504d6b111c9dcd6719c94651e6',9,33,'56',3,1,'2018-05-24 14:16:45',NULL),(168,'3092ce83543d6d0f129c5333020b45cf',9,33,'78',4,1,'2018-05-24 14:16:45',NULL),(169,'694dfce432504cec75e04c3f489d06bb',9,33,'90',5,1,'2018-05-24 14:16:45',NULL),(170,'15df85f02f728ce95567e99a82c231e7',10,34,'签约',0,1,'2018-06-02 10:58:42',NULL),(171,'18b3e998c83ca857a651ad491ee89cee',10,34,'设计',1,1,'2018-06-02 10:58:42',NULL),(172,'6e8d268643e19676b455918116a896b7',10,34,'拆改',2,1,'2018-06-02 10:58:42',NULL),(173,'c475ba5b14e7f595d5d668242ac744f0',10,34,'水电',3,1,'2018-06-02 10:58:42',NULL),(174,'b6418cadaa0c8aafc1a5e82fc326745c',10,34,'泥木',4,1,'2018-06-02 10:58:42',NULL),(175,'1748e2219d82e5e9d8a2f32f21ad14bc',10,34,'油漆',5,1,'2018-06-02 10:58:42',NULL),(176,'a51ee6a4c92eb95065f14a3460b96b9a',10,34,'安装',6,1,'2018-06-02 10:58:42',NULL),(177,'ee86f08391d68d38198d5ddae9e27612',10,34,'软装',7,1,'2018-06-02 10:58:42',NULL),(178,'1e307a30a82a97b96dcdbb5f1b31b1cc',10,34,'入住',8,1,'2018-06-02 10:58:42',NULL),(179,'b617b8bb79ec7020a7496992e1c19ae0',10,34,'完工',9,1,'2018-06-02 10:58:42',NULL),(192,'048b417b0bee3bfb3e5991f20929f4a2',11,39,'签约',0,1,'2018-06-04 12:47:19',NULL),(193,'c93c319a002899049657f0cd1d00f1de',11,39,'设计',1,1,'2018-06-04 12:47:19',NULL),(194,'7c2aa5e8fdb179c818594ab76a0a7375',11,39,'拆改',2,1,'2018-06-04 12:47:19',NULL),(195,'29307984680d2606ee35f1ff08292ac7',11,39,'水电',3,1,'2018-06-04 12:47:19',NULL),(196,'124903c70be4ddb4d0cf3ef17a4e1573',11,39,'泥木',4,1,'2018-06-04 12:47:19',NULL),(197,'feeaee3b29c75d038e68df277af2226e',11,39,'油漆',5,1,'2018-06-04 12:47:19',NULL),(198,'d12758c1cb24a17372f79b4c94be3077',11,39,'安装',6,1,'2018-06-04 12:47:19',NULL),(199,'020fa84001bb0ff5abf3dab8e6545211',11,39,'软装',7,1,'2018-06-04 12:47:19',NULL),(200,'13581d0849d9600584ede3f70db2ecd3',11,39,'入住',8,1,'2018-06-04 12:47:19',NULL),(201,'c9e329db0cacce2103c15a927eefe236',11,39,'完工',9,1,'2018-06-04 12:47:19',NULL),(207,'360810d06e94810ae6429d0aaf6517bc',8,41,'55',0,1,'2018-06-04 15:11:54',NULL),(208,'a15fa8b27f515c25a6f7398a518552d7',8,41,'55',1,1,'2018-06-04 15:11:54',NULL),(209,'ef3bf60fe059fc658b55532cd2fec11d',8,41,'55',2,1,'2018-06-04 15:11:54',NULL),(210,'07c20702c5cc6908114c0b99fbda8bb2',8,41,'55',3,1,'2018-06-04 15:11:54',NULL),(211,'ebfc3e78e90cdce5e9b83a9cf8eab562',12,42,'签约',0,1,'2018-06-05 09:27:35',NULL),(212,'abf0b87bb9d6462bd39e5c693844ac69',12,42,'设计',1,1,'2018-06-05 09:27:35',NULL),(213,'4fa3eac1ae0c4aa13d12e17992c09f7c',12,42,'拆改',2,1,'2018-06-05 09:27:35',NULL),(214,'e5ef09265c3c176155c33ed6c6666af5',12,42,'水电',3,1,'2018-06-05 09:27:35',NULL),(215,'624b8235b3903bd947daa647fe605256',12,42,'泥木',4,1,'2018-06-05 09:27:35',NULL),(216,'57c84202b35cde9bcd983dbc1b7a9abe',12,42,'油漆',5,1,'2018-06-05 09:27:35',NULL),(217,'46ac8fbf5fdb3db3a614a5fc6edd0a59',12,42,'安装',6,1,'2018-06-05 09:27:35',NULL),(218,'f4eb3963967e9ca1f12279834a66b83b',12,42,'软装',7,1,'2018-06-05 09:27:35',NULL),(219,'1c53b0c948e09b7fce2218ca4a592ac1',12,42,'入住',8,1,'2018-06-05 09:27:35',NULL),(220,'cce9adc951aa9fc7271b8ea176aeb510',12,42,'完工',9,1,'2018-06-05 09:27:35',NULL),(221,'f05fd7ca4f126625a9424146c7391277',12,43,'签约',0,1,'2018-06-05 10:45:39',NULL),(222,'0446ba95fb88166c5669ac55d0cf7629',12,43,'软装',1,1,'2018-06-05 10:45:39',NULL),(223,'3321e03d350f0d8287231ab1fb4bab79',12,43,'入住',2,1,'2018-06-05 10:45:39',NULL),(224,'5a21e56ecdce1b54944d7e84536a215d',12,43,'完工',3,1,'2018-06-05 10:45:39',NULL),(225,'336d4dbaf5e8b41bd29f1dc176f19433',12,44,'44',0,1,'2018-06-05 10:50:33',NULL),(226,'212cb795a309580f0024722874c315d3',12,44,'11',1,1,'2018-06-05 10:50:33',NULL),(227,'54f78910774764594b7120342d57a8e7',12,44,'22',2,1,'2018-06-05 10:50:33',NULL),(228,'77407c356d3d4e3d68a8f32ed6fbe3b7',12,44,'33',3,1,'2018-06-05 10:50:33',NULL),(229,'17e9f48a2df92df1b1ac0a60875f4429',12,44,'55',4,1,'2018-06-05 10:50:33',NULL),(230,'1ded81b578f841ba7387a41d4a12e354',13,45,'签约',0,1,'2018-06-05 12:26:04',NULL),(231,'f5e8bb6e0f8f2dfefde2d77c674cb920',13,45,'设计',1,1,'2018-06-05 12:26:04',NULL),(232,'06dc16cd25dcc2c0d5e79692d62d8fb2',13,45,'拆改',2,1,'2018-06-05 12:26:04',NULL),(233,'9946f6a2b101652447592536840ecc20',13,45,'水电',3,1,'2018-06-05 12:26:04',NULL),(234,'3c620c9a447a7a02e9de9904545d50af',13,45,'泥木',4,1,'2018-06-05 12:26:04',NULL),(235,'64758f36acb378f2f7ca9f899525f99f',13,45,'油漆',5,1,'2018-06-05 12:26:04',NULL),(236,'2ba2ef2e0d5ef13c42f95047d6759595',13,45,'安装',6,1,'2018-06-05 12:26:04',NULL),(237,'859f6104541e292e6b97b510c94f6c9a',13,45,'软装',7,1,'2018-06-05 12:26:04',NULL),(238,'699623d274b75396154b584e56ffa6b3',13,45,'入住',8,1,'2018-06-05 12:26:04',NULL),(239,'15d09429cf921699eb3f18e51703ad47',13,45,'完工',9,1,'2018-06-05 12:26:04',NULL),(240,'9d8fe4aeb6d76a6eed4cab1a4cc6593e',14,46,'签约',0,1,'2018-06-05 12:35:09',NULL),(241,'be484f453aec4b7a13848ec3c0c324d7',14,46,'设计',1,1,'2018-06-05 12:35:09',NULL),(242,'b31141669d2f92250f0a137b89fd9199',14,46,'拆改',2,1,'2018-06-05 12:35:09',NULL),(243,'c2ea351fd188d968855e6e389754037b',14,46,'水电',3,1,'2018-06-05 12:35:09',NULL),(244,'deca7dba4eee8724bc7962a75f494061',14,46,'泥木',4,1,'2018-06-05 12:35:09',NULL),(245,'c0228c436c2be8f40f88907a06b29d62',14,46,'油漆',5,1,'2018-06-05 12:35:09',NULL),(246,'e9abaeff03ec1a76140a550696ff85d2',14,46,'安装',6,1,'2018-06-05 12:35:09',NULL),(247,'d8d7b5312420fd899e58e67b62529c49',14,46,'软装',7,1,'2018-06-05 12:35:09',NULL),(248,'b3b72b36eb618f3deb81306418057e4b',14,46,'入住',8,1,'2018-06-05 12:35:09',NULL),(249,'74bbdb17f0c67b8d9e5e6357213a3446',14,46,'完工',9,1,'2018-06-05 12:35:09',NULL),(260,'c0659b1b4208bbc92625541445bcf78f',16,48,'签约',0,1,'2018-06-05 13:14:13',NULL),(261,'6e9c5b5c7b992a7a33c5b911f0153941',16,48,'设计',1,1,'2018-06-05 13:14:13',NULL),(262,'ee8d50916abff03063452abbf7a80047',16,48,'拆改',2,1,'2018-06-05 13:14:13',NULL),(263,'eca56cd8a77e8196c839c88549cf0462',16,48,'水电',3,1,'2018-06-05 13:14:13',NULL),(264,'64816704338810b4e1958e2e7a2402f3',16,48,'泥木',4,1,'2018-06-05 13:14:13',NULL),(265,'5ddc3f8b2323d007aea64737f8b6ed77',16,48,'油漆',5,1,'2018-06-05 13:14:13',NULL),(266,'b7621a1820a3fe8124b09ff1f63abc92',16,48,'安装',6,1,'2018-06-05 13:14:13',NULL),(267,'20372e64c2d344988c2f65c6f769dd92',16,48,'软装',7,1,'2018-06-05 13:14:13',NULL),(268,'8b7a080054911dc315867ea52445b7cc',16,48,'入住',8,1,'2018-06-05 13:14:13',NULL),(269,'9709ce781f2b459cf777dc5c93159b02',16,48,'完工',9,1,'2018-06-05 13:14:13',NULL),(270,'993ad4fc58caa2f4ffdf1412b7798248',17,49,'签约',0,1,'2018-06-05 13:46:39',NULL),(271,'ad92a1bb42659b5913e07604149760f6',17,49,'设计',1,1,'2018-06-05 13:46:39',NULL),(272,'6031f8af7dd631f4d88d6b8dbe1adb81',17,49,'拆改',2,1,'2018-06-05 13:46:39',NULL),(273,'15aa0ea73af75a4c0beb461c7152074e',17,49,'水电',3,1,'2018-06-05 13:46:39',NULL),(274,'aad6fa70eabecca984e4f3a09fe2e65a',17,49,'泥木',4,1,'2018-06-05 13:46:39',NULL),(275,'dfceecb29a15e0b0f5a13cd2336acad1',17,49,'油漆',5,1,'2018-06-05 13:46:39',NULL),(276,'086532db1718ea5529aed84a1d600fc9',17,49,'安装',6,1,'2018-06-05 13:46:39',NULL),(277,'35fbfe0f27a4a781116b1fd0c5eb8fb1',17,49,'软装',7,1,'2018-06-05 13:46:39',NULL),(278,'3210787d242ff7f1f2f51f2184f84d85',17,49,'入住',8,1,'2018-06-05 13:46:39',NULL),(279,'e58757f5933c23ab7650241a45de98f2',17,49,'完工',9,1,'2018-06-05 13:46:39',NULL),(280,'b5dbe177d499f603cdb60a7cf861a021',18,50,'签约',0,1,'2018-06-05 15:38:10',NULL),(281,'756be583f82457e434e928546e4a4ec1',18,50,'设计',1,1,'2018-06-05 15:38:10',NULL),(282,'6784eb33954b9a874c9bb5f935d4425e',18,50,'拆改',2,1,'2018-06-05 15:38:10',NULL),(283,'5d0dafa96ccf086feb21ba333753db0d',18,50,'水电',3,1,'2018-06-05 15:38:10',NULL),(284,'1d4a320aff77bbedf4a5cbd7e99ba104',18,50,'泥木',4,1,'2018-06-05 15:38:10',NULL),(285,'b79b60b1a242517e78bb55c42cdd03bf',18,50,'油漆',5,1,'2018-06-05 15:38:10',NULL),(286,'c0a5f2638d726247a26700f56089b8d5',18,50,'安装',6,1,'2018-06-05 15:38:10',NULL),(287,'5d81d0ef1477cc070145393816538a6f',18,50,'软装',7,1,'2018-06-05 15:38:10',NULL),(288,'4a940ecb30c0d821d1e2414001df4182',18,50,'入住',8,1,'2018-06-05 15:38:10',NULL),(289,'0aecec7f2cf12ea35381932e2b5547c0',18,50,'完工',9,1,'2018-06-05 15:38:10',NULL),(290,'6f021fbb72ac16ce56b2727d82341414',19,51,'签约',0,1,'2018-06-06 15:01:01',NULL),(291,'0dc6392fa0ebea31b785510ac67a386f',19,51,'设计',1,1,'2018-06-06 15:01:01',NULL),(292,'f22a7633525e3008a213d1e301ac2727',19,51,'拆改',2,1,'2018-06-06 15:01:01',NULL),(293,'a565efeced5fb096c648cb37969f38d0',19,51,'水电',3,1,'2018-06-06 15:01:01',NULL),(294,'89dcccb411d886c6e694a0248b168888',19,51,'泥木',4,1,'2018-06-06 15:01:01',NULL),(295,'0210d94ba02a22dc287ab77e69405e60',19,51,'油漆',5,1,'2018-06-06 15:01:01',NULL),(296,'6d7ce29c162ba8b7c84ac2aeac2c1467',19,51,'安装',6,1,'2018-06-06 15:01:01',NULL),(297,'d95d9c9674d19dc4a31b6eb72ed5c1da',19,51,'软装',7,1,'2018-06-06 15:01:01',NULL),(298,'249f45154c16301e9a8404531bd56ffe',19,51,'入住',8,1,'2018-06-06 15:01:01',NULL),(299,'89db40e1579855e08e4bb1d315cd2d9a',19,51,'完工',9,1,'2018-06-06 15:01:01',NULL),(300,'b287a3b96e740342fd98726bb014ce31',20,52,'签约',0,1,'2018-06-06 15:11:09',NULL),(301,'11f900019b83e490cf849d28ace3f5ab',20,52,'设计',1,1,'2018-06-06 15:11:09',NULL),(302,'d2298c2de454b835a868f8052a22cf9c',20,52,'拆改',2,1,'2018-06-06 15:11:09',NULL),(303,'0a811b3503868e69b6e71defe098c977',20,52,'水电',3,1,'2018-06-06 15:11:09',NULL),(304,'a82e8228f1e6fea5d843a57acdea098c',20,52,'泥木',4,1,'2018-06-06 15:11:09',NULL),(305,'e23ad89aa64b370d920116a30a42478a',20,52,'油漆',5,1,'2018-06-06 15:11:09',NULL),(306,'e3fa3a78321effd4afb98ef09653a518',20,52,'安装',6,1,'2018-06-06 15:11:09',NULL),(307,'6eec2a56335a5d50c44fb303cb69f3e1',20,52,'软装',7,1,'2018-06-06 15:11:09',NULL),(308,'a5dc760539138163e8dba142f07c9edf',20,52,'入住',8,1,'2018-06-06 15:11:09',NULL),(309,'8fcfbfafb159a9a47c1251cab8887fab',20,52,'完工',9,1,'2018-06-06 15:11:09',NULL),(315,'beac84ccb7edfcbdef9148b05464f99f',21,54,'签约',0,1,'2018-06-06 15:19:30',NULL),(316,'6492e8a3b24fc39303d5b088df3993aa',21,54,'设计',1,1,'2018-06-06 15:19:30',NULL),(317,'a639c863720742b3efde761e55918216',21,54,'拆改',2,1,'2018-06-06 15:19:30',NULL),(318,'e17186b142bfb9c9ad95ddca11a375f4',21,54,'水电',3,1,'2018-06-06 15:19:30',NULL),(319,'d930313a9233643ed8e7878db0f3734e',21,54,'泥木',4,1,'2018-06-06 15:19:30',NULL),(320,'1aa5377bf25ff187c3b914b31c81a46c',21,54,'油漆',5,1,'2018-06-06 15:19:30',NULL),(321,'3ade7125ded14bc6efe91f5383f2aeb3',21,54,'安装',6,1,'2018-06-06 15:19:30',NULL),(322,'c9bd394432c71df8ba335970e1d6af3a',21,54,'软装',7,1,'2018-06-06 15:19:30',NULL),(323,'187158d76213e13186eeb5212c6af8cf',21,54,'入住',8,1,'2018-06-06 15:19:30',NULL),(324,'61fa7181ac96aa7c169dc2fd8f966dc9',21,54,'完工',9,1,'2018-06-06 15:19:30',NULL),(328,'16860df121a617443c7c6c70511dcd28',22,56,'签约',0,1,'2018-06-06 15:49:42',NULL),(329,'9d55184e7841bd6a815d80b1a71b6f70',22,56,'设计',1,1,'2018-06-06 15:49:42',NULL),(330,'ed57d1eef1a47a0df674f77c9e864ec4',22,56,'拆改',2,1,'2018-06-06 15:49:42',NULL),(331,'d8989f5d0a6bc2e887a6f33ad29fc9b2',22,56,'水电',3,1,'2018-06-06 15:49:42',NULL),(332,'cc72460260db94c47dcf23367d9a12a0',22,56,'泥木',4,1,'2018-06-06 15:49:42',NULL),(333,'065bdea1e6b195dfdb2e52aa9fea76b2',22,56,'油漆',5,1,'2018-06-06 15:49:42',NULL),(334,'e481730124f644839167a007430b2716',22,56,'安装',6,1,'2018-06-06 15:49:42',NULL),(335,'1b7ad09b33c071ea262f019d07767275',22,56,'软装',7,1,'2018-06-06 15:49:42',NULL),(336,'64ea26feefc93bd003382161ea452e55',22,56,'入住',8,1,'2018-06-06 15:49:42',NULL),(337,'d4bdb0779951b063a6fb2b4f02e36dbb',22,56,'完工',9,1,'2018-06-06 15:49:42',NULL),(338,'8edcb746834d4dac886dee6652762afa',23,57,'签约',0,1,'2018-06-09 09:25:34',NULL),(339,'07cba35386b53fd6fde91be7840eb3e1',23,57,'设计',1,1,'2018-06-09 09:25:34',NULL),(340,'dc7a9c1eee60415127e545410b242f4e',23,57,'拆改',2,1,'2018-06-09 09:25:34',NULL),(341,'02d4403ebaf8af3c61686d3f0c051bef',23,57,'水电',3,1,'2018-06-09 09:25:34',NULL),(342,'dce9ebe9307c2eb43ee9cab2445d0f0e',23,57,'泥木',4,1,'2018-06-09 09:25:34',NULL),(343,'a1bc58a9490d3409a70da0ac77578c4f',23,57,'油漆',5,1,'2018-06-09 09:25:34',NULL),(344,'fcbbf7cc371024ea3233e6a9184ddb2f',23,57,'安装',6,1,'2018-06-09 09:25:34',NULL),(345,'02616a66a0f39dd59c8537be570ec014',23,57,'软装',7,1,'2018-06-09 09:25:34',NULL),(346,'1d02c891aa35e7f3bc064d7b4b5108d8',23,57,'入住',8,1,'2018-06-09 09:25:34',NULL),(347,'a8f6a680652c848576d3fb9e288b51ed',23,57,'完工',9,1,'2018-06-09 09:25:34',NULL),(348,'0a881ba3c658bd6b07d01bd1c571fcfe',23,58,'水电',0,1,'2018-06-09 10:30:08',NULL),(349,'23827d1373a58dde625b0e510ac3a567',23,58,'设计',1,1,'2018-06-09 10:30:08',NULL),(350,'32bdef5e5db850855c8e2c4688aa6a09',23,58,'签约',2,1,'2018-06-09 10:30:08',NULL),(351,'930344eb760a0eff0f5e8aa5b6735208',23,58,'砸墙',3,1,'2018-06-09 10:30:08',NULL),(352,'8435e85d102e0a9a1795994bd35fd7f8',23,58,'拆改',4,1,'2018-06-09 10:30:08',NULL),(353,'c7e797089fb3999d0bb438375e70b905',23,58,'软装',5,1,'2018-06-09 10:30:08',NULL),(354,'7abc2f4b97f9b29d24327937edf8128c',23,58,'泥木',6,1,'2018-06-09 10:30:08',NULL),(355,'ce945228768538ca14affa0b59a0ecd4',23,58,'瓦工',7,1,'2018-06-09 10:30:08',NULL),(356,'693af916926e8b4c3aebeb38af80affb',23,58,'橱柜',8,1,'2018-06-09 10:30:08',NULL),(357,'fe3b79b9d9256ed2999d309c44ae0caf',23,58,'完善',9,1,'2018-06-09 10:30:08',NULL),(358,'65b5a515ad362cf43ecea5a392e4f08e',23,58,'安装',10,1,'2018-06-09 10:30:08',NULL),(359,'49999e16e3989fc84eac8fbdfe6768a5',23,58,'售后',11,1,'2018-06-09 10:30:08',NULL),(360,'edc1dd9e18763365e0a046ba81ac4cad',22,59,'标1',0,1,'2018-06-09 17:48:07',NULL),(361,'87c532f25b9d03da20a37546584886f9',22,59,'标2',1,1,'2018-06-09 17:48:07',NULL),(362,'6809c93835735e0be8d82bb21127bff6',22,59,'标3',2,1,'2018-06-09 17:48:07',NULL),(363,'6d4e6044152c9bb85b0681de39022d4e',22,59,'标4',3,1,'2018-06-09 17:48:07',NULL),(364,'d9abdd7ed26c5018d6f66ff0ba9361b3',22,59,'标5',4,1,'2018-06-09 17:48:07',NULL),(365,'91faa07a83228f8896b5c13b840ca566',22,59,'标6',5,1,'2018-06-09 17:48:07',NULL),(366,'c37417dea38e78fe922bfefb974638dc',22,59,'标7',6,1,'2018-06-09 17:48:07',NULL),(367,'c582e505afe10144277ae1f0b2938451',22,59,'标8',7,1,'2018-06-09 17:48:07',NULL),(368,'20e8208ea52d1b375e8e845370766331',22,59,'标9',8,1,'2018-06-09 17:48:07',NULL),(369,'ff17d4ebba832d5b76120c0b5d95dad7',22,59,'10',9,1,'2018-06-09 17:48:07',NULL),(370,'d0a95a002d41f6a3fa98c5ab0cb6ce90',22,59,'11',10,1,'2018-06-09 17:48:07',NULL),(371,'837025761bc6bfca677fd8cf65776b6d',22,59,'12',11,1,'2018-06-09 17:48:07',NULL);

/*Table structure for table `fixture_conf_pc` */

DROP TABLE IF EXISTS `fixture_conf_pc`;

CREATE TABLE `fixture_conf_pc` (
  `id` int(11) NOT NULL AUTO_INCREMENT,
  `name` varchar(255) DEFAULT NULL COMMENT '名称',
  `content` longtext COMMENT '内容 json',
  `status` tinyint(1) DEFAULT '1' COMMENT '状态 默认1 ，1启用 0禁用',
  `created_at` datetime DEFAULT NULL COMMENT '创建时间',
  PRIMARY KEY (`id`)
) ENGINE=InnoDB AUTO_INCREMENT=2 DEFAULT CHARSET=utf8 COMMENT='配置 - B端PC';

/*Data for the table `fixture_conf_pc` */

insert  into `fixture_conf_pc`(`id`,`name`,`content`,`status`,`created_at`) values (1,'register_agree','<p>欢迎阅读云易装服务条款(下称“本条款”)。本条款阐述之条款和条件适用于您在云易装平台无偿或有偿使用云易装产品。</p>\r\n        <p> 云易装是西安灰熊家族网络科技有限公司（以下简称‘西安灰熊’）运营的网站，本条款所述的云易装产品为西安灰熊家族网络科技有限公司旗下产品。</p>\r\n        <p>1. 接受条款<br> 以任何方式使用云易装产品即表示您同意自己已经与西安灰熊就云易装平台服务事项（下称云易装服务）订立本条款，且您将受本条款的条件约束。您应在第一次登录后仔细阅读本条款，并有权选择停止或继续使用云易装服务； 一旦您继续使用云易装服务， 则表示您已接受本条款，当您与西安灰熊、云易装发生争议时， 应以本条款作为约束双方的条款。除另行明确声明外，任何使云易装服务范围扩大或功能增强的新内容均受本条款约束。 如不符合本项条件，请勿使用云易装服务。云易装服务不会提供给被暂时或永久中止资格的云易装会员。\r\n        </p>\r\n        <p>\r\n            2.谁可使用云易装平台<br> 云易装服务仅供能够根据相关法律订立具有法律约束力的合约的主体使用。如不符合本项条件，请勿使用云易装服务。云易装服务不会提供给被暂时或永久中止资格的云易装会员。\r\n        </p>\r\n        <p>\r\n            3. 收费<br> 西安灰熊保留在根据本条款第1条通知您后，收取云易装服务费用的权利。您因进行交易、向西安灰熊获取有偿服务或接触西安灰熊服务器而发生的所有应纳税赋， 以及相关硬件、软件、通讯、网络服务及其他方面的费用均由您自行承担。西安灰熊保留在无须发出书面通知，仅在云易装平台公示的情况下，暂时或永久地更改或停止部分或全部云易装服务的权利。\r\n        </p>\r\n        <p>\r\n            4. 您的资料<br> 您可能会提交资料以作与云易装服务有关的使用。除了西安灰熊授权给您使用的资料，西安灰熊不提出拥有对您所发布或者向西安灰熊提供（称为“提交”）的与云易装服务有关的资料的所有权。 但是，经您发布或以其他方式提交的资料，您授予西安灰熊免费许可： 做与服务有关的使用、复制、传播、显示、发表和修改； 在与您的提交有关时发布您的姓名或单位名称； 将这些许可授予其他人。 本节仅适用于法律所允许的内容并仅适用于在不违反法律的限度内使用和发布上述法律所允许的内容。 西安灰熊不会为您的提交向您支付费用。西安灰熊有权拒绝发布，并且有权随时从云易装服务中删除您的提交。您应当对您所做出的每一提交享有以实施本节所规定的授权行为所必要的完整权利。\r\n        </p>\r\n        <p>\r\n            5. 隐私<br> 为了协作和提供服务，西安灰熊会收集您的某些信息。此外，西安灰熊还可以访问或者透露关于您的信息，包括您通讯的内容，以：<br> (a) 遵守法律、响应司法要求或法律程序；<br> (b) 保护西安灰熊及其客户的权利、财产，包括协议的执行和遵守适用于服务的策略；<br> (c) 保护西安灰熊及其雇员、客户和公众的权利、财产或安全。 西安灰熊可采取技术或其他措施以保护云易装服务，保护西安灰熊的客户，或阻止您违反本合同。 这些措施可能包括，例如，通过过滤来阻止垃圾邮件或提高安全级别。这些措施可能阻止或中断您对服务的使用。\r\n            <br> 为了向您提供服务，西安灰熊可收集有关服务状况，您的机器和您对服务的使用的某些信息。西安灰熊有权从您的机器自动上传这些信息。这些数据不会构成对您私人身份的确认。\r\n        </p>\r\n        <p>\r\n            6. 终止或访问限制 <br> 在您未向云易装支付服务费用的情况下，西安灰熊可自行全权决定以任何理由 (包括但不限于西安灰熊认为您已违反本条款的字面意义和精神，或您以不符合本条款的字面意义和精神的方式行事，或您在超过30天的时间内未以您的帐号及密码登录云易装产品) 终止您对云易装服务的使用， 及可自行全权决定以任何理由 (包括但不限于西安灰熊认为您已违反本条款的字面意义和精神，或您以不符合本条款的字面意义和精神的方式行事，或您在超过60天的时间内未以您的帐号及密码登录云易装产品)\r\n            终止您的云易装服务密码、账户 (或其任何部份) 或并删除和丢弃您在使用云易装服务中提交的 “您的资料”。根据本条款的任何规定终止您使用云易装服务之措施可在不发出事先通知的情况下实施，并承认和同意， 西安灰熊可立即使您的账户无效，或撤销您的账户以及在您的账户内的所有相关资料和档案，和/或禁止您进一步接入该等档案或云易装服务。帐号终止后，西安灰熊没有义务为您保留原帐号中或与之相关的任何信息， 或转发任何未曾阅读或发送的信息给您或第三方。 此外，西安灰熊不会就终止您接入云易装服务而对您或任何第三者承担任何责任。第8、9和10各条应在本条款终止后继续有效。\r\n        </p>\r\n        <p>\r\n            7. 违反本服务条款的法律责任<br> （1）在不限制其他补救措施的前提下，发生下述任一情况，西安灰熊可立即发出警告，暂时中止、永久中止或终止您的会员资格，不退还已交付款项并删除您的任何现有产品信息，以及您在网站上展示的任何其他资料： (i) 您违反本条款；<br> (ii) 西安灰熊无法核实或鉴定您向西安灰熊提供的任何资料；<br> (iii) 西安灰熊相信您的行为可能会使您、西安灰熊用户或通过西安灰熊或西安灰熊产品提供服务的第三者服务供应商发生任何法律责任；<br> (iv)发表、传送、传播、储存个人网站类，在线音视频类，刷钻/刷QB/QQ业务/刷流量/taobao刷信誉类，色情/成人内容/低俗内容类，游戏类/代练/涉及交易的虚拟物品类，彩票预测/赌博类内容网站，\r\n            盗号/外挂/私服/辅助类，代办证/代考/代开发票类，黑客/网站挂马/放置病毒/收费下载/收费传授黑客技术类，虚假信息/诈骗信息类等， 不利国家与社会稳定和谐，违反国家相关法律与政策的内容，将配合有关部门追究责任。<br> （2）若您的网站被第三方攻击，给云易装或云易装其他用户造成影响的，西安灰熊有权选择以下任一方式处理：\r\n            <br> （i）西安灰熊通知您立即采取接入第三方防御服务的措施，若您于接到通知后三日内未处理，西安灰熊有权直接关停您的网站，且无需承担任何责任； <br> （ii）西安灰熊直接关闭您的网站，并向您退回剩余服务期限对应的服务费（购买时采用代金券的，西安灰熊将不予退款）。\r\n            <br> 本条所称的第三方攻击仅指您的网站内容未违反本服务条款的情况下所受的恶意攻击。因您的网站内容违反本服务条款而遭受的攻击，不属于本条所称的网站攻击范畴。\r\n        </p>\r\n        <p>\r\n            8. 服务“按现状”和“按可得到”的基础提供 <br> 西安灰熊会尽一切努力使您在使用云易装产品的过程中得到乐趣。遗憾的是， 西安灰熊不能随时预见到任何技术上的问题或其他困难。该等困难可能会导致数据损失或其他服务中断，或根据市场需求，适当变更服务内容的某种功能。 为此， 您明确理解和同意，您使用云易装服务的风险由您自行承担。云易装服务以“按现状”和“按可得到”的基础提供。 西安灰熊明确声明不作出任何种类的所有明示或暗示的保证，包括但不限于关于适销性、适用于某一特定用途和无侵权行为等方面的保证。\r\n            西安灰熊对下述内容不作保证：\r\n            <br> (i)云易装服务会符合您的要求；\r\n            <br> (ii)云易装服务不会中断，且适时、安全和不带任何错误；\r\n            <br> (iii)通过使用云易装服务而可能获取的结果将是准确或可信赖的；\r\n            <br>及 (iv) 您通过云易装服务而购买或获取的任何产品、服务、资料或其他材料的质量将符合您的预期。 <br> 通过使用云易装服务而下载或以其他形式获取任何材料是由您自行全权决定进行的，且与此有关的风险由您自行承担， 对于因您下载任何该等材料而发生的您的电脑系统的任何损毁或任何数据损失，您将自行承担责任。 您从云易装或通过或从云易装服务获取的任何口头或书面意见或资料，均不产生未在本条款内明确载明的任何保证。\r\n        </p>\r\n        <p>\r\n            9. 责任范围 <br> 您明确理解和同意，西安灰熊不对因下述任一情况而发生的任何损害赔偿承担责任，包括但不限于利润、商誉、使用、数据等方面的损失或其他无形损失的损害赔偿 (无论西安灰熊是否已被告知该等损害赔偿的可能性)：<br> (i) 使用或未能使用云易装服务；<br> (ii) 因通过或从云易装服务购买或获取任何货物、样品、数据、资料或服务，或通过或从云易装服务接收任何信息或缔结任何交易所产生的获取替代货物和服务的费用；<br> (iii) 未经批准接入或更改您的传输资料或数据；<br>            (iv) 任何第三者对云易装服务的声明或关于云易装服务的行为；或 (v) 因任何原因而引起的与云易装服务有关的任何其他事宜，包括疏忽。\r\n        </p>\r\n        <p>\r\n            10. 赔偿<br> 您同意，因您违反本条款或经在此提及而纳入本条款的其他文件，或因您违反了法律或侵害了第三方的权利， 而使第三方对西安灰熊及其子公司、分公司、董事、职员、代理人提出索赔要求（包括但不限于司法费用和其他专业人士的费用，含律师费等）， 您必须赔偿给西安灰熊及其分公司、董事、职员、代理人，使其等免遭损失。\r\n        </p>\r\n        <p>\r\n            11. 遵守法律<br> 您在云易装上不得发布各类违法或违规信息。您应遵守与您使用云易装服务，以及与您竞买、购买和销售任何物品以及提供商贸信息有关的所有相关的法律、法规、条例和规章。\r\n        </p>\r\n        <p>\r\n            12. 广告和金融服务<br> 您与在云易装服务上或通过云易装服务物色的刊登广告人士通讯或进行业务往来或参与其推广活动， 包括就相关货物或服务付款和交付相关货物或服务，以及与该等业务往来相关的任何其他条款、条件、保证或声明，仅限于在您和该刊登广告人士之间发生。 您同意，对于因任何该等业务往来或因在云易装服务上出现该等刊登广告人士而发生的任何种类的任何损失或损毁，西安灰熊无需负责或承担任何责任。 您如打算通过云易装服务创设或参与与任何公司、股票行情、投资或证券有关的任何服务，或通过云易装服务收取或要求与任何公司、股票行情、投资或证券有关的任何新闻信息、警戒性信息或其他资料，\r\n            敬请注意，西安灰熊不会就通过云易装服务传送的任何该等资料的准确性、有用性或可用性、可获利性负责或承担任何责任， \\且不会对根据该等资料而作出的任何交易或投资决策负责或承担任何责任。\r\n        </p>\r\n        <p>\r\n            13. 您对西安灰熊的通知<br> 您可以通过云易装平台公布的西安灰熊联系信息向西安灰熊发出书面通知。\r\n        </p>\r\n        <p>\r\n            14. 西安灰熊向您发出通知<br> 西安灰熊向您发出通知，同意使用电子信息。本合同系电子形式。 西安灰熊承诺向您发送与本服务有关的特定信息，并有权向您发送某些附加信息。西安灰熊可能还会向您发送法律要求发送的有关本服务的其他信息。西安灰熊可以电子形式向您发送这些信息。 您有权取消您的同意，但如果您取消，西安灰熊可取消对您的服务。 西安灰熊可以下列方式向您提供必需的信息： 通过您在注册云易装服务时所指明的电话向您发送短信； 在您能够访问和使用云易装服务期间，您拥有必要的软件和硬件以接受此类通知。如果您不同意以电子形式接受任何通知，那么您应当停止使用云易装服务。\r\n        </p>\r\n        <p>\r\n            15. 与第三方网站的链接<br> 提供与第三方网站的链接仅仅为了给您带来方便。如果您使用这些链接，将离开云易装站点。 西安灰熊没有审查过所有这些第三方站点，对任何这些站点及其内容或它们的保密政策不进行控制，也不负任何责任。 因此，西安灰熊对这些网站上的任何信息、软件以及其它产品或材料，或者通过使用它们可能获得的任何结果不予认可，也不作任何表述。如果您决定访问本站点链接的任何第三方站点，其风险完全由您自己承担。\r\n        </p>\r\n        <p>\r\n            16. 不可抗力<br> 由于自然灾害、罢工或骚乱、物质短缺或定量配给、暴动、战争行为、政府行为、通电信网络、供电单位采取的限电或断电措施、供电单位的电力设施故障、 通讯或其他设施故障或严重伤亡事故、黑客攻击、尚无有效防御措施的计算机病毒的发作及其他各方不能预见并且对其发生和后果不能防止并避免的不可抗力原因，致使西安灰熊延迟或未能履约的，西安灰熊不对您承担任何责任。\r\n        </p>\r\n        <p>\r\n            17. 关于网络<br> 您明白由于因特网上通路的阻塞或造成访问速度下降，均是正常，不属于西安灰熊违约，若遇电信运营商或国家政策等原因造成的网络中断，西安灰熊不承担相应责任。\r\n        </p>\r\n        <p>\r\n            18. 关于版权<br> 以任何方式使用云易装提供的服务，包括但不限于基于云易装搭建的小程序服务，所涉及的版权归西安灰熊或有权的第三方所有。 您在使用云易装提供的服务时，应当保证相关版权的完整性，特别地，对于云易装的模板图片，您不得恶意篡改、任意拆分、组合，涉及人物图片的，您不得将图片进行分割或与其他图像进行组合。 否则，西安灰熊有权终止为您提供云易装服务，并不予退还服务费。若因您的该些行为给西安灰熊造成损失的，您还应当承担赔偿责任。若造成图片肖像权人向西安灰熊主张权利的，西安灰熊有权向您追偿。\r\n        </p>\r\n        <p>\r\n            19. 适用法律和管辖<br> 本条款适用于中国法律并依照中国法律解释，不会造成任何法律的冲突。任何因有关使用云易装各产品而发生的诉讼均应提交西安仲裁委员会申请仲裁。 如果您还有疑问，您可以直接给西安灰熊客服中心留言。 以上声明，您可随时在云易装平台阅读、复制或下载。\r\n        </p>',1,NULL);

/*Table structure for table `fixture_conf_smallroutine` */

DROP TABLE IF EXISTS `fixture_conf_smallroutine`;

CREATE TABLE `fixture_conf_smallroutine` (
  `id` int(11) NOT NULL AUTO_INCREMENT,
  `name` varchar(255) DEFAULT NULL COMMENT '名称',
  `content` longtext COMMENT '内容 json',
  `status` tinyint(1) DEFAULT '1' COMMENT '状态 默认1 ，1启用 0禁用',
  `created_at` datetime DEFAULT NULL COMMENT '创建时间',
  PRIMARY KEY (`id`)
) ENGINE=InnoDB DEFAULT CHARSET=utf8 COMMENT='配置 - 小程序';

/*Data for the table `fixture_conf_smallroutine` */

/*Table structure for table `fixture_conf_sys` */

DROP TABLE IF EXISTS `fixture_conf_sys`;

CREATE TABLE `fixture_conf_sys` (
  `id` int(11) NOT NULL AUTO_INCREMENT,
  `name` varchar(255) DEFAULT NULL COMMENT '名称',
  `content` longtext COMMENT '内容 json',
  `status` tinyint(1) DEFAULT '1' COMMENT '状态 默认1 ，1启用 0禁用',
  `created_at` datetime DEFAULT NULL COMMENT '创建时间',
  PRIMARY KEY (`id`)
) ENGINE=InnoDB DEFAULT CHARSET=utf8 COMMENT='配置 - 系统后台';

/*Data for the table `fixture_conf_sys` */

/*Table structure for table `fixture_conf_vipfunctionpoint` */

DROP TABLE IF EXISTS `fixture_conf_vipfunctionpoint`;

CREATE TABLE `fixture_conf_vipfunctionpoint` (
  `id` int(11) NOT NULL AUTO_INCREMENT,
  `vipmechanismid` int(11) DEFAULT NULL COMMENT '会员机制id',
  `name` varchar(255) DEFAULT NULL COMMENT '名称',
  `content` longtext COMMENT '内容 json',
  `status` tinyint(1) DEFAULT '1' COMMENT '状态 默认1 ，1启用 0禁用',
  `created_at` datetime DEFAULT NULL COMMENT '创建时间',
  PRIMARY KEY (`id`)
) ENGINE=InnoDB DEFAULT CHARSET=utf8 COMMENT='配置 - 会员机制功能';

/*Data for the table `fixture_conf_vipfunctionpoint` */

/*Table structure for table `fixture_data_city` */

DROP TABLE IF EXISTS `fixture_data_city`;

CREATE TABLE `fixture_data_city` (
  `id` int(11) NOT NULL AUTO_INCREMENT,
  `name` varchar(255) DEFAULT NULL COMMENT '名称',
  `provinceid` int(11) DEFAULT NULL COMMENT '省份id',
  `status` tinyint(1) DEFAULT '1' COMMENT '状态 默认1 ，1启用 0禁用',
  `created_at` datetime DEFAULT NULL COMMENT '创建时间',
  PRIMARY KEY (`id`)
) ENGINE=InnoDB AUTO_INCREMENT=659001 DEFAULT CHARSET=utf8 COMMENT='数据源 - 城市';

/*Data for the table `fixture_data_city` */

insert  into `fixture_data_city`(`id`,`name`,`provinceid`,`status`,`created_at`) values (110100,'市辖区',110000,1,'2018-05-14 16:43:50'),(120100,'市辖区',120000,1,'2018-05-14 16:43:51'),(130100,'石家庄市',130000,1,'2018-05-14 16:43:51'),(130200,'唐山市',130000,1,'2018-05-14 16:43:51'),(130300,'秦皇岛市',130000,1,'2018-05-14 16:43:52'),(130400,'邯郸市',130000,1,'2018-05-14 16:43:52'),(130500,'邢台市',130000,1,'2018-05-14 16:43:52'),(130600,'保定市',130000,1,'2018-05-14 16:43:53'),(130700,'张家口市',130000,1,'2018-05-14 16:43:53'),(130800,'承德市',130000,1,'2018-05-14 16:43:53'),(130900,'沧州市',130000,1,'2018-05-14 16:43:53'),(131000,'廊坊市',130000,1,'2018-05-14 16:43:54'),(131100,'衡水市',130000,1,'2018-05-14 16:43:54'),(139000,'省直辖县级行政区划',130000,1,'2018-05-14 16:43:54'),(140100,'太原市',140000,1,'2018-05-14 16:43:54'),(140200,'大同市',140000,1,'2018-05-14 16:43:54'),(140300,'阳泉市',140000,1,'2018-05-14 16:43:54'),(140400,'长治市',140000,1,'2018-05-14 16:43:55'),(140500,'晋城市',140000,1,'2018-05-14 16:43:55'),(140600,'朔州市',140000,1,'2018-05-14 16:43:55'),(140700,'晋中市',140000,1,'2018-05-14 16:43:55'),(140800,'运城市',140000,1,'2018-05-14 16:43:55'),(140900,'忻州市',140000,1,'2018-05-14 16:43:55'),(141000,'临汾市',140000,1,'2018-05-14 16:43:56'),(141100,'吕梁市',140000,1,'2018-05-14 16:43:56'),(150100,'呼和浩特市',150000,1,'2018-05-14 16:43:56'),(150200,'包头市',150000,1,'2018-05-14 16:43:56'),(150300,'乌海市',150000,1,'2018-05-14 16:43:56'),(150400,'赤峰市',150000,1,'2018-05-14 16:43:57'),(150500,'通辽市',150000,1,'2018-05-14 16:43:57'),(150600,'鄂尔多斯市',150000,1,'2018-05-14 16:43:57'),(150700,'呼伦贝尔市',150000,1,'2018-05-14 16:43:57'),(150800,'巴彦淖尔市',150000,1,'2018-05-14 16:43:57'),(150900,'乌兰察布市',150000,1,'2018-05-14 16:43:58'),(152200,'兴安盟',150000,1,'2018-05-14 16:43:58'),(152500,'锡林郭勒盟',150000,1,'2018-05-14 16:43:58'),(152900,'阿拉善盟',150000,1,'2018-05-14 16:43:58'),(210100,'沈阳市',210000,1,'2018-05-14 16:43:58'),(210200,'大连市',210000,1,'2018-05-14 16:43:58'),(210300,'鞍山市',210000,1,'2018-05-14 16:43:59'),(210400,'抚顺市',210000,1,'2018-05-14 16:43:59'),(210500,'本溪市',210000,1,'2018-05-14 16:43:59'),(210600,'丹东市',210000,1,'2018-05-14 16:43:59'),(210700,'锦州市',210000,1,'2018-05-14 16:43:59'),(210800,'营口市',210000,1,'2018-05-14 16:43:59'),(210900,'阜新市',210000,1,'2018-05-14 16:43:59'),(211000,'辽阳市',210000,1,'2018-05-14 16:44:00'),(211100,'盘锦市',210000,1,'2018-05-14 16:44:00'),(211200,'铁岭市',210000,1,'2018-05-14 16:44:00'),(211300,'朝阳市',210000,1,'2018-05-14 16:44:00'),(211400,'葫芦岛市',210000,1,'2018-05-14 16:44:00'),(220100,'长春市',220000,1,'2018-05-14 16:44:00'),(220200,'吉林市',220000,1,'2018-05-14 16:44:00'),(220300,'四平市',220000,1,'2018-05-14 16:44:00'),(220400,'辽源市',220000,1,'2018-05-14 16:44:01'),(220500,'通化市',220000,1,'2018-05-14 16:44:01'),(220600,'白山市',220000,1,'2018-05-14 16:44:01'),(220700,'松原市',220000,1,'2018-05-14 16:44:01'),(220800,'白城市',220000,1,'2018-05-14 16:44:01'),(222400,'延边朝鲜族自治州',220000,1,'2018-05-14 16:44:01'),(230100,'哈尔滨市',230000,1,'2018-05-14 16:44:01'),(230200,'齐齐哈尔市',230000,1,'2018-05-14 16:44:02'),(230300,'鸡西市',230000,1,'2018-05-14 16:44:02'),(230400,'鹤岗市',230000,1,'2018-05-14 16:44:02'),(230500,'双鸭山市',230000,1,'2018-05-14 16:44:02'),(230600,'大庆市',230000,1,'2018-05-14 16:44:02'),(230700,'伊春市',230000,1,'2018-05-14 16:44:02'),(230800,'佳木斯市',230000,1,'2018-05-14 16:44:03'),(230900,'七台河市',230000,1,'2018-05-14 16:44:03'),(231000,'牡丹江市',230000,1,'2018-05-14 16:44:03'),(231100,'黑河市',230000,1,'2018-05-14 16:44:03'),(231200,'绥化市',230000,1,'2018-05-14 16:44:03'),(232700,'大兴安岭地区',230000,1,'2018-05-14 16:44:04'),(310100,'市辖区',310000,1,'2018-05-14 16:44:04'),(320100,'南京市',320000,1,'2018-05-14 16:44:04'),(320200,'无锡市',320000,1,'2018-05-14 16:44:04'),(320300,'徐州市',320000,1,'2018-05-14 16:44:04'),(320400,'常州市',320000,1,'2018-05-14 16:44:04'),(320500,'苏州市',320000,1,'2018-05-14 16:44:05'),(320600,'南通市',320000,1,'2018-05-14 16:44:05'),(320700,'连云港市',320000,1,'2018-05-14 16:44:05'),(320800,'淮安市',320000,1,'2018-05-14 16:44:05'),(320900,'盐城市',320000,1,'2018-05-14 16:44:05'),(321000,'扬州市',320000,1,'2018-05-14 16:44:05'),(321100,'镇江市',320000,1,'2018-05-14 16:44:05'),(321200,'泰州市',320000,1,'2018-05-14 16:44:05'),(321300,'宿迁市',320000,1,'2018-05-14 16:44:06'),(330100,'杭州市',330000,1,'2018-05-14 16:44:06'),(330200,'宁波市',330000,1,'2018-05-14 16:44:06'),(330300,'温州市',330000,1,'2018-05-14 16:44:06'),(330400,'嘉兴市',330000,1,'2018-05-14 16:44:06'),(330500,'湖州市',330000,1,'2018-05-14 16:44:06'),(330600,'绍兴市',330000,1,'2018-05-14 16:44:07'),(330700,'金华市',330000,1,'2018-05-14 16:44:07'),(330800,'衢州市',330000,1,'2018-05-14 16:44:07'),(330900,'舟山市',330000,1,'2018-05-14 16:44:07'),(331000,'台州市',330000,1,'2018-05-14 16:44:07'),(331100,'丽水市',330000,1,'2018-05-14 16:44:07'),(340100,'合肥市',340000,1,'2018-05-14 16:44:07'),(340200,'芜湖市',340000,1,'2018-05-14 16:44:08'),(340300,'蚌埠市',340000,1,'2018-05-14 16:44:08'),(340400,'淮南市',340000,1,'2018-05-14 16:44:08'),(340500,'马鞍山市',340000,1,'2018-05-14 16:44:08'),(340600,'淮北市',340000,1,'2018-05-14 16:44:08'),(340700,'铜陵市',340000,1,'2018-05-14 16:44:08'),(340800,'安庆市',340000,1,'2018-05-14 16:44:08'),(341000,'黄山市',340000,1,'2018-05-14 16:44:08'),(341100,'滁州市',340000,1,'2018-05-14 16:44:09'),(341200,'阜阳市',340000,1,'2018-05-14 16:44:09'),(341300,'宿州市',340000,1,'2018-05-14 16:44:09'),(341500,'六安市',340000,1,'2018-05-14 16:44:09'),(341600,'亳州市',340000,1,'2018-05-14 16:44:09'),(341700,'池州市',340000,1,'2018-05-14 16:44:09'),(341800,'宣城市',340000,1,'2018-05-14 16:44:09'),(350100,'福州市',350000,1,'2018-05-14 16:44:09'),(350200,'厦门市',350000,1,'2018-05-14 16:44:10'),(350300,'莆田市',350000,1,'2018-05-14 16:44:10'),(350400,'三明市',350000,1,'2018-05-14 16:44:10'),(350500,'泉州市',350000,1,'2018-05-14 16:44:10'),(350600,'漳州市',350000,1,'2018-05-14 16:44:10'),(350700,'南平市',350000,1,'2018-05-14 16:44:10'),(350800,'龙岩市',350000,1,'2018-05-14 16:44:11'),(350900,'宁德市',350000,1,'2018-05-14 16:44:11'),(360100,'南昌市',360000,1,'2018-05-14 16:44:11'),(360200,'景德镇市',360000,1,'2018-05-14 16:44:11'),(360300,'萍乡市',360000,1,'2018-05-14 16:44:11'),(360400,'九江市',360000,1,'2018-05-14 16:44:11'),(360500,'新余市',360000,1,'2018-05-14 16:44:12'),(360600,'鹰潭市',360000,1,'2018-05-14 16:44:12'),(360700,'赣州市',360000,1,'2018-05-14 16:44:12'),(360800,'吉安市',360000,1,'2018-05-14 16:44:12'),(360900,'宜春市',360000,1,'2018-05-14 16:44:12'),(361000,'抚州市',360000,1,'2018-05-14 16:44:12'),(361100,'上饶市',360000,1,'2018-05-14 16:44:13'),(370100,'济南市',370000,1,'2018-05-14 16:44:13'),(370200,'青岛市',370000,1,'2018-05-14 16:44:13'),(370300,'淄博市',370000,1,'2018-05-14 16:44:13'),(370400,'枣庄市',370000,1,'2018-05-14 16:44:13'),(370500,'东营市',370000,1,'2018-05-14 16:44:14'),(370600,'烟台市',370000,1,'2018-05-14 16:44:14'),(370700,'潍坊市',370000,1,'2018-05-14 16:44:14'),(370800,'济宁市',370000,1,'2018-05-14 16:44:14'),(370900,'泰安市',370000,1,'2018-05-14 16:44:14'),(371000,'威海市',370000,1,'2018-05-14 16:44:14'),(371100,'日照市',370000,1,'2018-05-14 16:44:15'),(371200,'莱芜市',370000,1,'2018-05-14 16:44:15'),(371300,'临沂市',370000,1,'2018-05-14 16:44:15'),(371400,'德州市',370000,1,'2018-05-14 16:44:15'),(371500,'聊城市',370000,1,'2018-05-14 16:44:15'),(371600,'滨州市',370000,1,'2018-05-14 16:44:15'),(371700,'菏泽市',370000,1,'2018-05-14 16:44:15'),(410100,'郑州市',410000,1,'2018-05-14 16:44:16'),(410200,'开封市',410000,1,'2018-05-14 16:44:16'),(410300,'洛阳市',410000,1,'2018-05-14 16:44:16'),(410400,'平顶山市',410000,1,'2018-05-14 16:44:16'),(410500,'安阳市',410000,1,'2018-05-14 16:44:17'),(410600,'鹤壁市',410000,1,'2018-05-14 16:44:17'),(410700,'新乡市',410000,1,'2018-05-14 16:44:17'),(410800,'焦作市',410000,1,'2018-05-14 16:44:17'),(410900,'濮阳市',410000,1,'2018-05-14 16:44:17'),(411000,'许昌市',410000,1,'2018-05-14 16:44:17'),(411100,'漯河市',410000,1,'2018-05-14 16:44:17'),(411200,'三门峡市',410000,1,'2018-05-14 16:44:18'),(411300,'南阳市',410000,1,'2018-05-14 16:44:18'),(411400,'商丘市',410000,1,'2018-05-14 16:44:18'),(411500,'信阳市',410000,1,'2018-05-14 16:44:18'),(411600,'周口市',410000,1,'2018-05-14 16:44:18'),(411700,'驻马店市',410000,1,'2018-05-14 16:44:18'),(419000,'省直辖县级行政区划',410000,1,'2018-05-14 16:44:19'),(420100,'武汉市',420000,1,'2018-05-14 16:44:19'),(420200,'黄石市',420000,1,'2018-05-14 16:44:19'),(420300,'十堰市',420000,1,'2018-05-14 16:44:19'),(420500,'宜昌市',420000,1,'2018-05-14 16:44:19'),(420600,'襄阳市',420000,1,'2018-05-14 16:44:19'),(420700,'鄂州市',420000,1,'2018-05-14 16:44:20'),(420800,'荆门市',420000,1,'2018-05-14 16:44:20'),(420900,'孝感市',420000,1,'2018-05-14 16:44:20'),(421000,'荆州市',420000,1,'2018-05-14 16:44:20'),(421100,'黄冈市',420000,1,'2018-05-14 16:44:20'),(421200,'咸宁市',420000,1,'2018-05-14 16:44:20'),(421300,'随州市',420000,1,'2018-05-14 16:44:20'),(422800,'恩施土家族苗族自治州',420000,1,'2018-05-14 16:44:20'),(429000,'省直辖县级行政区划',420000,1,'2018-05-14 16:44:21'),(430100,'长沙市',430000,1,'2018-05-14 16:44:21'),(430200,'株洲市',430000,1,'2018-05-14 16:44:21'),(430300,'湘潭市',430000,1,'2018-05-14 16:44:21'),(430400,'衡阳市',430000,1,'2018-05-14 16:44:21'),(430500,'邵阳市',430000,1,'2018-05-14 16:44:21'),(430600,'岳阳市',430000,1,'2018-05-14 16:44:22'),(430700,'常德市',430000,1,'2018-05-14 16:44:22'),(430800,'张家界市',430000,1,'2018-05-14 16:44:22'),(430900,'益阳市',430000,1,'2018-05-14 16:44:22'),(431000,'郴州市',430000,1,'2018-05-14 16:44:22'),(431100,'永州市',430000,1,'2018-05-14 16:44:22'),(431200,'怀化市',430000,1,'2018-05-14 16:44:23'),(431300,'娄底市',430000,1,'2018-05-14 16:44:23'),(433100,'湘西土家族苗族自治州',430000,1,'2018-05-14 16:44:23'),(440100,'广州市',440000,1,'2018-05-14 16:44:23'),(440200,'韶关市',440000,1,'2018-05-14 16:44:23'),(440300,'深圳市',440000,1,'2018-05-14 16:44:23'),(440400,'珠海市',440000,1,'2018-05-14 16:44:24'),(440500,'汕头市',440000,1,'2018-05-14 16:44:24'),(440600,'佛山市',440000,1,'2018-05-14 16:44:24'),(440700,'江门市',440000,1,'2018-05-14 16:44:24'),(440800,'湛江市',440000,1,'2018-05-14 16:44:24'),(440900,'茂名市',440000,1,'2018-05-14 16:44:24'),(441200,'肇庆市',440000,1,'2018-05-14 16:44:24'),(441300,'惠州市',440000,1,'2018-05-14 16:44:24'),(441400,'梅州市',440000,1,'2018-05-14 16:44:25'),(441500,'汕尾市',440000,1,'2018-05-14 16:44:25'),(441600,'河源市',440000,1,'2018-05-14 16:44:25'),(441700,'阳江市',440000,1,'2018-05-14 16:44:25'),(441800,'清远市',440000,1,'2018-05-14 16:44:25'),(441900,'东莞市',440000,1,'2018-05-14 16:44:25'),(442000,'中山市',440000,1,'2018-05-14 16:44:25'),(445100,'潮州市',440000,1,'2018-05-14 16:44:25'),(445200,'揭阳市',440000,1,'2018-05-14 16:44:25'),(445300,'云浮市',440000,1,'2018-05-14 16:44:25'),(450100,'南宁市',450000,1,'2018-05-14 16:44:26'),(450200,'柳州市',450000,1,'2018-05-14 16:44:26'),(450300,'桂林市',450000,1,'2018-05-14 16:44:26'),(450400,'梧州市',450000,1,'2018-05-14 16:44:26'),(450500,'北海市',450000,1,'2018-05-14 16:44:26'),(450600,'防城港市',450000,1,'2018-05-14 16:44:26'),(450700,'钦州市',450000,1,'2018-05-14 16:44:27'),(450800,'贵港市',450000,1,'2018-05-14 16:44:27'),(450900,'玉林市',450000,1,'2018-05-14 16:44:27'),(451000,'百色市',450000,1,'2018-05-14 16:44:27'),(451100,'贺州市',450000,1,'2018-05-14 16:44:27'),(451200,'河池市',450000,1,'2018-05-14 16:44:27'),(451300,'来宾市',450000,1,'2018-05-14 16:44:27'),(451400,'崇左市',450000,1,'2018-05-14 16:44:27'),(460100,'海口市',460000,1,'2018-05-14 16:44:28'),(460200,'三亚市',460000,1,'2018-05-14 16:44:28'),(460300,'三沙市',460000,1,'2018-05-14 16:44:28'),(460400,'儋州市',460000,1,'2018-05-14 16:44:28'),(469000,'省直辖县级行政区划',460000,1,'2018-05-14 16:44:28'),(500100,'市辖区',500000,1,'2018-05-14 16:44:28'),(500200,'县',500000,1,'2018-05-14 16:44:28'),(510100,'成都市',510000,1,'2018-05-14 16:44:29'),(510300,'自贡市',510000,1,'2018-05-14 16:44:29'),(510400,'攀枝花市',510000,1,'2018-05-14 16:44:29'),(510500,'泸州市',510000,1,'2018-05-14 16:44:29'),(510600,'德阳市',510000,1,'2018-05-14 16:44:29'),(510700,'绵阳市',510000,1,'2018-05-14 16:44:29'),(510800,'广元市',510000,1,'2018-05-14 16:44:30'),(510900,'遂宁市',510000,1,'2018-05-14 16:44:30'),(511000,'内江市',510000,1,'2018-05-14 16:44:30'),(511100,'乐山市',510000,1,'2018-05-14 16:44:30'),(511300,'南充市',510000,1,'2018-05-14 16:44:30'),(511400,'眉山市',510000,1,'2018-05-14 16:44:30'),(511500,'宜宾市',510000,1,'2018-05-14 16:44:30'),(511600,'广安市',510000,1,'2018-05-14 16:44:31'),(511700,'达州市',510000,1,'2018-05-14 16:44:31'),(511800,'雅安市',510000,1,'2018-05-14 16:44:31'),(511900,'巴中市',510000,1,'2018-05-14 16:44:31'),(512000,'资阳市',510000,1,'2018-05-14 16:44:31'),(513200,'阿坝藏族羌族自治州',510000,1,'2018-05-14 16:44:31'),(513300,'甘孜藏族自治州',510000,1,'2018-05-14 16:44:31'),(513400,'凉山彝族自治州',510000,1,'2018-05-14 16:44:32'),(520100,'贵阳市',520000,1,'2018-05-14 16:44:32'),(520200,'六盘水市',520000,1,'2018-05-14 16:44:32'),(520300,'遵义市',520000,1,'2018-05-14 16:44:32'),(520400,'安顺市',520000,1,'2018-05-14 16:44:33'),(520500,'毕节市',520000,1,'2018-05-14 16:44:33'),(520600,'铜仁市',520000,1,'2018-05-14 16:44:33'),(522300,'黔西南布依族苗族自治州',520000,1,'2018-05-14 16:44:33'),(522600,'黔东南苗族侗族自治州',520000,1,'2018-05-14 16:44:33'),(522700,'黔南布依族苗族自治州',520000,1,'2018-05-14 16:44:33'),(530100,'昆明市',530000,1,'2018-05-14 16:44:34'),(530300,'曲靖市',530000,1,'2018-05-14 16:44:34'),(530400,'玉溪市',530000,1,'2018-05-14 16:44:34'),(530500,'保山市',530000,1,'2018-05-14 16:44:34'),(530600,'昭通市',530000,1,'2018-05-14 16:44:34'),(530700,'丽江市',530000,1,'2018-05-14 16:44:34'),(530800,'普洱市',530000,1,'2018-05-14 16:44:34'),(530900,'临沧市',530000,1,'2018-05-14 16:44:35'),(532300,'楚雄彝族自治州',530000,1,'2018-05-14 16:44:35'),(532500,'红河哈尼族彝族自治州',530000,1,'2018-05-14 16:44:35'),(532600,'文山壮族苗族自治州',530000,1,'2018-05-14 16:44:35'),(532800,'西双版纳傣族自治州',530000,1,'2018-05-14 16:44:35'),(532900,'大理白族自治州',530000,1,'2018-05-14 16:44:35'),(533100,'德宏傣族景颇族自治州',530000,1,'2018-05-14 16:44:36'),(533300,'怒江傈僳族自治州',530000,1,'2018-05-14 16:44:36'),(533400,'迪庆藏族自治州',530000,1,'2018-05-14 16:44:36'),(540100,'拉萨市',540000,1,'2018-05-14 16:44:36'),(540200,'日喀则市',540000,1,'2018-05-14 16:44:36'),(540300,'昌都市',540000,1,'2018-05-14 16:44:36'),(540400,'林芝市',540000,1,'2018-05-14 16:44:37'),(540500,'山南市',540000,1,'2018-05-14 16:44:37'),(542400,'那曲地区',540000,1,'2018-05-14 16:44:37'),(542500,'阿里地区',540000,1,'2018-05-14 16:44:37'),(610100,'西安市',610000,1,'2018-05-14 16:44:37'),(610200,'铜川市',610000,1,'2018-05-14 16:44:37'),(610300,'宝鸡市',610000,1,'2018-05-14 16:44:37'),(610400,'咸阳市',610000,1,'2018-05-14 16:44:38'),(610500,'渭南市',610000,1,'2018-05-14 16:44:38'),(610600,'延安市',610000,1,'2018-05-14 16:44:38'),(610700,'汉中市',610000,1,'2018-05-14 16:44:38'),(610800,'榆林市',610000,1,'2018-05-14 16:44:39'),(610900,'安康市',610000,1,'2018-05-14 16:44:39'),(611000,'商洛市',610000,1,'2018-05-14 16:44:39'),(620100,'兰州市',620000,1,'2018-05-14 16:44:39'),(620200,'嘉峪关市',620000,1,'2018-05-14 16:44:39'),(620300,'金昌市',620000,1,'2018-05-14 16:44:39'),(620400,'白银市',620000,1,'2018-05-14 16:44:39'),(620500,'天水市',620000,1,'2018-05-14 16:44:39'),(620600,'武威市',620000,1,'2018-05-14 16:44:40'),(620700,'张掖市',620000,1,'2018-05-14 16:44:40'),(620800,'平凉市',620000,1,'2018-05-14 16:44:40'),(620900,'酒泉市',620000,1,'2018-05-14 16:44:40'),(621000,'庆阳市',620000,1,'2018-05-14 16:44:40'),(621100,'定西市',620000,1,'2018-05-14 16:44:40'),(621200,'陇南市',620000,1,'2018-05-14 16:44:40'),(622900,'临夏回族自治州',620000,1,'2018-05-14 16:44:40'),(623000,'甘南藏族自治州',620000,1,'2018-05-14 16:44:41'),(630100,'西宁市',630000,1,'2018-05-14 16:44:41'),(630200,'海东市',630000,1,'2018-05-14 16:44:41'),(632200,'海北藏族自治州',630000,1,'2018-05-14 16:44:41'),(632300,'黄南藏族自治州',630000,1,'2018-05-14 16:44:41'),(632500,'海南藏族自治州',630000,1,'2018-05-14 16:44:41'),(632600,'果洛藏族自治州',630000,1,'2018-05-14 16:44:41'),(632700,'玉树藏族自治州',630000,1,'2018-05-14 16:44:41'),(632800,'海西蒙古族藏族自治州',630000,1,'2018-05-14 16:44:41'),(640100,'银川市',640000,1,'2018-05-14 16:44:42'),(640200,'石嘴山市',640000,1,'2018-05-14 16:44:42'),(640300,'吴忠市',640000,1,'2018-05-14 16:44:42'),(640400,'固原市',640000,1,'2018-05-14 16:44:42'),(640500,'中卫市',640000,1,'2018-05-14 16:44:42'),(650100,'乌鲁木齐市',650000,1,'2018-05-14 16:44:42'),(650200,'克拉玛依市',650000,1,'2018-05-14 16:44:42'),(650400,'吐鲁番市',650000,1,'2018-05-14 16:44:42'),(650500,'哈密市',650000,1,'2018-05-14 16:44:42'),(652300,'昌吉回族自治州',650000,1,'2018-05-14 16:44:42'),(652700,'博尔塔拉蒙古自治州',650000,1,'2018-05-14 16:44:42'),(652800,'巴音郭楞蒙古自治州',650000,1,'2018-05-14 16:44:42'),(652900,'阿克苏地区',650000,1,'2018-05-14 16:44:43'),(653000,'克孜勒苏柯尔克孜自治州',650000,1,'2018-05-14 16:44:43'),(653100,'喀什地区',650000,1,'2018-05-14 16:44:43'),(653200,'和田地区',650000,1,'2018-05-14 16:44:43'),(654000,'伊犁哈萨克自治州',650000,1,'2018-05-14 16:44:43'),(654200,'塔城地区',650000,1,'2018-05-14 16:44:43'),(654300,'阿勒泰地区',650000,1,'2018-05-14 16:44:44'),(659000,'自治区直辖县级行政区划',650000,1,'2018-05-14 16:44:44');

/*Table structure for table `fixture_data_client_followstatus` */

DROP TABLE IF EXISTS `fixture_data_client_followstatus`;

CREATE TABLE `fixture_data_client_followstatus` (
  `id` int(11) NOT NULL AUTO_INCREMENT,
  `name` varchar(255) DEFAULT NULL COMMENT '名称',
  `status` tinyint(1) DEFAULT '1' COMMENT '状态 默认1 ，1启用 0禁用',
  `created_at` datetime DEFAULT NULL COMMENT '创建时间',
  PRIMARY KEY (`id`)
) ENGINE=MyISAM AUTO_INCREMENT=5 DEFAULT CHARSET=utf8 COMMENT='数据源 - 客户跟进状态';

/*Data for the table `fixture_data_client_followstatus` */

insert  into `fixture_data_client_followstatus`(`id`,`name`,`status`,`created_at`) values (1,'已联系',1,NULL),(2,'已上门',1,NULL),(3,'无效',1,NULL),(4,'未联系',1,NULL);

/*Table structure for table `fixture_data_country` */

DROP TABLE IF EXISTS `fixture_data_country`;

CREATE TABLE `fixture_data_country` (
  `id` int(11) NOT NULL AUTO_INCREMENT,
  `name` varchar(255) DEFAULT NULL COMMENT '名称',
  `cityid` int(11) DEFAULT NULL COMMENT '市id',
  `status` tinyint(1) DEFAULT '1' COMMENT '状态 默认1 ，1启用 0禁用',
  `created_at` datetime DEFAULT NULL COMMENT '创建时间',
  PRIMARY KEY (`id`)
) ENGINE=InnoDB AUTO_INCREMENT=659007 DEFAULT CHARSET=utf8 COMMENT='数据源 - 区';

/*Data for the table `fixture_data_country` */

insert  into `fixture_data_country`(`id`,`name`,`cityid`,`status`,`created_at`) values (110101,'东城区',110100,1,'2018-05-14 16:43:50'),(110102,'西城区',110100,1,'2018-05-14 16:43:50'),(110105,'朝阳区',110100,1,'2018-05-14 16:43:50'),(110106,'丰台区',110100,1,'2018-05-14 16:43:51'),(110107,'石景山区',110100,1,'2018-05-14 16:43:51'),(110108,'海淀区',110100,1,'2018-05-14 16:43:51'),(110109,'门头沟区',110100,1,'2018-05-14 16:43:51'),(110111,'房山区',110100,1,'2018-05-14 16:43:51'),(110112,'通州区',110100,1,'2018-05-14 16:43:51'),(110113,'顺义区',110100,1,'2018-05-14 16:43:51'),(110114,'昌平区',110100,1,'2018-05-14 16:43:51'),(110115,'大兴区',110100,1,'2018-05-14 16:43:51'),(110116,'怀柔区',110100,1,'2018-05-14 16:43:51'),(110117,'平谷区',110100,1,'2018-05-14 16:43:51'),(110118,'密云区',110100,1,'2018-05-14 16:43:51'),(110119,'延庆区',110100,1,'2018-05-14 16:43:51'),(120101,'和平区',120100,1,'2018-05-14 16:43:51'),(120102,'河东区',120100,1,'2018-05-14 16:43:51'),(120103,'河西区',120100,1,'2018-05-14 16:43:51'),(120104,'南开区',120100,1,'2018-05-14 16:43:51'),(120105,'河北区',120100,1,'2018-05-14 16:43:51'),(120106,'红桥区',120100,1,'2018-05-14 16:43:51'),(120110,'东丽区',120100,1,'2018-05-14 16:43:51'),(120111,'西青区',120100,1,'2018-05-14 16:43:51'),(120112,'津南区',120100,1,'2018-05-14 16:43:51'),(120113,'北辰区',120100,1,'2018-05-14 16:43:51'),(120114,'武清区',120100,1,'2018-05-14 16:43:51'),(120115,'宝坻区',120100,1,'2018-05-14 16:43:51'),(120116,'滨海新区',120100,1,'2018-05-14 16:43:51'),(120117,'宁河区',120100,1,'2018-05-14 16:43:51'),(120118,'静海区',120100,1,'2018-05-14 16:43:51'),(120119,'蓟州区',120100,1,'2018-05-14 16:43:51'),(130101,'市辖区',130100,1,'2018-05-14 16:43:51'),(130102,'长安区',130100,1,'2018-05-14 16:43:51'),(130104,'桥西区',130100,1,'2018-05-14 16:43:51'),(130105,'新华区',130100,1,'2018-05-14 16:43:51'),(130107,'井陉矿区',130100,1,'2018-05-14 16:43:51'),(130108,'裕华区',130100,1,'2018-05-14 16:43:51'),(130109,'藁城区',130100,1,'2018-05-14 16:43:51'),(130110,'鹿泉区',130100,1,'2018-05-14 16:43:51'),(130111,'栾城区',130100,1,'2018-05-14 16:43:51'),(130121,'井陉县',130100,1,'2018-05-14 16:43:51'),(130123,'正定县',130100,1,'2018-05-14 16:43:51'),(130125,'行唐县',130100,1,'2018-05-14 16:43:51'),(130126,'灵寿县',130100,1,'2018-05-14 16:43:51'),(130127,'高邑县',130100,1,'2018-05-14 16:43:51'),(130128,'深泽县',130100,1,'2018-05-14 16:43:51'),(130129,'赞皇县',130100,1,'2018-05-14 16:43:51'),(130130,'无极县',130100,1,'2018-05-14 16:43:51'),(130131,'平山县',130100,1,'2018-05-14 16:43:51'),(130132,'元氏县',130100,1,'2018-05-14 16:43:51'),(130133,'赵县',130100,1,'2018-05-14 16:43:51'),(130183,'晋州市',130100,1,'2018-05-14 16:43:51'),(130184,'新乐市',130100,1,'2018-05-14 16:43:51'),(130201,'市辖区',130200,1,'2018-05-14 16:43:51'),(130202,'路南区',130200,1,'2018-05-14 16:43:51'),(130203,'路北区',130200,1,'2018-05-14 16:43:51'),(130204,'古冶区',130200,1,'2018-05-14 16:43:51'),(130205,'开平区',130200,1,'2018-05-14 16:43:52'),(130207,'丰南区',130200,1,'2018-05-14 16:43:52'),(130208,'丰润区',130200,1,'2018-05-14 16:43:52'),(130209,'曹妃甸区',130200,1,'2018-05-14 16:43:52'),(130223,'滦县',130200,1,'2018-05-14 16:43:52'),(130224,'滦南县',130200,1,'2018-05-14 16:43:52'),(130225,'乐亭县',130200,1,'2018-05-14 16:43:52'),(130227,'迁西县',130200,1,'2018-05-14 16:43:52'),(130229,'玉田县',130200,1,'2018-05-14 16:43:52'),(130281,'遵化市',130200,1,'2018-05-14 16:43:52'),(130283,'迁安市',130200,1,'2018-05-14 16:43:52'),(130301,'市辖区',130300,1,'2018-05-14 16:43:52'),(130302,'海港区',130300,1,'2018-05-14 16:43:52'),(130303,'山海关区',130300,1,'2018-05-14 16:43:52'),(130304,'北戴河区',130300,1,'2018-05-14 16:43:52'),(130306,'抚宁区',130300,1,'2018-05-14 16:43:52'),(130321,'青龙满族自治县',130300,1,'2018-05-14 16:43:52'),(130322,'昌黎县',130300,1,'2018-05-14 16:43:52'),(130324,'卢龙县',130300,1,'2018-05-14 16:43:52'),(130401,'市辖区',130400,1,'2018-05-14 16:43:52'),(130402,'邯山区',130400,1,'2018-05-14 16:43:52'),(130403,'丛台区',130400,1,'2018-05-14 16:43:52'),(130404,'复兴区',130400,1,'2018-05-14 16:43:52'),(130406,'峰峰矿区',130400,1,'2018-05-14 16:43:52'),(130421,'邯郸县',130400,1,'2018-05-14 16:43:52'),(130423,'临漳县',130400,1,'2018-05-14 16:43:52'),(130424,'成安县',130400,1,'2018-05-14 16:43:52'),(130425,'大名县',130400,1,'2018-05-14 16:43:52'),(130426,'涉县',130400,1,'2018-05-14 16:43:52'),(130427,'磁县',130400,1,'2018-05-14 16:43:52'),(130428,'肥乡县',130400,1,'2018-05-14 16:43:52'),(130429,'永年县',130400,1,'2018-05-14 16:43:52'),(130430,'邱县',130400,1,'2018-05-14 16:43:52'),(130431,'鸡泽县',130400,1,'2018-05-14 16:43:52'),(130432,'广平县',130400,1,'2018-05-14 16:43:52'),(130433,'馆陶县',130400,1,'2018-05-14 16:43:52'),(130434,'魏县',130400,1,'2018-05-14 16:43:52'),(130435,'曲周县',130400,1,'2018-05-14 16:43:52'),(130481,'武安市',130400,1,'2018-05-14 16:43:52'),(130501,'市辖区',130500,1,'2018-05-14 16:43:52'),(130502,'桥东区',130500,1,'2018-05-14 16:43:52'),(130503,'桥西区',130500,1,'2018-05-14 16:43:52'),(130521,'邢台县',130500,1,'2018-05-14 16:43:52'),(130522,'临城县',130500,1,'2018-05-14 16:43:52'),(130523,'内丘县',130500,1,'2018-05-14 16:43:52'),(130524,'柏乡县',130500,1,'2018-05-14 16:43:52'),(130525,'隆尧县',130500,1,'2018-05-14 16:43:52'),(130526,'任县',130500,1,'2018-05-14 16:43:52'),(130527,'南和县',130500,1,'2018-05-14 16:43:52'),(130528,'宁晋县',130500,1,'2018-05-14 16:43:52'),(130529,'巨鹿县',130500,1,'2018-05-14 16:43:52'),(130530,'新河县',130500,1,'2018-05-14 16:43:52'),(130531,'广宗县',130500,1,'2018-05-14 16:43:52'),(130532,'平乡县',130500,1,'2018-05-14 16:43:52'),(130533,'威县',130500,1,'2018-05-14 16:43:52'),(130534,'清河县',130500,1,'2018-05-14 16:43:53'),(130535,'临西县',130500,1,'2018-05-14 16:43:53'),(130581,'南宫市',130500,1,'2018-05-14 16:43:53'),(130582,'沙河市',130500,1,'2018-05-14 16:43:53'),(130601,'市辖区',130600,1,'2018-05-14 16:43:53'),(130602,'竞秀区',130600,1,'2018-05-14 16:43:53'),(130606,'莲池区',130600,1,'2018-05-14 16:43:53'),(130607,'满城区',130600,1,'2018-05-14 16:43:53'),(130608,'清苑区',130600,1,'2018-05-14 16:43:53'),(130609,'徐水区',130600,1,'2018-05-14 16:43:53'),(130623,'涞水县',130600,1,'2018-05-14 16:43:53'),(130624,'阜平县',130600,1,'2018-05-14 16:43:53'),(130626,'定兴县',130600,1,'2018-05-14 16:43:53'),(130627,'唐县',130600,1,'2018-05-14 16:43:53'),(130628,'高阳县',130600,1,'2018-05-14 16:43:53'),(130629,'容城县',130600,1,'2018-05-14 16:43:53'),(130630,'涞源县',130600,1,'2018-05-14 16:43:53'),(130631,'望都县',130600,1,'2018-05-14 16:43:53'),(130632,'安新县',130600,1,'2018-05-14 16:43:53'),(130633,'易县',130600,1,'2018-05-14 16:43:53'),(130634,'曲阳县',130600,1,'2018-05-14 16:43:53'),(130635,'蠡县',130600,1,'2018-05-14 16:43:53'),(130636,'顺平县',130600,1,'2018-05-14 16:43:53'),(130637,'博野县',130600,1,'2018-05-14 16:43:53'),(130638,'雄县',130600,1,'2018-05-14 16:43:53'),(130681,'涿州市',130600,1,'2018-05-14 16:43:53'),(130683,'安国市',130600,1,'2018-05-14 16:43:53'),(130684,'高碑店市',130600,1,'2018-05-14 16:43:53'),(130701,'市辖区',130700,1,'2018-05-14 16:43:53'),(130702,'桥东区',130700,1,'2018-05-14 16:43:53'),(130703,'桥西区',130700,1,'2018-05-14 16:43:53'),(130705,'宣化区',130700,1,'2018-05-14 16:43:53'),(130706,'下花园区',130700,1,'2018-05-14 16:43:53'),(130708,'万全区',130700,1,'2018-05-14 16:43:53'),(130709,'崇礼区',130700,1,'2018-05-14 16:43:53'),(130722,'张北县',130700,1,'2018-05-14 16:43:53'),(130723,'康保县',130700,1,'2018-05-14 16:43:53'),(130724,'沽源县',130700,1,'2018-05-14 16:43:53'),(130725,'尚义县',130700,1,'2018-05-14 16:43:53'),(130726,'蔚县',130700,1,'2018-05-14 16:43:53'),(130727,'阳原县',130700,1,'2018-05-14 16:43:53'),(130728,'怀安县',130700,1,'2018-05-14 16:43:53'),(130730,'怀来县',130700,1,'2018-05-14 16:43:53'),(130731,'涿鹿县',130700,1,'2018-05-14 16:43:53'),(130732,'赤城县',130700,1,'2018-05-14 16:43:53'),(130801,'市辖区',130800,1,'2018-05-14 16:43:53'),(130802,'双桥区',130800,1,'2018-05-14 16:43:53'),(130803,'双滦区',130800,1,'2018-05-14 16:43:53'),(130804,'鹰手营子矿区',130800,1,'2018-05-14 16:43:53'),(130821,'承德县',130800,1,'2018-05-14 16:43:53'),(130822,'兴隆县',130800,1,'2018-05-14 16:43:53'),(130823,'平泉县',130800,1,'2018-05-14 16:43:53'),(130824,'滦平县',130800,1,'2018-05-14 16:43:53'),(130825,'隆化县',130800,1,'2018-05-14 16:43:53'),(130826,'丰宁满族自治县',130800,1,'2018-05-14 16:43:53'),(130827,'宽城满族自治县',130800,1,'2018-05-14 16:43:53'),(130828,'围场满族蒙古族自治县',130800,1,'2018-05-14 16:43:53'),(130901,'市辖区',130900,1,'2018-05-14 16:43:53'),(130902,'新华区',130900,1,'2018-05-14 16:43:53'),(130903,'运河区',130900,1,'2018-05-14 16:43:53'),(130921,'沧县',130900,1,'2018-05-14 16:43:53'),(130922,'青县',130900,1,'2018-05-14 16:43:53'),(130923,'东光县',130900,1,'2018-05-14 16:43:53'),(130924,'海兴县',130900,1,'2018-05-14 16:43:54'),(130925,'盐山县',130900,1,'2018-05-14 16:43:54'),(130926,'肃宁县',130900,1,'2018-05-14 16:43:54'),(130927,'南皮县',130900,1,'2018-05-14 16:43:54'),(130928,'吴桥县',130900,1,'2018-05-14 16:43:54'),(130929,'献县',130900,1,'2018-05-14 16:43:54'),(130930,'孟村回族自治县',130900,1,'2018-05-14 16:43:54'),(130981,'泊头市',130900,1,'2018-05-14 16:43:54'),(130982,'任丘市',130900,1,'2018-05-14 16:43:54'),(130983,'黄骅市',130900,1,'2018-05-14 16:43:54'),(130984,'河间市',130900,1,'2018-05-14 16:43:54'),(131001,'市辖区',131000,1,'2018-05-14 16:43:54'),(131002,'安次区',131000,1,'2018-05-14 16:43:54'),(131003,'广阳区',131000,1,'2018-05-14 16:43:54'),(131022,'固安县',131000,1,'2018-05-14 16:43:54'),(131023,'永清县',131000,1,'2018-05-14 16:43:54'),(131024,'香河县',131000,1,'2018-05-14 16:43:54'),(131025,'大城县',131000,1,'2018-05-14 16:43:54'),(131026,'文安县',131000,1,'2018-05-14 16:43:54'),(131028,'大厂回族自治县',131000,1,'2018-05-14 16:43:54'),(131081,'霸州市',131000,1,'2018-05-14 16:43:54'),(131082,'三河市',131000,1,'2018-05-14 16:43:54'),(131101,'市辖区',131100,1,'2018-05-14 16:43:54'),(131102,'桃城区',131100,1,'2018-05-14 16:43:54'),(131103,'冀州区',131100,1,'2018-05-14 16:43:54'),(131121,'枣强县',131100,1,'2018-05-14 16:43:54'),(131122,'武邑县',131100,1,'2018-05-14 16:43:54'),(131123,'武强县',131100,1,'2018-05-14 16:43:54'),(131124,'饶阳县',131100,1,'2018-05-14 16:43:54'),(131125,'安平县',131100,1,'2018-05-14 16:43:54'),(131126,'故城县',131100,1,'2018-05-14 16:43:54'),(131127,'景县',131100,1,'2018-05-14 16:43:54'),(131128,'阜城县',131100,1,'2018-05-14 16:43:54'),(131182,'深州市',131100,1,'2018-05-14 16:43:54'),(139001,'定州市',139000,1,'2018-05-14 16:43:54'),(139002,'辛集市',139000,1,'2018-05-14 16:43:54'),(140101,'市辖区',140100,1,'2018-05-14 16:43:54'),(140105,'小店区',140100,1,'2018-05-14 16:43:54'),(140106,'迎泽区',140100,1,'2018-05-14 16:43:54'),(140107,'杏花岭区',140100,1,'2018-05-14 16:43:54'),(140108,'尖草坪区',140100,1,'2018-05-14 16:43:54'),(140109,'万柏林区',140100,1,'2018-05-14 16:43:54'),(140110,'晋源区',140100,1,'2018-05-14 16:43:54'),(140121,'清徐县',140100,1,'2018-05-14 16:43:54'),(140122,'阳曲县',140100,1,'2018-05-14 16:43:54'),(140123,'娄烦县',140100,1,'2018-05-14 16:43:54'),(140181,'古交市',140100,1,'2018-05-14 16:43:54'),(140201,'市辖区',140200,1,'2018-05-14 16:43:54'),(140202,'城区',140200,1,'2018-05-14 16:43:54'),(140203,'矿区',140200,1,'2018-05-14 16:43:54'),(140211,'南郊区',140200,1,'2018-05-14 16:43:54'),(140212,'新荣区',140200,1,'2018-05-14 16:43:54'),(140221,'阳高县',140200,1,'2018-05-14 16:43:54'),(140222,'天镇县',140200,1,'2018-05-14 16:43:54'),(140223,'广灵县',140200,1,'2018-05-14 16:43:54'),(140224,'灵丘县',140200,1,'2018-05-14 16:43:54'),(140225,'浑源县',140200,1,'2018-05-14 16:43:54'),(140226,'左云县',140200,1,'2018-05-14 16:43:54'),(140227,'大同县',140200,1,'2018-05-14 16:43:54'),(140301,'市辖区',140300,1,'2018-05-14 16:43:54'),(140302,'城区',140300,1,'2018-05-14 16:43:55'),(140303,'矿区',140300,1,'2018-05-14 16:43:55'),(140311,'郊区',140300,1,'2018-05-14 16:43:55'),(140321,'平定县',140300,1,'2018-05-14 16:43:55'),(140322,'盂县',140300,1,'2018-05-14 16:43:55'),(140401,'市辖区',140400,1,'2018-05-14 16:43:55'),(140402,'城区',140400,1,'2018-05-14 16:43:55'),(140411,'郊区',140400,1,'2018-05-14 16:43:55'),(140421,'长治县',140400,1,'2018-05-14 16:43:55'),(140423,'襄垣县',140400,1,'2018-05-14 16:43:55'),(140424,'屯留县',140400,1,'2018-05-14 16:43:55'),(140425,'平顺县',140400,1,'2018-05-14 16:43:55'),(140426,'黎城县',140400,1,'2018-05-14 16:43:55'),(140427,'壶关县',140400,1,'2018-05-14 16:43:55'),(140428,'长子县',140400,1,'2018-05-14 16:43:55'),(140429,'武乡县',140400,1,'2018-05-14 16:43:55'),(140430,'沁县',140400,1,'2018-05-14 16:43:55'),(140431,'沁源县',140400,1,'2018-05-14 16:43:55'),(140481,'潞城市',140400,1,'2018-05-14 16:43:55'),(140501,'市辖区',140500,1,'2018-05-14 16:43:55'),(140502,'城区',140500,1,'2018-05-14 16:43:55'),(140521,'沁水县',140500,1,'2018-05-14 16:43:55'),(140522,'阳城县',140500,1,'2018-05-14 16:43:55'),(140524,'陵川县',140500,1,'2018-05-14 16:43:55'),(140525,'泽州县',140500,1,'2018-05-14 16:43:55'),(140581,'高平市',140500,1,'2018-05-14 16:43:55'),(140601,'市辖区',140600,1,'2018-05-14 16:43:55'),(140602,'朔城区',140600,1,'2018-05-14 16:43:55'),(140603,'平鲁区',140600,1,'2018-05-14 16:43:55'),(140621,'山阴县',140600,1,'2018-05-14 16:43:55'),(140622,'应县',140600,1,'2018-05-14 16:43:55'),(140623,'右玉县',140600,1,'2018-05-14 16:43:55'),(140624,'怀仁县',140600,1,'2018-05-14 16:43:55'),(140701,'市辖区',140700,1,'2018-05-14 16:43:55'),(140702,'榆次区',140700,1,'2018-05-14 16:43:55'),(140721,'榆社县',140700,1,'2018-05-14 16:43:55'),(140722,'左权县',140700,1,'2018-05-14 16:43:55'),(140723,'和顺县',140700,1,'2018-05-14 16:43:55'),(140724,'昔阳县',140700,1,'2018-05-14 16:43:55'),(140725,'寿阳县',140700,1,'2018-05-14 16:43:55'),(140726,'太谷县',140700,1,'2018-05-14 16:43:55'),(140727,'祁县',140700,1,'2018-05-14 16:43:55'),(140728,'平遥县',140700,1,'2018-05-14 16:43:55'),(140729,'灵石县',140700,1,'2018-05-14 16:43:55'),(140781,'介休市',140700,1,'2018-05-14 16:43:55'),(140801,'市辖区',140800,1,'2018-05-14 16:43:55'),(140802,'盐湖区',140800,1,'2018-05-14 16:43:55'),(140821,'临猗县',140800,1,'2018-05-14 16:43:55'),(140822,'万荣县',140800,1,'2018-05-14 16:43:55'),(140823,'闻喜县',140800,1,'2018-05-14 16:43:55'),(140824,'稷山县',140800,1,'2018-05-14 16:43:55'),(140825,'新绛县',140800,1,'2018-05-14 16:43:55'),(140826,'绛县',140800,1,'2018-05-14 16:43:55'),(140827,'垣曲县',140800,1,'2018-05-14 16:43:55'),(140828,'夏县',140800,1,'2018-05-14 16:43:55'),(140829,'平陆县',140800,1,'2018-05-14 16:43:55'),(140830,'芮城县',140800,1,'2018-05-14 16:43:55'),(140881,'永济市',140800,1,'2018-05-14 16:43:55'),(140882,'河津市',140800,1,'2018-05-14 16:43:55'),(140901,'市辖区',140900,1,'2018-05-14 16:43:55'),(140902,'忻府区',140900,1,'2018-05-14 16:43:55'),(140921,'定襄县',140900,1,'2018-05-14 16:43:55'),(140922,'五台县',140900,1,'2018-05-14 16:43:55'),(140923,'代县',140900,1,'2018-05-14 16:43:55'),(140924,'繁峙县',140900,1,'2018-05-14 16:43:56'),(140925,'宁武县',140900,1,'2018-05-14 16:43:56'),(140926,'静乐县',140900,1,'2018-05-14 16:43:56'),(140927,'神池县',140900,1,'2018-05-14 16:43:56'),(140928,'五寨县',140900,1,'2018-05-14 16:43:56'),(140929,'岢岚县',140900,1,'2018-05-14 16:43:56'),(140930,'河曲县',140900,1,'2018-05-14 16:43:56'),(140931,'保德县',140900,1,'2018-05-14 16:43:56'),(140932,'偏关县',140900,1,'2018-05-14 16:43:56'),(140981,'原平市',140900,1,'2018-05-14 16:43:56'),(141001,'市辖区',141000,1,'2018-05-14 16:43:56'),(141002,'尧都区',141000,1,'2018-05-14 16:43:56'),(141021,'曲沃县',141000,1,'2018-05-14 16:43:56'),(141022,'翼城县',141000,1,'2018-05-14 16:43:56'),(141023,'襄汾县',141000,1,'2018-05-14 16:43:56'),(141024,'洪洞县',141000,1,'2018-05-14 16:43:56'),(141025,'古县',141000,1,'2018-05-14 16:43:56'),(141026,'安泽县',141000,1,'2018-05-14 16:43:56'),(141027,'浮山县',141000,1,'2018-05-14 16:43:56'),(141028,'吉县',141000,1,'2018-05-14 16:43:56'),(141029,'乡宁县',141000,1,'2018-05-14 16:43:56'),(141030,'大宁县',141000,1,'2018-05-14 16:43:56'),(141031,'隰县',141000,1,'2018-05-14 16:43:56'),(141032,'永和县',141000,1,'2018-05-14 16:43:56'),(141033,'蒲县',141000,1,'2018-05-14 16:43:56'),(141034,'汾西县',141000,1,'2018-05-14 16:43:56'),(141081,'侯马市',141000,1,'2018-05-14 16:43:56'),(141082,'霍州市',141000,1,'2018-05-14 16:43:56'),(141101,'市辖区',141100,1,'2018-05-14 16:43:56'),(141102,'离石区',141100,1,'2018-05-14 16:43:56'),(141121,'文水县',141100,1,'2018-05-14 16:43:56'),(141122,'交城县',141100,1,'2018-05-14 16:43:56'),(141123,'兴县',141100,1,'2018-05-14 16:43:56'),(141124,'临县',141100,1,'2018-05-14 16:43:56'),(141125,'柳林县',141100,1,'2018-05-14 16:43:56'),(141126,'石楼县',141100,1,'2018-05-14 16:43:56'),(141127,'岚县',141100,1,'2018-05-14 16:43:56'),(141128,'方山县',141100,1,'2018-05-14 16:43:56'),(141129,'中阳县',141100,1,'2018-05-14 16:43:56'),(141130,'交口县',141100,1,'2018-05-14 16:43:56'),(141181,'孝义市',141100,1,'2018-05-14 16:43:56'),(141182,'汾阳市',141100,1,'2018-05-14 16:43:56'),(150101,'市辖区',150100,1,'2018-05-14 16:43:56'),(150102,'新城区',150100,1,'2018-05-14 16:43:56'),(150103,'回民区',150100,1,'2018-05-14 16:43:56'),(150104,'玉泉区',150100,1,'2018-05-14 16:43:56'),(150105,'赛罕区',150100,1,'2018-05-14 16:43:56'),(150121,'土默特左旗',150100,1,'2018-05-14 16:43:56'),(150122,'托克托县',150100,1,'2018-05-14 16:43:56'),(150123,'和林格尔县',150100,1,'2018-05-14 16:43:56'),(150124,'清水河县',150100,1,'2018-05-14 16:43:56'),(150125,'武川县',150100,1,'2018-05-14 16:43:56'),(150201,'市辖区',150200,1,'2018-05-14 16:43:56'),(150202,'东河区',150200,1,'2018-05-14 16:43:56'),(150203,'昆都仑区',150200,1,'2018-05-14 16:43:56'),(150204,'青山区',150200,1,'2018-05-14 16:43:56'),(150205,'石拐区',150200,1,'2018-05-14 16:43:56'),(150206,'白云鄂博矿区',150200,1,'2018-05-14 16:43:56'),(150207,'九原区',150200,1,'2018-05-14 16:43:56'),(150221,'土默特右旗',150200,1,'2018-05-14 16:43:56'),(150222,'固阳县',150200,1,'2018-05-14 16:43:56'),(150223,'达尔罕茂明安联合旗',150200,1,'2018-05-14 16:43:56'),(150301,'市辖区',150300,1,'2018-05-14 16:43:57'),(150302,'海勃湾区',150300,1,'2018-05-14 16:43:57'),(150303,'海南区',150300,1,'2018-05-14 16:43:57'),(150304,'乌达区',150300,1,'2018-05-14 16:43:57'),(150401,'市辖区',150400,1,'2018-05-14 16:43:57'),(150402,'红山区',150400,1,'2018-05-14 16:43:57'),(150403,'元宝山区',150400,1,'2018-05-14 16:43:57'),(150404,'松山区',150400,1,'2018-05-14 16:43:57'),(150421,'阿鲁科尔沁旗',150400,1,'2018-05-14 16:43:57'),(150422,'巴林左旗',150400,1,'2018-05-14 16:43:57'),(150423,'巴林右旗',150400,1,'2018-05-14 16:43:57'),(150424,'林西县',150400,1,'2018-05-14 16:43:57'),(150425,'克什克腾旗',150400,1,'2018-05-14 16:43:57'),(150426,'翁牛特旗',150400,1,'2018-05-14 16:43:57'),(150428,'喀喇沁旗',150400,1,'2018-05-14 16:43:57'),(150429,'宁城县',150400,1,'2018-05-14 16:43:57'),(150430,'敖汉旗',150400,1,'2018-05-14 16:43:57'),(150501,'市辖区',150500,1,'2018-05-14 16:43:57'),(150502,'科尔沁区',150500,1,'2018-05-14 16:43:57'),(150521,'科尔沁左翼中旗',150500,1,'2018-05-14 16:43:57'),(150522,'科尔沁左翼后旗',150500,1,'2018-05-14 16:43:57'),(150523,'开鲁县',150500,1,'2018-05-14 16:43:57'),(150524,'库伦旗',150500,1,'2018-05-14 16:43:57'),(150525,'奈曼旗',150500,1,'2018-05-14 16:43:57'),(150526,'扎鲁特旗',150500,1,'2018-05-14 16:43:57'),(150581,'霍林郭勒市',150500,1,'2018-05-14 16:43:57'),(150601,'市辖区',150600,1,'2018-05-14 16:43:57'),(150602,'东胜区',150600,1,'2018-05-14 16:43:57'),(150603,'康巴什区',150600,1,'2018-05-14 16:43:57'),(150621,'达拉特旗',150600,1,'2018-05-14 16:43:57'),(150622,'准格尔旗',150600,1,'2018-05-14 16:43:57'),(150623,'鄂托克前旗',150600,1,'2018-05-14 16:43:57'),(150624,'鄂托克旗',150600,1,'2018-05-14 16:43:57'),(150625,'杭锦旗',150600,1,'2018-05-14 16:43:57'),(150626,'乌审旗',150600,1,'2018-05-14 16:43:57'),(150627,'伊金霍洛旗',150600,1,'2018-05-14 16:43:57'),(150701,'市辖区',150700,1,'2018-05-14 16:43:57'),(150702,'海拉尔区',150700,1,'2018-05-14 16:43:57'),(150703,'扎赉诺尔区',150700,1,'2018-05-14 16:43:57'),(150721,'阿荣旗',150700,1,'2018-05-14 16:43:57'),(150722,'莫力达瓦达斡尔族自治旗',150700,1,'2018-05-14 16:43:57'),(150723,'鄂伦春自治旗',150700,1,'2018-05-14 16:43:57'),(150724,'鄂温克族自治旗',150700,1,'2018-05-14 16:43:57'),(150725,'陈巴尔虎旗',150700,1,'2018-05-14 16:43:57'),(150726,'新巴尔虎左旗',150700,1,'2018-05-14 16:43:57'),(150727,'新巴尔虎右旗',150700,1,'2018-05-14 16:43:57'),(150781,'满洲里市',150700,1,'2018-05-14 16:43:57'),(150782,'牙克石市',150700,1,'2018-05-14 16:43:57'),(150783,'扎兰屯市',150700,1,'2018-05-14 16:43:57'),(150784,'额尔古纳市',150700,1,'2018-05-14 16:43:57'),(150785,'根河市',150700,1,'2018-05-14 16:43:57'),(150801,'市辖区',150800,1,'2018-05-14 16:43:57'),(150802,'临河区',150800,1,'2018-05-14 16:43:57'),(150821,'五原县',150800,1,'2018-05-14 16:43:57'),(150822,'磴口县',150800,1,'2018-05-14 16:43:58'),(150823,'乌拉特前旗',150800,1,'2018-05-14 16:43:58'),(150824,'乌拉特中旗',150800,1,'2018-05-14 16:43:58'),(150825,'乌拉特后旗',150800,1,'2018-05-14 16:43:58'),(150826,'杭锦后旗',150800,1,'2018-05-14 16:43:58'),(150901,'市辖区',150900,1,'2018-05-14 16:43:58'),(150902,'集宁区',150900,1,'2018-05-14 16:43:58'),(150921,'卓资县',150900,1,'2018-05-14 16:43:58'),(150922,'化德县',150900,1,'2018-05-14 16:43:58'),(150923,'商都县',150900,1,'2018-05-14 16:43:58'),(150924,'兴和县',150900,1,'2018-05-14 16:43:58'),(150925,'凉城县',150900,1,'2018-05-14 16:43:58'),(150926,'察哈尔右翼前旗',150900,1,'2018-05-14 16:43:58'),(150927,'察哈尔右翼中旗',150900,1,'2018-05-14 16:43:58'),(150928,'察哈尔右翼后旗',150900,1,'2018-05-14 16:43:58'),(150929,'四子王旗',150900,1,'2018-05-14 16:43:58'),(150981,'丰镇市',150900,1,'2018-05-14 16:43:58'),(152201,'乌兰浩特市',152200,1,'2018-05-14 16:43:58'),(152202,'阿尔山市',152200,1,'2018-05-14 16:43:58'),(152221,'科尔沁右翼前旗',152200,1,'2018-05-14 16:43:58'),(152222,'科尔沁右翼中旗',152200,1,'2018-05-14 16:43:58'),(152223,'扎赉特旗',152200,1,'2018-05-14 16:43:58'),(152224,'突泉县',152200,1,'2018-05-14 16:43:58'),(152501,'二连浩特市',152500,1,'2018-05-14 16:43:58'),(152502,'锡林浩特市',152500,1,'2018-05-14 16:43:58'),(152522,'阿巴嘎旗',152500,1,'2018-05-14 16:43:58'),(152523,'苏尼特左旗',152500,1,'2018-05-14 16:43:58'),(152524,'苏尼特右旗',152500,1,'2018-05-14 16:43:58'),(152525,'东乌珠穆沁旗',152500,1,'2018-05-14 16:43:58'),(152526,'西乌珠穆沁旗',152500,1,'2018-05-14 16:43:58'),(152527,'太仆寺旗',152500,1,'2018-05-14 16:43:58'),(152528,'镶黄旗',152500,1,'2018-05-14 16:43:58'),(152529,'正镶白旗',152500,1,'2018-05-14 16:43:58'),(152530,'正蓝旗',152500,1,'2018-05-14 16:43:58'),(152531,'多伦县',152500,1,'2018-05-14 16:43:58'),(152921,'阿拉善左旗',152900,1,'2018-05-14 16:43:58'),(152922,'阿拉善右旗',152900,1,'2018-05-14 16:43:58'),(152923,'额济纳旗',152900,1,'2018-05-14 16:43:58'),(210101,'市辖区',210100,1,'2018-05-14 16:43:58'),(210102,'和平区',210100,1,'2018-05-14 16:43:58'),(210103,'沈河区',210100,1,'2018-05-14 16:43:58'),(210104,'大东区',210100,1,'2018-05-14 16:43:58'),(210105,'皇姑区',210100,1,'2018-05-14 16:43:58'),(210106,'铁西区',210100,1,'2018-05-14 16:43:58'),(210111,'苏家屯区',210100,1,'2018-05-14 16:43:58'),(210112,'浑南区',210100,1,'2018-05-14 16:43:58'),(210113,'沈北新区',210100,1,'2018-05-14 16:43:58'),(210114,'于洪区',210100,1,'2018-05-14 16:43:58'),(210115,'辽中区',210100,1,'2018-05-14 16:43:58'),(210123,'康平县',210100,1,'2018-05-14 16:43:58'),(210124,'法库县',210100,1,'2018-05-14 16:43:58'),(210181,'新民市',210100,1,'2018-05-14 16:43:58'),(210201,'市辖区',210200,1,'2018-05-14 16:43:58'),(210202,'中山区',210200,1,'2018-05-14 16:43:58'),(210203,'西岗区',210200,1,'2018-05-14 16:43:58'),(210204,'沙河口区',210200,1,'2018-05-14 16:43:58'),(210211,'甘井子区',210200,1,'2018-05-14 16:43:58'),(210212,'旅顺口区',210200,1,'2018-05-14 16:43:58'),(210213,'金州区',210200,1,'2018-05-14 16:43:58'),(210214,'普兰店区',210200,1,'2018-05-14 16:43:58'),(210224,'长海县',210200,1,'2018-05-14 16:43:59'),(210281,'瓦房店市',210200,1,'2018-05-14 16:43:59'),(210283,'庄河市',210200,1,'2018-05-14 16:43:59'),(210301,'市辖区',210300,1,'2018-05-14 16:43:59'),(210302,'铁东区',210300,1,'2018-05-14 16:43:59'),(210303,'铁西区',210300,1,'2018-05-14 16:43:59'),(210304,'立山区',210300,1,'2018-05-14 16:43:59'),(210311,'千山区',210300,1,'2018-05-14 16:43:59'),(210321,'台安县',210300,1,'2018-05-14 16:43:59'),(210323,'岫岩满族自治县',210300,1,'2018-05-14 16:43:59'),(210381,'海城市',210300,1,'2018-05-14 16:43:59'),(210401,'市辖区',210400,1,'2018-05-14 16:43:59'),(210402,'新抚区',210400,1,'2018-05-14 16:43:59'),(210403,'东洲区',210400,1,'2018-05-14 16:43:59'),(210404,'望花区',210400,1,'2018-05-14 16:43:59'),(210411,'顺城区',210400,1,'2018-05-14 16:43:59'),(210421,'抚顺县',210400,1,'2018-05-14 16:43:59'),(210422,'新宾满族自治县',210400,1,'2018-05-14 16:43:59'),(210423,'清原满族自治县',210400,1,'2018-05-14 16:43:59'),(210501,'市辖区',210500,1,'2018-05-14 16:43:59'),(210502,'平山区',210500,1,'2018-05-14 16:43:59'),(210503,'溪湖区',210500,1,'2018-05-14 16:43:59'),(210504,'明山区',210500,1,'2018-05-14 16:43:59'),(210505,'南芬区',210500,1,'2018-05-14 16:43:59'),(210521,'本溪满族自治县',210500,1,'2018-05-14 16:43:59'),(210522,'桓仁满族自治县',210500,1,'2018-05-14 16:43:59'),(210601,'市辖区',210600,1,'2018-05-14 16:43:59'),(210602,'元宝区',210600,1,'2018-05-14 16:43:59'),(210603,'振兴区',210600,1,'2018-05-14 16:43:59'),(210604,'振安区',210600,1,'2018-05-14 16:43:59'),(210624,'宽甸满族自治县',210600,1,'2018-05-14 16:43:59'),(210681,'东港市',210600,1,'2018-05-14 16:43:59'),(210682,'凤城市',210600,1,'2018-05-14 16:43:59'),(210701,'市辖区',210700,1,'2018-05-14 16:43:59'),(210702,'古塔区',210700,1,'2018-05-14 16:43:59'),(210703,'凌河区',210700,1,'2018-05-14 16:43:59'),(210711,'太和区',210700,1,'2018-05-14 16:43:59'),(210726,'黑山县',210700,1,'2018-05-14 16:43:59'),(210727,'义县',210700,1,'2018-05-14 16:43:59'),(210781,'凌海市',210700,1,'2018-05-14 16:43:59'),(210782,'北镇市',210700,1,'2018-05-14 16:43:59'),(210801,'市辖区',210800,1,'2018-05-14 16:43:59'),(210802,'站前区',210800,1,'2018-05-14 16:43:59'),(210803,'西市区',210800,1,'2018-05-14 16:43:59'),(210804,'鲅鱼圈区',210800,1,'2018-05-14 16:43:59'),(210811,'老边区',210800,1,'2018-05-14 16:43:59'),(210881,'盖州市',210800,1,'2018-05-14 16:43:59'),(210882,'大石桥市',210800,1,'2018-05-14 16:43:59'),(210901,'市辖区',210900,1,'2018-05-14 16:43:59'),(210902,'海州区',210900,1,'2018-05-14 16:43:59'),(210903,'新邱区',210900,1,'2018-05-14 16:43:59'),(210904,'太平区',210900,1,'2018-05-14 16:43:59'),(210905,'清河门区',210900,1,'2018-05-14 16:43:59'),(210911,'细河区',210900,1,'2018-05-14 16:43:59'),(210921,'阜新蒙古族自治县',210900,1,'2018-05-14 16:44:00'),(210922,'彰武县',210900,1,'2018-05-14 16:44:00'),(211001,'市辖区',211000,1,'2018-05-14 16:44:00'),(211002,'白塔区',211000,1,'2018-05-14 16:44:00'),(211003,'文圣区',211000,1,'2018-05-14 16:44:00'),(211004,'宏伟区',211000,1,'2018-05-14 16:44:00'),(211005,'弓长岭区',211000,1,'2018-05-14 16:44:00'),(211011,'太子河区',211000,1,'2018-05-14 16:44:00'),(211021,'辽阳县',211000,1,'2018-05-14 16:44:00'),(211081,'灯塔市',211000,1,'2018-05-14 16:44:00'),(211101,'市辖区',211100,1,'2018-05-14 16:44:00'),(211102,'双台子区',211100,1,'2018-05-14 16:44:00'),(211103,'兴隆台区',211100,1,'2018-05-14 16:44:00'),(211104,'大洼区',211100,1,'2018-05-14 16:44:00'),(211122,'盘山县',211100,1,'2018-05-14 16:44:00'),(211201,'市辖区',211200,1,'2018-05-14 16:44:00'),(211202,'银州区',211200,1,'2018-05-14 16:44:00'),(211204,'清河区',211200,1,'2018-05-14 16:44:00'),(211221,'铁岭县',211200,1,'2018-05-14 16:44:00'),(211223,'西丰县',211200,1,'2018-05-14 16:44:00'),(211224,'昌图县',211200,1,'2018-05-14 16:44:00'),(211281,'调兵山市',211200,1,'2018-05-14 16:44:00'),(211282,'开原市',211200,1,'2018-05-14 16:44:00'),(211301,'市辖区',211300,1,'2018-05-14 16:44:00'),(211302,'双塔区',211300,1,'2018-05-14 16:44:00'),(211303,'龙城区',211300,1,'2018-05-14 16:44:00'),(211321,'朝阳县',211300,1,'2018-05-14 16:44:00'),(211322,'建平县',211300,1,'2018-05-14 16:44:00'),(211324,'喀喇沁左翼蒙古族自治县',211300,1,'2018-05-14 16:44:00'),(211381,'北票市',211300,1,'2018-05-14 16:44:00'),(211382,'凌源市',211300,1,'2018-05-14 16:44:00'),(211401,'市辖区',211400,1,'2018-05-14 16:44:00'),(211402,'连山区',211400,1,'2018-05-14 16:44:00'),(211403,'龙港区',211400,1,'2018-05-14 16:44:00'),(211404,'南票区',211400,1,'2018-05-14 16:44:00'),(211421,'绥中县',211400,1,'2018-05-14 16:44:00'),(211422,'建昌县',211400,1,'2018-05-14 16:44:00'),(211481,'兴城市',211400,1,'2018-05-14 16:44:00'),(220101,'市辖区',220100,1,'2018-05-14 16:44:00'),(220102,'南关区',220100,1,'2018-05-14 16:44:00'),(220103,'宽城区',220100,1,'2018-05-14 16:44:00'),(220104,'朝阳区',220100,1,'2018-05-14 16:44:00'),(220105,'二道区',220100,1,'2018-05-14 16:44:00'),(220106,'绿园区',220100,1,'2018-05-14 16:44:00'),(220112,'双阳区',220100,1,'2018-05-14 16:44:00'),(220113,'九台区',220100,1,'2018-05-14 16:44:00'),(220122,'农安县',220100,1,'2018-05-14 16:44:00'),(220182,'榆树市',220100,1,'2018-05-14 16:44:00'),(220183,'德惠市',220100,1,'2018-05-14 16:44:00'),(220201,'市辖区',220200,1,'2018-05-14 16:44:00'),(220202,'昌邑区',220200,1,'2018-05-14 16:44:00'),(220203,'龙潭区',220200,1,'2018-05-14 16:44:00'),(220204,'船营区',220200,1,'2018-05-14 16:44:00'),(220211,'丰满区',220200,1,'2018-05-14 16:44:00'),(220221,'永吉县',220200,1,'2018-05-14 16:44:00'),(220281,'蛟河市',220200,1,'2018-05-14 16:44:00'),(220282,'桦甸市',220200,1,'2018-05-14 16:44:00'),(220283,'舒兰市',220200,1,'2018-05-14 16:44:00'),(220284,'磐石市',220200,1,'2018-05-14 16:44:00'),(220301,'市辖区',220300,1,'2018-05-14 16:44:01'),(220302,'铁西区',220300,1,'2018-05-14 16:44:01'),(220303,'铁东区',220300,1,'2018-05-14 16:44:01'),(220322,'梨树县',220300,1,'2018-05-14 16:44:01'),(220323,'伊通满族自治县',220300,1,'2018-05-14 16:44:01'),(220381,'公主岭市',220300,1,'2018-05-14 16:44:01'),(220382,'双辽市',220300,1,'2018-05-14 16:44:01'),(220401,'市辖区',220400,1,'2018-05-14 16:44:01'),(220402,'龙山区',220400,1,'2018-05-14 16:44:01'),(220403,'西安区',220400,1,'2018-05-14 16:44:01'),(220421,'东丰县',220400,1,'2018-05-14 16:44:01'),(220422,'东辽县',220400,1,'2018-05-14 16:44:01'),(220501,'市辖区',220500,1,'2018-05-14 16:44:01'),(220502,'东昌区',220500,1,'2018-05-14 16:44:01'),(220503,'二道江区',220500,1,'2018-05-14 16:44:01'),(220521,'通化县',220500,1,'2018-05-14 16:44:01'),(220523,'辉南县',220500,1,'2018-05-14 16:44:01'),(220524,'柳河县',220500,1,'2018-05-14 16:44:01'),(220581,'梅河口市',220500,1,'2018-05-14 16:44:01'),(220582,'集安市',220500,1,'2018-05-14 16:44:01'),(220601,'市辖区',220600,1,'2018-05-14 16:44:01'),(220602,'浑江区',220600,1,'2018-05-14 16:44:01'),(220605,'江源区',220600,1,'2018-05-14 16:44:01'),(220621,'抚松县',220600,1,'2018-05-14 16:44:01'),(220622,'靖宇县',220600,1,'2018-05-14 16:44:01'),(220623,'长白朝鲜族自治县',220600,1,'2018-05-14 16:44:01'),(220681,'临江市',220600,1,'2018-05-14 16:44:01'),(220701,'市辖区',220700,1,'2018-05-14 16:44:01'),(220702,'宁江区',220700,1,'2018-05-14 16:44:01'),(220721,'前郭尔罗斯蒙古族自治县',220700,1,'2018-05-14 16:44:01'),(220722,'长岭县',220700,1,'2018-05-14 16:44:01'),(220723,'乾安县',220700,1,'2018-05-14 16:44:01'),(220781,'扶余市',220700,1,'2018-05-14 16:44:01'),(220801,'市辖区',220800,1,'2018-05-14 16:44:01'),(220802,'洮北区',220800,1,'2018-05-14 16:44:01'),(220821,'镇赉县',220800,1,'2018-05-14 16:44:01'),(220822,'通榆县',220800,1,'2018-05-14 16:44:01'),(220881,'洮南市',220800,1,'2018-05-14 16:44:01'),(220882,'大安市',220800,1,'2018-05-14 16:44:01'),(222401,'延吉市',222400,1,'2018-05-14 16:44:01'),(222402,'图们市',222400,1,'2018-05-14 16:44:01'),(222403,'敦化市',222400,1,'2018-05-14 16:44:01'),(222404,'珲春市',222400,1,'2018-05-14 16:44:01'),(222405,'龙井市',222400,1,'2018-05-14 16:44:01'),(222406,'和龙市',222400,1,'2018-05-14 16:44:01'),(222424,'汪清县',222400,1,'2018-05-14 16:44:01'),(222426,'安图县',222400,1,'2018-05-14 16:44:01'),(230101,'市辖区',230100,1,'2018-05-14 16:44:01'),(230102,'道里区',230100,1,'2018-05-14 16:44:01'),(230103,'南岗区',230100,1,'2018-05-14 16:44:01'),(230104,'道外区',230100,1,'2018-05-14 16:44:01'),(230108,'平房区',230100,1,'2018-05-14 16:44:01'),(230109,'松北区',230100,1,'2018-05-14 16:44:01'),(230110,'香坊区',230100,1,'2018-05-14 16:44:01'),(230111,'呼兰区',230100,1,'2018-05-14 16:44:01'),(230112,'阿城区',230100,1,'2018-05-14 16:44:01'),(230113,'双城区',230100,1,'2018-05-14 16:44:01'),(230123,'依兰县',230100,1,'2018-05-14 16:44:01'),(230124,'方正县',230100,1,'2018-05-14 16:44:01'),(230125,'宾县',230100,1,'2018-05-14 16:44:01'),(230126,'巴彦县',230100,1,'2018-05-14 16:44:01'),(230127,'木兰县',230100,1,'2018-05-14 16:44:01'),(230128,'通河县',230100,1,'2018-05-14 16:44:02'),(230129,'延寿县',230100,1,'2018-05-14 16:44:02'),(230183,'尚志市',230100,1,'2018-05-14 16:44:02'),(230184,'五常市',230100,1,'2018-05-14 16:44:02'),(230201,'市辖区',230200,1,'2018-05-14 16:44:02'),(230202,'龙沙区',230200,1,'2018-05-14 16:44:02'),(230203,'建华区',230200,1,'2018-05-14 16:44:02'),(230204,'铁锋区',230200,1,'2018-05-14 16:44:02'),(230205,'昂昂溪区',230200,1,'2018-05-14 16:44:02'),(230206,'富拉尔基区',230200,1,'2018-05-14 16:44:02'),(230207,'碾子山区',230200,1,'2018-05-14 16:44:02'),(230208,'梅里斯达斡尔族区',230200,1,'2018-05-14 16:44:02'),(230221,'龙江县',230200,1,'2018-05-14 16:44:02'),(230223,'依安县',230200,1,'2018-05-14 16:44:02'),(230224,'泰来县',230200,1,'2018-05-14 16:44:02'),(230225,'甘南县',230200,1,'2018-05-14 16:44:02'),(230227,'富裕县',230200,1,'2018-05-14 16:44:02'),(230229,'克山县',230200,1,'2018-05-14 16:44:02'),(230230,'克东县',230200,1,'2018-05-14 16:44:02'),(230231,'拜泉县',230200,1,'2018-05-14 16:44:02'),(230281,'讷河市',230200,1,'2018-05-14 16:44:02'),(230301,'市辖区',230300,1,'2018-05-14 16:44:02'),(230302,'鸡冠区',230300,1,'2018-05-14 16:44:02'),(230303,'恒山区',230300,1,'2018-05-14 16:44:02'),(230304,'滴道区',230300,1,'2018-05-14 16:44:02'),(230305,'梨树区',230300,1,'2018-05-14 16:44:02'),(230306,'城子河区',230300,1,'2018-05-14 16:44:02'),(230307,'麻山区',230300,1,'2018-05-14 16:44:02'),(230321,'鸡东县',230300,1,'2018-05-14 16:44:02'),(230381,'虎林市',230300,1,'2018-05-14 16:44:02'),(230382,'密山市',230300,1,'2018-05-14 16:44:02'),(230401,'市辖区',230400,1,'2018-05-14 16:44:02'),(230402,'向阳区',230400,1,'2018-05-14 16:44:02'),(230403,'工农区',230400,1,'2018-05-14 16:44:02'),(230404,'南山区',230400,1,'2018-05-14 16:44:02'),(230405,'兴安区',230400,1,'2018-05-14 16:44:02'),(230406,'东山区',230400,1,'2018-05-14 16:44:02'),(230407,'兴山区',230400,1,'2018-05-14 16:44:02'),(230421,'萝北县',230400,1,'2018-05-14 16:44:02'),(230422,'绥滨县',230400,1,'2018-05-14 16:44:02'),(230501,'市辖区',230500,1,'2018-05-14 16:44:02'),(230502,'尖山区',230500,1,'2018-05-14 16:44:02'),(230503,'岭东区',230500,1,'2018-05-14 16:44:02'),(230505,'四方台区',230500,1,'2018-05-14 16:44:02'),(230506,'宝山区',230500,1,'2018-05-14 16:44:02'),(230521,'集贤县',230500,1,'2018-05-14 16:44:02'),(230522,'友谊县',230500,1,'2018-05-14 16:44:02'),(230523,'宝清县',230500,1,'2018-05-14 16:44:02'),(230524,'饶河县',230500,1,'2018-05-14 16:44:02'),(230601,'市辖区',230600,1,'2018-05-14 16:44:02'),(230602,'萨尔图区',230600,1,'2018-05-14 16:44:02'),(230603,'龙凤区',230600,1,'2018-05-14 16:44:02'),(230604,'让胡路区',230600,1,'2018-05-14 16:44:02'),(230605,'红岗区',230600,1,'2018-05-14 16:44:02'),(230606,'大同区',230600,1,'2018-05-14 16:44:02'),(230621,'肇州县',230600,1,'2018-05-14 16:44:02'),(230622,'肇源县',230600,1,'2018-05-14 16:44:02'),(230623,'林甸县',230600,1,'2018-05-14 16:44:02'),(230624,'杜尔伯特蒙古族自治县',230600,1,'2018-05-14 16:44:02'),(230701,'市辖区',230700,1,'2018-05-14 16:44:02'),(230702,'伊春区',230700,1,'2018-05-14 16:44:03'),(230703,'南岔区',230700,1,'2018-05-14 16:44:03'),(230704,'友好区',230700,1,'2018-05-14 16:44:03'),(230705,'西林区',230700,1,'2018-05-14 16:44:03'),(230706,'翠峦区',230700,1,'2018-05-14 16:44:03'),(230707,'新青区',230700,1,'2018-05-14 16:44:03'),(230708,'美溪区',230700,1,'2018-05-14 16:44:03'),(230709,'金山屯区',230700,1,'2018-05-14 16:44:03'),(230710,'五营区',230700,1,'2018-05-14 16:44:03'),(230711,'乌马河区',230700,1,'2018-05-14 16:44:03'),(230712,'汤旺河区',230700,1,'2018-05-14 16:44:03'),(230713,'带岭区',230700,1,'2018-05-14 16:44:03'),(230714,'乌伊岭区',230700,1,'2018-05-14 16:44:03'),(230715,'红星区',230700,1,'2018-05-14 16:44:03'),(230716,'上甘岭区',230700,1,'2018-05-14 16:44:03'),(230722,'嘉荫县',230700,1,'2018-05-14 16:44:03'),(230781,'铁力市',230700,1,'2018-05-14 16:44:03'),(230801,'市辖区',230800,1,'2018-05-14 16:44:03'),(230803,'向阳区',230800,1,'2018-05-14 16:44:03'),(230804,'前进区',230800,1,'2018-05-14 16:44:03'),(230805,'东风区',230800,1,'2018-05-14 16:44:03'),(230811,'郊区',230800,1,'2018-05-14 16:44:03'),(230822,'桦南县',230800,1,'2018-05-14 16:44:03'),(230826,'桦川县',230800,1,'2018-05-14 16:44:03'),(230828,'汤原县',230800,1,'2018-05-14 16:44:03'),(230881,'同江市',230800,1,'2018-05-14 16:44:03'),(230882,'富锦市',230800,1,'2018-05-14 16:44:03'),(230883,'抚远市',230800,1,'2018-05-14 16:44:03'),(230901,'市辖区',230900,1,'2018-05-14 16:44:03'),(230902,'新兴区',230900,1,'2018-05-14 16:44:03'),(230903,'桃山区',230900,1,'2018-05-14 16:44:03'),(230904,'茄子河区',230900,1,'2018-05-14 16:44:03'),(230921,'勃利县',230900,1,'2018-05-14 16:44:03'),(231001,'市辖区',231000,1,'2018-05-14 16:44:03'),(231002,'东安区',231000,1,'2018-05-14 16:44:03'),(231003,'阳明区',231000,1,'2018-05-14 16:44:03'),(231004,'爱民区',231000,1,'2018-05-14 16:44:03'),(231005,'西安区',231000,1,'2018-05-14 16:44:03'),(231025,'林口县',231000,1,'2018-05-14 16:44:03'),(231081,'绥芬河市',231000,1,'2018-05-14 16:44:03'),(231083,'海林市',231000,1,'2018-05-14 16:44:03'),(231084,'宁安市',231000,1,'2018-05-14 16:44:03'),(231085,'穆棱市',231000,1,'2018-05-14 16:44:03'),(231086,'东宁市',231000,1,'2018-05-14 16:44:03'),(231101,'市辖区',231100,1,'2018-05-14 16:44:03'),(231102,'爱辉区',231100,1,'2018-05-14 16:44:03'),(231121,'嫩江县',231100,1,'2018-05-14 16:44:03'),(231123,'逊克县',231100,1,'2018-05-14 16:44:03'),(231124,'孙吴县',231100,1,'2018-05-14 16:44:03'),(231181,'北安市',231100,1,'2018-05-14 16:44:03'),(231182,'五大连池市',231100,1,'2018-05-14 16:44:03'),(231201,'市辖区',231200,1,'2018-05-14 16:44:03'),(231202,'北林区',231200,1,'2018-05-14 16:44:03'),(231221,'望奎县',231200,1,'2018-05-14 16:44:03'),(231222,'兰西县',231200,1,'2018-05-14 16:44:03'),(231223,'青冈县',231200,1,'2018-05-14 16:44:03'),(231224,'庆安县',231200,1,'2018-05-14 16:44:03'),(231225,'明水县',231200,1,'2018-05-14 16:44:03'),(231226,'绥棱县',231200,1,'2018-05-14 16:44:03'),(231281,'安达市',231200,1,'2018-05-14 16:44:03'),(231282,'肇东市',231200,1,'2018-05-14 16:44:04'),(231283,'海伦市',231200,1,'2018-05-14 16:44:04'),(232721,'呼玛县',232700,1,'2018-05-14 16:44:04'),(232722,'塔河县',232700,1,'2018-05-14 16:44:04'),(232723,'漠河县',232700,1,'2018-05-14 16:44:04'),(310101,'黄浦区',310100,1,'2018-05-14 16:44:04'),(310104,'徐汇区',310100,1,'2018-05-14 16:44:04'),(310105,'长宁区',310100,1,'2018-05-14 16:44:04'),(310106,'静安区',310100,1,'2018-05-14 16:44:04'),(310107,'普陀区',310100,1,'2018-05-14 16:44:04'),(310109,'虹口区',310100,1,'2018-05-14 16:44:04'),(310110,'杨浦区',310100,1,'2018-05-14 16:44:04'),(310112,'闵行区',310100,1,'2018-05-14 16:44:04'),(310113,'宝山区',310100,1,'2018-05-14 16:44:04'),(310114,'嘉定区',310100,1,'2018-05-14 16:44:04'),(310115,'浦东新区',310100,1,'2018-05-14 16:44:04'),(310116,'金山区',310100,1,'2018-05-14 16:44:04'),(310117,'松江区',310100,1,'2018-05-14 16:44:04'),(310118,'青浦区',310100,1,'2018-05-14 16:44:04'),(310120,'奉贤区',310100,1,'2018-05-14 16:44:04'),(310151,'崇明区',310100,1,'2018-05-14 16:44:04'),(320101,'市辖区',320100,1,'2018-05-14 16:44:04'),(320102,'玄武区',320100,1,'2018-05-14 16:44:04'),(320104,'秦淮区',320100,1,'2018-05-14 16:44:04'),(320105,'建邺区',320100,1,'2018-05-14 16:44:04'),(320106,'鼓楼区',320100,1,'2018-05-14 16:44:04'),(320111,'浦口区',320100,1,'2018-05-14 16:44:04'),(320113,'栖霞区',320100,1,'2018-05-14 16:44:04'),(320114,'雨花台区',320100,1,'2018-05-14 16:44:04'),(320115,'江宁区',320100,1,'2018-05-14 16:44:04'),(320116,'六合区',320100,1,'2018-05-14 16:44:04'),(320117,'溧水区',320100,1,'2018-05-14 16:44:04'),(320118,'高淳区',320100,1,'2018-05-14 16:44:04'),(320201,'市辖区',320200,1,'2018-05-14 16:44:04'),(320205,'锡山区',320200,1,'2018-05-14 16:44:04'),(320206,'惠山区',320200,1,'2018-05-14 16:44:04'),(320211,'滨湖区',320200,1,'2018-05-14 16:44:04'),(320213,'梁溪区',320200,1,'2018-05-14 16:44:04'),(320214,'新吴区',320200,1,'2018-05-14 16:44:04'),(320281,'江阴市',320200,1,'2018-05-14 16:44:04'),(320282,'宜兴市',320200,1,'2018-05-14 16:44:04'),(320301,'市辖区',320300,1,'2018-05-14 16:44:04'),(320302,'鼓楼区',320300,1,'2018-05-14 16:44:04'),(320303,'云龙区',320300,1,'2018-05-14 16:44:04'),(320305,'贾汪区',320300,1,'2018-05-14 16:44:04'),(320311,'泉山区',320300,1,'2018-05-14 16:44:04'),(320312,'铜山区',320300,1,'2018-05-14 16:44:04'),(320321,'丰县',320300,1,'2018-05-14 16:44:04'),(320322,'沛县',320300,1,'2018-05-14 16:44:04'),(320324,'睢宁县',320300,1,'2018-05-14 16:44:04'),(320381,'新沂市',320300,1,'2018-05-14 16:44:04'),(320382,'邳州市',320300,1,'2018-05-14 16:44:04'),(320401,'市辖区',320400,1,'2018-05-14 16:44:04'),(320402,'天宁区',320400,1,'2018-05-14 16:44:04'),(320404,'钟楼区',320400,1,'2018-05-14 16:44:04'),(320411,'新北区',320400,1,'2018-05-14 16:44:04'),(320412,'武进区',320400,1,'2018-05-14 16:44:04'),(320413,'金坛区',320400,1,'2018-05-14 16:44:05'),(320481,'溧阳市',320400,1,'2018-05-14 16:44:05'),(320501,'市辖区',320500,1,'2018-05-14 16:44:05'),(320505,'虎丘区',320500,1,'2018-05-14 16:44:05'),(320506,'吴中区',320500,1,'2018-05-14 16:44:05'),(320507,'相城区',320500,1,'2018-05-14 16:44:05'),(320508,'姑苏区',320500,1,'2018-05-14 16:44:05'),(320509,'吴江区',320500,1,'2018-05-14 16:44:05'),(320581,'常熟市',320500,1,'2018-05-14 16:44:05'),(320582,'张家港市',320500,1,'2018-05-14 16:44:05'),(320583,'昆山市',320500,1,'2018-05-14 16:44:05'),(320585,'太仓市',320500,1,'2018-05-14 16:44:05'),(320601,'市辖区',320600,1,'2018-05-14 16:44:05'),(320602,'崇川区',320600,1,'2018-05-14 16:44:05'),(320611,'港闸区',320600,1,'2018-05-14 16:44:05'),(320612,'通州区',320600,1,'2018-05-14 16:44:05'),(320621,'海安县',320600,1,'2018-05-14 16:44:05'),(320623,'如东县',320600,1,'2018-05-14 16:44:05'),(320681,'启东市',320600,1,'2018-05-14 16:44:05'),(320682,'如皋市',320600,1,'2018-05-14 16:44:05'),(320684,'海门市',320600,1,'2018-05-14 16:44:05'),(320701,'市辖区',320700,1,'2018-05-14 16:44:05'),(320703,'连云区',320700,1,'2018-05-14 16:44:05'),(320706,'海州区',320700,1,'2018-05-14 16:44:05'),(320707,'赣榆区',320700,1,'2018-05-14 16:44:05'),(320722,'东海县',320700,1,'2018-05-14 16:44:05'),(320723,'灌云县',320700,1,'2018-05-14 16:44:05'),(320724,'灌南县',320700,1,'2018-05-14 16:44:05'),(320801,'市辖区',320800,1,'2018-05-14 16:44:05'),(320803,'淮安区',320800,1,'2018-05-14 16:44:05'),(320804,'淮阴区',320800,1,'2018-05-14 16:44:05'),(320812,'清江浦区',320800,1,'2018-05-14 16:44:05'),(320813,'洪泽区',320800,1,'2018-05-14 16:44:05'),(320826,'涟水县',320800,1,'2018-05-14 16:44:05'),(320830,'盱眙县',320800,1,'2018-05-14 16:44:05'),(320831,'金湖县',320800,1,'2018-05-14 16:44:05'),(320901,'市辖区',320900,1,'2018-05-14 16:44:05'),(320902,'亭湖区',320900,1,'2018-05-14 16:44:05'),(320903,'盐都区',320900,1,'2018-05-14 16:44:05'),(320904,'大丰区',320900,1,'2018-05-14 16:44:05'),(320921,'响水县',320900,1,'2018-05-14 16:44:05'),(320922,'滨海县',320900,1,'2018-05-14 16:44:05'),(320923,'阜宁县',320900,1,'2018-05-14 16:44:05'),(320924,'射阳县',320900,1,'2018-05-14 16:44:05'),(320925,'建湖县',320900,1,'2018-05-14 16:44:05'),(320981,'东台市',320900,1,'2018-05-14 16:44:05'),(321001,'市辖区',321000,1,'2018-05-14 16:44:05'),(321002,'广陵区',321000,1,'2018-05-14 16:44:05'),(321003,'邗江区',321000,1,'2018-05-14 16:44:05'),(321012,'江都区',321000,1,'2018-05-14 16:44:05'),(321023,'宝应县',321000,1,'2018-05-14 16:44:05'),(321081,'仪征市',321000,1,'2018-05-14 16:44:05'),(321084,'高邮市',321000,1,'2018-05-14 16:44:05'),(321101,'市辖区',321100,1,'2018-05-14 16:44:05'),(321102,'京口区',321100,1,'2018-05-14 16:44:05'),(321111,'润州区',321100,1,'2018-05-14 16:44:05'),(321112,'丹徒区',321100,1,'2018-05-14 16:44:05'),(321181,'丹阳市',321100,1,'2018-05-14 16:44:05'),(321182,'扬中市',321100,1,'2018-05-14 16:44:05'),(321183,'句容市',321100,1,'2018-05-14 16:44:05'),(321201,'市辖区',321200,1,'2018-05-14 16:44:05'),(321202,'海陵区',321200,1,'2018-05-14 16:44:05'),(321203,'高港区',321200,1,'2018-05-14 16:44:05'),(321204,'姜堰区',321200,1,'2018-05-14 16:44:06'),(321281,'兴化市',321200,1,'2018-05-14 16:44:06'),(321282,'靖江市',321200,1,'2018-05-14 16:44:06'),(321283,'泰兴市',321200,1,'2018-05-14 16:44:06'),(321301,'市辖区',321300,1,'2018-05-14 16:44:06'),(321302,'宿城区',321300,1,'2018-05-14 16:44:06'),(321311,'宿豫区',321300,1,'2018-05-14 16:44:06'),(321322,'沭阳县',321300,1,'2018-05-14 16:44:06'),(321323,'泗阳县',321300,1,'2018-05-14 16:44:06'),(321324,'泗洪县',321300,1,'2018-05-14 16:44:06'),(330101,'市辖区',330100,1,'2018-05-14 16:44:06'),(330102,'上城区',330100,1,'2018-05-14 16:44:06'),(330103,'下城区',330100,1,'2018-05-14 16:44:06'),(330104,'江干区',330100,1,'2018-05-14 16:44:06'),(330105,'拱墅区',330100,1,'2018-05-14 16:44:06'),(330106,'西湖区',330100,1,'2018-05-14 16:44:06'),(330108,'滨江区',330100,1,'2018-05-14 16:44:06'),(330109,'萧山区',330100,1,'2018-05-14 16:44:06'),(330110,'余杭区',330100,1,'2018-05-14 16:44:06'),(330111,'富阳区',330100,1,'2018-05-14 16:44:06'),(330122,'桐庐县',330100,1,'2018-05-14 16:44:06'),(330127,'淳安县',330100,1,'2018-05-14 16:44:06'),(330182,'建德市',330100,1,'2018-05-14 16:44:06'),(330185,'临安市',330100,1,'2018-05-14 16:44:06'),(330201,'市辖区',330200,1,'2018-05-14 16:44:06'),(330203,'海曙区',330200,1,'2018-05-14 16:44:06'),(330204,'江东区',330200,1,'2018-05-14 16:44:06'),(330205,'江北区',330200,1,'2018-05-14 16:44:06'),(330206,'北仑区',330200,1,'2018-05-14 16:44:06'),(330211,'镇海区',330200,1,'2018-05-14 16:44:06'),(330212,'鄞州区',330200,1,'2018-05-14 16:44:06'),(330225,'象山县',330200,1,'2018-05-14 16:44:06'),(330226,'宁海县',330200,1,'2018-05-14 16:44:06'),(330281,'余姚市',330200,1,'2018-05-14 16:44:06'),(330282,'慈溪市',330200,1,'2018-05-14 16:44:06'),(330283,'奉化市',330200,1,'2018-05-14 16:44:06'),(330301,'市辖区',330300,1,'2018-05-14 16:44:06'),(330302,'鹿城区',330300,1,'2018-05-14 16:44:06'),(330303,'龙湾区',330300,1,'2018-05-14 16:44:06'),(330304,'瓯海区',330300,1,'2018-05-14 16:44:06'),(330305,'洞头区',330300,1,'2018-05-14 16:44:06'),(330324,'永嘉县',330300,1,'2018-05-14 16:44:06'),(330326,'平阳县',330300,1,'2018-05-14 16:44:06'),(330327,'苍南县',330300,1,'2018-05-14 16:44:06'),(330328,'文成县',330300,1,'2018-05-14 16:44:06'),(330329,'泰顺县',330300,1,'2018-05-14 16:44:06'),(330381,'瑞安市',330300,1,'2018-05-14 16:44:06'),(330382,'乐清市',330300,1,'2018-05-14 16:44:06'),(330401,'市辖区',330400,1,'2018-05-14 16:44:06'),(330402,'南湖区',330400,1,'2018-05-14 16:44:06'),(330411,'秀洲区',330400,1,'2018-05-14 16:44:06'),(330421,'嘉善县',330400,1,'2018-05-14 16:44:06'),(330424,'海盐县',330400,1,'2018-05-14 16:44:06'),(330481,'海宁市',330400,1,'2018-05-14 16:44:06'),(330482,'平湖市',330400,1,'2018-05-14 16:44:06'),(330483,'桐乡市',330400,1,'2018-05-14 16:44:06'),(330501,'市辖区',330500,1,'2018-05-14 16:44:06'),(330502,'吴兴区',330500,1,'2018-05-14 16:44:06'),(330503,'南浔区',330500,1,'2018-05-14 16:44:06'),(330521,'德清县',330500,1,'2018-05-14 16:44:07'),(330522,'长兴县',330500,1,'2018-05-14 16:44:07'),(330523,'安吉县',330500,1,'2018-05-14 16:44:07'),(330601,'市辖区',330600,1,'2018-05-14 16:44:07'),(330602,'越城区',330600,1,'2018-05-14 16:44:07'),(330603,'柯桥区',330600,1,'2018-05-14 16:44:07'),(330604,'上虞区',330600,1,'2018-05-14 16:44:07'),(330624,'新昌县',330600,1,'2018-05-14 16:44:07'),(330681,'诸暨市',330600,1,'2018-05-14 16:44:07'),(330683,'嵊州市',330600,1,'2018-05-14 16:44:07'),(330701,'市辖区',330700,1,'2018-05-14 16:44:07'),(330702,'婺城区',330700,1,'2018-05-14 16:44:07'),(330703,'金东区',330700,1,'2018-05-14 16:44:07'),(330723,'武义县',330700,1,'2018-05-14 16:44:07'),(330726,'浦江县',330700,1,'2018-05-14 16:44:07'),(330727,'磐安县',330700,1,'2018-05-14 16:44:07'),(330781,'兰溪市',330700,1,'2018-05-14 16:44:07'),(330782,'义乌市',330700,1,'2018-05-14 16:44:07'),(330783,'东阳市',330700,1,'2018-05-14 16:44:07'),(330784,'永康市',330700,1,'2018-05-14 16:44:07'),(330801,'市辖区',330800,1,'2018-05-14 16:44:07'),(330802,'柯城区',330800,1,'2018-05-14 16:44:07'),(330803,'衢江区',330800,1,'2018-05-14 16:44:07'),(330822,'常山县',330800,1,'2018-05-14 16:44:07'),(330824,'开化县',330800,1,'2018-05-14 16:44:07'),(330825,'龙游县',330800,1,'2018-05-14 16:44:07'),(330881,'江山市',330800,1,'2018-05-14 16:44:07'),(330901,'市辖区',330900,1,'2018-05-14 16:44:07'),(330902,'定海区',330900,1,'2018-05-14 16:44:07'),(330903,'普陀区',330900,1,'2018-05-14 16:44:07'),(330921,'岱山县',330900,1,'2018-05-14 16:44:07'),(330922,'嵊泗县',330900,1,'2018-05-14 16:44:07'),(331001,'市辖区',331000,1,'2018-05-14 16:44:07'),(331002,'椒江区',331000,1,'2018-05-14 16:44:07'),(331003,'黄岩区',331000,1,'2018-05-14 16:44:07'),(331004,'路桥区',331000,1,'2018-05-14 16:44:07'),(331021,'玉环县',331000,1,'2018-05-14 16:44:07'),(331022,'三门县',331000,1,'2018-05-14 16:44:07'),(331023,'天台县',331000,1,'2018-05-14 16:44:07'),(331024,'仙居县',331000,1,'2018-05-14 16:44:07'),(331081,'温岭市',331000,1,'2018-05-14 16:44:07'),(331082,'临海市',331000,1,'2018-05-14 16:44:07'),(331101,'市辖区',331100,1,'2018-05-14 16:44:07'),(331102,'莲都区',331100,1,'2018-05-14 16:44:07'),(331121,'青田县',331100,1,'2018-05-14 16:44:07'),(331122,'缙云县',331100,1,'2018-05-14 16:44:07'),(331123,'遂昌县',331100,1,'2018-05-14 16:44:07'),(331124,'松阳县',331100,1,'2018-05-14 16:44:07'),(331125,'云和县',331100,1,'2018-05-14 16:44:07'),(331126,'庆元县',331100,1,'2018-05-14 16:44:07'),(331127,'景宁畲族自治县',331100,1,'2018-05-14 16:44:07'),(331181,'龙泉市',331100,1,'2018-05-14 16:44:07'),(340101,'市辖区',340100,1,'2018-05-14 16:44:07'),(340102,'瑶海区',340100,1,'2018-05-14 16:44:07'),(340103,'庐阳区',340100,1,'2018-05-14 16:44:07'),(340104,'蜀山区',340100,1,'2018-05-14 16:44:07'),(340111,'包河区',340100,1,'2018-05-14 16:44:07'),(340121,'长丰县',340100,1,'2018-05-14 16:44:07'),(340122,'肥东县',340100,1,'2018-05-14 16:44:07'),(340123,'肥西县',340100,1,'2018-05-14 16:44:07'),(340124,'庐江县',340100,1,'2018-05-14 16:44:07'),(340181,'巢湖市',340100,1,'2018-05-14 16:44:08'),(340201,'市辖区',340200,1,'2018-05-14 16:44:08'),(340202,'镜湖区',340200,1,'2018-05-14 16:44:08'),(340203,'弋江区',340200,1,'2018-05-14 16:44:08'),(340207,'鸠江区',340200,1,'2018-05-14 16:44:08'),(340208,'三山区',340200,1,'2018-05-14 16:44:08'),(340221,'芜湖县',340200,1,'2018-05-14 16:44:08'),(340222,'繁昌县',340200,1,'2018-05-14 16:44:08'),(340223,'南陵县',340200,1,'2018-05-14 16:44:08'),(340225,'无为县',340200,1,'2018-05-14 16:44:08'),(340301,'市辖区',340300,1,'2018-05-14 16:44:08'),(340302,'龙子湖区',340300,1,'2018-05-14 16:44:08'),(340303,'蚌山区',340300,1,'2018-05-14 16:44:08'),(340304,'禹会区',340300,1,'2018-05-14 16:44:08'),(340311,'淮上区',340300,1,'2018-05-14 16:44:08'),(340321,'怀远县',340300,1,'2018-05-14 16:44:08'),(340322,'五河县',340300,1,'2018-05-14 16:44:08'),(340323,'固镇县',340300,1,'2018-05-14 16:44:08'),(340401,'市辖区',340400,1,'2018-05-14 16:44:08'),(340402,'大通区',340400,1,'2018-05-14 16:44:08'),(340403,'田家庵区',340400,1,'2018-05-14 16:44:08'),(340404,'谢家集区',340400,1,'2018-05-14 16:44:08'),(340405,'八公山区',340400,1,'2018-05-14 16:44:08'),(340406,'潘集区',340400,1,'2018-05-14 16:44:08'),(340421,'凤台县',340400,1,'2018-05-14 16:44:08'),(340422,'寿县',340400,1,'2018-05-14 16:44:08'),(340501,'市辖区',340500,1,'2018-05-14 16:44:08'),(340503,'花山区',340500,1,'2018-05-14 16:44:08'),(340504,'雨山区',340500,1,'2018-05-14 16:44:08'),(340506,'博望区',340500,1,'2018-05-14 16:44:08'),(340521,'当涂县',340500,1,'2018-05-14 16:44:08'),(340522,'含山县',340500,1,'2018-05-14 16:44:08'),(340523,'和县',340500,1,'2018-05-14 16:44:08'),(340601,'市辖区',340600,1,'2018-05-14 16:44:08'),(340602,'杜集区',340600,1,'2018-05-14 16:44:08'),(340603,'相山区',340600,1,'2018-05-14 16:44:08'),(340604,'烈山区',340600,1,'2018-05-14 16:44:08'),(340621,'濉溪县',340600,1,'2018-05-14 16:44:08'),(340701,'市辖区',340700,1,'2018-05-14 16:44:08'),(340705,'铜官区',340700,1,'2018-05-14 16:44:08'),(340706,'义安区',340700,1,'2018-05-14 16:44:08'),(340711,'郊区',340700,1,'2018-05-14 16:44:08'),(340722,'枞阳县',340700,1,'2018-05-14 16:44:08'),(340801,'市辖区',340800,1,'2018-05-14 16:44:08'),(340802,'迎江区',340800,1,'2018-05-14 16:44:08'),(340803,'大观区',340800,1,'2018-05-14 16:44:08'),(340811,'宜秀区',340800,1,'2018-05-14 16:44:08'),(340822,'怀宁县',340800,1,'2018-05-14 16:44:08'),(340824,'潜山县',340800,1,'2018-05-14 16:44:08'),(340825,'太湖县',340800,1,'2018-05-14 16:44:08'),(340826,'宿松县',340800,1,'2018-05-14 16:44:08'),(340827,'望江县',340800,1,'2018-05-14 16:44:08'),(340828,'岳西县',340800,1,'2018-05-14 16:44:08'),(340881,'桐城市',340800,1,'2018-05-14 16:44:08'),(341001,'市辖区',341000,1,'2018-05-14 16:44:08'),(341002,'屯溪区',341000,1,'2018-05-14 16:44:08'),(341003,'黄山区',341000,1,'2018-05-14 16:44:08'),(341004,'徽州区',341000,1,'2018-05-14 16:44:08'),(341021,'歙县',341000,1,'2018-05-14 16:44:08'),(341022,'休宁县',341000,1,'2018-05-14 16:44:08'),(341023,'黟县',341000,1,'2018-05-14 16:44:08'),(341024,'祁门县',341000,1,'2018-05-14 16:44:08'),(341101,'市辖区',341100,1,'2018-05-14 16:44:09'),(341102,'琅琊区',341100,1,'2018-05-14 16:44:09'),(341103,'南谯区',341100,1,'2018-05-14 16:44:09'),(341122,'来安县',341100,1,'2018-05-14 16:44:09'),(341124,'全椒县',341100,1,'2018-05-14 16:44:09'),(341125,'定远县',341100,1,'2018-05-14 16:44:09'),(341126,'凤阳县',341100,1,'2018-05-14 16:44:09'),(341181,'天长市',341100,1,'2018-05-14 16:44:09'),(341182,'明光市',341100,1,'2018-05-14 16:44:09'),(341201,'市辖区',341200,1,'2018-05-14 16:44:09'),(341202,'颍州区',341200,1,'2018-05-14 16:44:09'),(341203,'颍东区',341200,1,'2018-05-14 16:44:09'),(341204,'颍泉区',341200,1,'2018-05-14 16:44:09'),(341221,'临泉县',341200,1,'2018-05-14 16:44:09'),(341222,'太和县',341200,1,'2018-05-14 16:44:09'),(341225,'阜南县',341200,1,'2018-05-14 16:44:09'),(341226,'颍上县',341200,1,'2018-05-14 16:44:09'),(341282,'界首市',341200,1,'2018-05-14 16:44:09'),(341301,'市辖区',341300,1,'2018-05-14 16:44:09'),(341302,'埇桥区',341300,1,'2018-05-14 16:44:09'),(341321,'砀山县',341300,1,'2018-05-14 16:44:09'),(341322,'萧县',341300,1,'2018-05-14 16:44:09'),(341323,'灵璧县',341300,1,'2018-05-14 16:44:09'),(341324,'泗县',341300,1,'2018-05-14 16:44:09'),(341501,'市辖区',341500,1,'2018-05-14 16:44:09'),(341502,'金安区',341500,1,'2018-05-14 16:44:09'),(341503,'裕安区',341500,1,'2018-05-14 16:44:09'),(341504,'叶集区',341500,1,'2018-05-14 16:44:09'),(341522,'霍邱县',341500,1,'2018-05-14 16:44:09'),(341523,'舒城县',341500,1,'2018-05-14 16:44:09'),(341524,'金寨县',341500,1,'2018-05-14 16:44:09'),(341525,'霍山县',341500,1,'2018-05-14 16:44:09'),(341601,'市辖区',341600,1,'2018-05-14 16:44:09'),(341602,'谯城区',341600,1,'2018-05-14 16:44:09'),(341621,'涡阳县',341600,1,'2018-05-14 16:44:09'),(341622,'蒙城县',341600,1,'2018-05-14 16:44:09'),(341623,'利辛县',341600,1,'2018-05-14 16:44:09'),(341701,'市辖区',341700,1,'2018-05-14 16:44:09'),(341702,'贵池区',341700,1,'2018-05-14 16:44:09'),(341721,'东至县',341700,1,'2018-05-14 16:44:09'),(341722,'石台县',341700,1,'2018-05-14 16:44:09'),(341723,'青阳县',341700,1,'2018-05-14 16:44:09'),(341801,'市辖区',341800,1,'2018-05-14 16:44:09'),(341802,'宣州区',341800,1,'2018-05-14 16:44:09'),(341821,'郎溪县',341800,1,'2018-05-14 16:44:09'),(341822,'广德县',341800,1,'2018-05-14 16:44:09'),(341823,'泾县',341800,1,'2018-05-14 16:44:09'),(341824,'绩溪县',341800,1,'2018-05-14 16:44:09'),(341825,'旌德县',341800,1,'2018-05-14 16:44:09'),(341881,'宁国市',341800,1,'2018-05-14 16:44:09'),(350101,'市辖区',350100,1,'2018-05-14 16:44:09'),(350102,'鼓楼区',350100,1,'2018-05-14 16:44:09'),(350103,'台江区',350100,1,'2018-05-14 16:44:09'),(350104,'仓山区',350100,1,'2018-05-14 16:44:09'),(350105,'马尾区',350100,1,'2018-05-14 16:44:09'),(350111,'晋安区',350100,1,'2018-05-14 16:44:09'),(350121,'闽侯县',350100,1,'2018-05-14 16:44:09'),(350122,'连江县',350100,1,'2018-05-14 16:44:09'),(350123,'罗源县',350100,1,'2018-05-14 16:44:09'),(350124,'闽清县',350100,1,'2018-05-14 16:44:09'),(350125,'永泰县',350100,1,'2018-05-14 16:44:09'),(350128,'平潭县',350100,1,'2018-05-14 16:44:10'),(350181,'福清市',350100,1,'2018-05-14 16:44:10'),(350182,'长乐市',350100,1,'2018-05-14 16:44:10'),(350201,'市辖区',350200,1,'2018-05-14 16:44:10'),(350203,'思明区',350200,1,'2018-05-14 16:44:10'),(350205,'海沧区',350200,1,'2018-05-14 16:44:10'),(350206,'湖里区',350200,1,'2018-05-14 16:44:10'),(350211,'集美区',350200,1,'2018-05-14 16:44:10'),(350212,'同安区',350200,1,'2018-05-14 16:44:10'),(350213,'翔安区',350200,1,'2018-05-14 16:44:10'),(350301,'市辖区',350300,1,'2018-05-14 16:44:10'),(350302,'城厢区',350300,1,'2018-05-14 16:44:10'),(350303,'涵江区',350300,1,'2018-05-14 16:44:10'),(350304,'荔城区',350300,1,'2018-05-14 16:44:10'),(350305,'秀屿区',350300,1,'2018-05-14 16:44:10'),(350322,'仙游县',350300,1,'2018-05-14 16:44:10'),(350401,'市辖区',350400,1,'2018-05-14 16:44:10'),(350402,'梅列区',350400,1,'2018-05-14 16:44:10'),(350403,'三元区',350400,1,'2018-05-14 16:44:10'),(350421,'明溪县',350400,1,'2018-05-14 16:44:10'),(350423,'清流县',350400,1,'2018-05-14 16:44:10'),(350424,'宁化县',350400,1,'2018-05-14 16:44:10'),(350425,'大田县',350400,1,'2018-05-14 16:44:10'),(350426,'尤溪县',350400,1,'2018-05-14 16:44:10'),(350427,'沙县',350400,1,'2018-05-14 16:44:10'),(350428,'将乐县',350400,1,'2018-05-14 16:44:10'),(350429,'泰宁县',350400,1,'2018-05-14 16:44:10'),(350430,'建宁县',350400,1,'2018-05-14 16:44:10'),(350481,'永安市',350400,1,'2018-05-14 16:44:10'),(350501,'市辖区',350500,1,'2018-05-14 16:44:10'),(350502,'鲤城区',350500,1,'2018-05-14 16:44:10'),(350503,'丰泽区',350500,1,'2018-05-14 16:44:10'),(350504,'洛江区',350500,1,'2018-05-14 16:44:10'),(350505,'泉港区',350500,1,'2018-05-14 16:44:10'),(350521,'惠安县',350500,1,'2018-05-14 16:44:10'),(350524,'安溪县',350500,1,'2018-05-14 16:44:10'),(350525,'永春县',350500,1,'2018-05-14 16:44:10'),(350526,'德化县',350500,1,'2018-05-14 16:44:10'),(350527,'金门县',350500,1,'2018-05-14 16:44:10'),(350581,'石狮市',350500,1,'2018-05-14 16:44:10'),(350582,'晋江市',350500,1,'2018-05-14 16:44:10'),(350583,'南安市',350500,1,'2018-05-14 16:44:10'),(350601,'市辖区',350600,1,'2018-05-14 16:44:10'),(350602,'芗城区',350600,1,'2018-05-14 16:44:10'),(350603,'龙文区',350600,1,'2018-05-14 16:44:10'),(350622,'云霄县',350600,1,'2018-05-14 16:44:10'),(350623,'漳浦县',350600,1,'2018-05-14 16:44:10'),(350624,'诏安县',350600,1,'2018-05-14 16:44:10'),(350625,'长泰县',350600,1,'2018-05-14 16:44:10'),(350626,'东山县',350600,1,'2018-05-14 16:44:10'),(350627,'南靖县',350600,1,'2018-05-14 16:44:10'),(350628,'平和县',350600,1,'2018-05-14 16:44:10'),(350629,'华安县',350600,1,'2018-05-14 16:44:10'),(350681,'龙海市',350600,1,'2018-05-14 16:44:10'),(350701,'市辖区',350700,1,'2018-05-14 16:44:10'),(350702,'延平区',350700,1,'2018-05-14 16:44:10'),(350703,'建阳区',350700,1,'2018-05-14 16:44:10'),(350721,'顺昌县',350700,1,'2018-05-14 16:44:11'),(350722,'浦城县',350700,1,'2018-05-14 16:44:11'),(350723,'光泽县',350700,1,'2018-05-14 16:44:11'),(350724,'松溪县',350700,1,'2018-05-14 16:44:11'),(350725,'政和县',350700,1,'2018-05-14 16:44:11'),(350781,'邵武市',350700,1,'2018-05-14 16:44:11'),(350782,'武夷山市',350700,1,'2018-05-14 16:44:11'),(350783,'建瓯市',350700,1,'2018-05-14 16:44:11'),(350801,'市辖区',350800,1,'2018-05-14 16:44:11'),(350802,'新罗区',350800,1,'2018-05-14 16:44:11'),(350803,'永定区',350800,1,'2018-05-14 16:44:11'),(350821,'长汀县',350800,1,'2018-05-14 16:44:11'),(350823,'上杭县',350800,1,'2018-05-14 16:44:11'),(350824,'武平县',350800,1,'2018-05-14 16:44:11'),(350825,'连城县',350800,1,'2018-05-14 16:44:11'),(350881,'漳平市',350800,1,'2018-05-14 16:44:11'),(350901,'市辖区',350900,1,'2018-05-14 16:44:11'),(350902,'蕉城区',350900,1,'2018-05-14 16:44:11'),(350921,'霞浦县',350900,1,'2018-05-14 16:44:11'),(350922,'古田县',350900,1,'2018-05-14 16:44:11'),(350923,'屏南县',350900,1,'2018-05-14 16:44:11'),(350924,'寿宁县',350900,1,'2018-05-14 16:44:11'),(350925,'周宁县',350900,1,'2018-05-14 16:44:11'),(350926,'柘荣县',350900,1,'2018-05-14 16:44:11'),(350981,'福安市',350900,1,'2018-05-14 16:44:11'),(350982,'福鼎市',350900,1,'2018-05-14 16:44:11'),(360101,'市辖区',360100,1,'2018-05-14 16:44:11'),(360102,'东湖区',360100,1,'2018-05-14 16:44:11'),(360103,'西湖区',360100,1,'2018-05-14 16:44:11'),(360104,'青云谱区',360100,1,'2018-05-14 16:44:11'),(360105,'湾里区',360100,1,'2018-05-14 16:44:11'),(360111,'青山湖区',360100,1,'2018-05-14 16:44:11'),(360112,'新建区',360100,1,'2018-05-14 16:44:11'),(360121,'南昌县',360100,1,'2018-05-14 16:44:11'),(360123,'安义县',360100,1,'2018-05-14 16:44:11'),(360124,'进贤县',360100,1,'2018-05-14 16:44:11'),(360201,'市辖区',360200,1,'2018-05-14 16:44:11'),(360202,'昌江区',360200,1,'2018-05-14 16:44:11'),(360203,'珠山区',360200,1,'2018-05-14 16:44:11'),(360222,'浮梁县',360200,1,'2018-05-14 16:44:11'),(360281,'乐平市',360200,1,'2018-05-14 16:44:11'),(360301,'市辖区',360300,1,'2018-05-14 16:44:11'),(360302,'安源区',360300,1,'2018-05-14 16:44:11'),(360313,'湘东区',360300,1,'2018-05-14 16:44:11'),(360321,'莲花县',360300,1,'2018-05-14 16:44:11'),(360322,'上栗县',360300,1,'2018-05-14 16:44:11'),(360323,'芦溪县',360300,1,'2018-05-14 16:44:11'),(360401,'市辖区',360400,1,'2018-05-14 16:44:11'),(360402,'濂溪区',360400,1,'2018-05-14 16:44:11'),(360403,'浔阳区',360400,1,'2018-05-14 16:44:11'),(360421,'九江县',360400,1,'2018-05-14 16:44:11'),(360423,'武宁县',360400,1,'2018-05-14 16:44:11'),(360424,'修水县',360400,1,'2018-05-14 16:44:12'),(360425,'永修县',360400,1,'2018-05-14 16:44:12'),(360426,'德安县',360400,1,'2018-05-14 16:44:12'),(360428,'都昌县',360400,1,'2018-05-14 16:44:12'),(360429,'湖口县',360400,1,'2018-05-14 16:44:12'),(360430,'彭泽县',360400,1,'2018-05-14 16:44:12'),(360481,'瑞昌市',360400,1,'2018-05-14 16:44:12'),(360482,'共青城市',360400,1,'2018-05-14 16:44:12'),(360483,'庐山市',360400,1,'2018-05-14 16:44:12'),(360501,'市辖区',360500,1,'2018-05-14 16:44:12'),(360502,'渝水区',360500,1,'2018-05-14 16:44:12'),(360521,'分宜县',360500,1,'2018-05-14 16:44:12'),(360601,'市辖区',360600,1,'2018-05-14 16:44:12'),(360602,'月湖区',360600,1,'2018-05-14 16:44:12'),(360622,'余江县',360600,1,'2018-05-14 16:44:12'),(360681,'贵溪市',360600,1,'2018-05-14 16:44:12'),(360701,'市辖区',360700,1,'2018-05-14 16:44:12'),(360702,'章贡区',360700,1,'2018-05-14 16:44:12'),(360703,'南康区',360700,1,'2018-05-14 16:44:12'),(360721,'赣县',360700,1,'2018-05-14 16:44:12'),(360722,'信丰县',360700,1,'2018-05-14 16:44:12'),(360723,'大余县',360700,1,'2018-05-14 16:44:12'),(360724,'上犹县',360700,1,'2018-05-14 16:44:12'),(360725,'崇义县',360700,1,'2018-05-14 16:44:12'),(360726,'安远县',360700,1,'2018-05-14 16:44:12'),(360727,'龙南县',360700,1,'2018-05-14 16:44:12'),(360728,'定南县',360700,1,'2018-05-14 16:44:12'),(360729,'全南县',360700,1,'2018-05-14 16:44:12'),(360730,'宁都县',360700,1,'2018-05-14 16:44:12'),(360731,'于都县',360700,1,'2018-05-14 16:44:12'),(360732,'兴国县',360700,1,'2018-05-14 16:44:12'),(360733,'会昌县',360700,1,'2018-05-14 16:44:12'),(360734,'寻乌县',360700,1,'2018-05-14 16:44:12'),(360735,'石城县',360700,1,'2018-05-14 16:44:12'),(360781,'瑞金市',360700,1,'2018-05-14 16:44:12'),(360801,'市辖区',360800,1,'2018-05-14 16:44:12'),(360802,'吉州区',360800,1,'2018-05-14 16:44:12'),(360803,'青原区',360800,1,'2018-05-14 16:44:12'),(360821,'吉安县',360800,1,'2018-05-14 16:44:12'),(360822,'吉水县',360800,1,'2018-05-14 16:44:12'),(360823,'峡江县',360800,1,'2018-05-14 16:44:12'),(360824,'新干县',360800,1,'2018-05-14 16:44:12'),(360825,'永丰县',360800,1,'2018-05-14 16:44:12'),(360826,'泰和县',360800,1,'2018-05-14 16:44:12'),(360827,'遂川县',360800,1,'2018-05-14 16:44:12'),(360828,'万安县',360800,1,'2018-05-14 16:44:12'),(360829,'安福县',360800,1,'2018-05-14 16:44:12'),(360830,'永新县',360800,1,'2018-05-14 16:44:12'),(360881,'井冈山市',360800,1,'2018-05-14 16:44:12'),(360901,'市辖区',360900,1,'2018-05-14 16:44:12'),(360902,'袁州区',360900,1,'2018-05-14 16:44:12'),(360921,'奉新县',360900,1,'2018-05-14 16:44:12'),(360922,'万载县',360900,1,'2018-05-14 16:44:12'),(360923,'上高县',360900,1,'2018-05-14 16:44:12'),(360924,'宜丰县',360900,1,'2018-05-14 16:44:12'),(360925,'靖安县',360900,1,'2018-05-14 16:44:12'),(360926,'铜鼓县',360900,1,'2018-05-14 16:44:12'),(360981,'丰城市',360900,1,'2018-05-14 16:44:12'),(360982,'樟树市',360900,1,'2018-05-14 16:44:12'),(360983,'高安市',360900,1,'2018-05-14 16:44:12'),(361001,'市辖区',361000,1,'2018-05-14 16:44:12'),(361002,'临川区',361000,1,'2018-05-14 16:44:12'),(361021,'南城县',361000,1,'2018-05-14 16:44:13'),(361022,'黎川县',361000,1,'2018-05-14 16:44:13'),(361023,'南丰县',361000,1,'2018-05-14 16:44:13'),(361024,'崇仁县',361000,1,'2018-05-14 16:44:13'),(361025,'乐安县',361000,1,'2018-05-14 16:44:13'),(361026,'宜黄县',361000,1,'2018-05-14 16:44:13'),(361027,'金溪县',361000,1,'2018-05-14 16:44:13'),(361028,'资溪县',361000,1,'2018-05-14 16:44:13'),(361029,'东乡县',361000,1,'2018-05-14 16:44:13'),(361030,'广昌县',361000,1,'2018-05-14 16:44:13'),(361101,'市辖区',361100,1,'2018-05-14 16:44:13'),(361102,'信州区',361100,1,'2018-05-14 16:44:13'),(361103,'广丰区',361100,1,'2018-05-14 16:44:13'),(361121,'上饶县',361100,1,'2018-05-14 16:44:13'),(361123,'玉山县',361100,1,'2018-05-14 16:44:13'),(361124,'铅山县',361100,1,'2018-05-14 16:44:13'),(361125,'横峰县',361100,1,'2018-05-14 16:44:13'),(361126,'弋阳县',361100,1,'2018-05-14 16:44:13'),(361127,'余干县',361100,1,'2018-05-14 16:44:13'),(361128,'鄱阳县',361100,1,'2018-05-14 16:44:13'),(361129,'万年县',361100,1,'2018-05-14 16:44:13'),(361130,'婺源县',361100,1,'2018-05-14 16:44:13'),(361181,'德兴市',361100,1,'2018-05-14 16:44:13'),(370101,'市辖区',370100,1,'2018-05-14 16:44:13'),(370102,'历下区',370100,1,'2018-05-14 16:44:13'),(370103,'市中区',370100,1,'2018-05-14 16:44:13'),(370104,'槐荫区',370100,1,'2018-05-14 16:44:13'),(370105,'天桥区',370100,1,'2018-05-14 16:44:13'),(370112,'历城区',370100,1,'2018-05-14 16:44:13'),(370113,'长清区',370100,1,'2018-05-14 16:44:13'),(370124,'平阴县',370100,1,'2018-05-14 16:44:13'),(370125,'济阳县',370100,1,'2018-05-14 16:44:13'),(370126,'商河县',370100,1,'2018-05-14 16:44:13'),(370181,'章丘市',370100,1,'2018-05-14 16:44:13'),(370201,'市辖区',370200,1,'2018-05-14 16:44:13'),(370202,'市南区',370200,1,'2018-05-14 16:44:13'),(370203,'市北区',370200,1,'2018-05-14 16:44:13'),(370211,'黄岛区',370200,1,'2018-05-14 16:44:13'),(370212,'崂山区',370200,1,'2018-05-14 16:44:13'),(370213,'李沧区',370200,1,'2018-05-14 16:44:13'),(370214,'城阳区',370200,1,'2018-05-14 16:44:13'),(370281,'胶州市',370200,1,'2018-05-14 16:44:13'),(370282,'即墨市',370200,1,'2018-05-14 16:44:13'),(370283,'平度市',370200,1,'2018-05-14 16:44:13'),(370285,'莱西市',370200,1,'2018-05-14 16:44:13'),(370301,'市辖区',370300,1,'2018-05-14 16:44:13'),(370302,'淄川区',370300,1,'2018-05-14 16:44:13'),(370303,'张店区',370300,1,'2018-05-14 16:44:13'),(370304,'博山区',370300,1,'2018-05-14 16:44:13'),(370305,'临淄区',370300,1,'2018-05-14 16:44:13'),(370306,'周村区',370300,1,'2018-05-14 16:44:13'),(370321,'桓台县',370300,1,'2018-05-14 16:44:13'),(370322,'高青县',370300,1,'2018-05-14 16:44:13'),(370323,'沂源县',370300,1,'2018-05-14 16:44:13'),(370401,'市辖区',370400,1,'2018-05-14 16:44:13'),(370402,'市中区',370400,1,'2018-05-14 16:44:13'),(370403,'薛城区',370400,1,'2018-05-14 16:44:13'),(370404,'峄城区',370400,1,'2018-05-14 16:44:13'),(370405,'台儿庄区',370400,1,'2018-05-14 16:44:14'),(370406,'山亭区',370400,1,'2018-05-14 16:44:14'),(370481,'滕州市',370400,1,'2018-05-14 16:44:14'),(370501,'市辖区',370500,1,'2018-05-14 16:44:14'),(370502,'东营区',370500,1,'2018-05-14 16:44:14'),(370503,'河口区',370500,1,'2018-05-14 16:44:14'),(370505,'垦利区',370500,1,'2018-05-14 16:44:14'),(370522,'利津县',370500,1,'2018-05-14 16:44:14'),(370523,'广饶县',370500,1,'2018-05-14 16:44:14'),(370601,'市辖区',370600,1,'2018-05-14 16:44:14'),(370602,'芝罘区',370600,1,'2018-05-14 16:44:14'),(370611,'福山区',370600,1,'2018-05-14 16:44:14'),(370612,'牟平区',370600,1,'2018-05-14 16:44:14'),(370613,'莱山区',370600,1,'2018-05-14 16:44:14'),(370634,'长岛县',370600,1,'2018-05-14 16:44:14'),(370681,'龙口市',370600,1,'2018-05-14 16:44:14'),(370682,'莱阳市',370600,1,'2018-05-14 16:44:14'),(370683,'莱州市',370600,1,'2018-05-14 16:44:14'),(370684,'蓬莱市',370600,1,'2018-05-14 16:44:14'),(370685,'招远市',370600,1,'2018-05-14 16:44:14'),(370686,'栖霞市',370600,1,'2018-05-14 16:44:14'),(370687,'海阳市',370600,1,'2018-05-14 16:44:14'),(370701,'市辖区',370700,1,'2018-05-14 16:44:14'),(370702,'潍城区',370700,1,'2018-05-14 16:44:14'),(370703,'寒亭区',370700,1,'2018-05-14 16:44:14'),(370704,'坊子区',370700,1,'2018-05-14 16:44:14'),(370705,'奎文区',370700,1,'2018-05-14 16:44:14'),(370724,'临朐县',370700,1,'2018-05-14 16:44:14'),(370725,'昌乐县',370700,1,'2018-05-14 16:44:14'),(370781,'青州市',370700,1,'2018-05-14 16:44:14'),(370782,'诸城市',370700,1,'2018-05-14 16:44:14'),(370783,'寿光市',370700,1,'2018-05-14 16:44:14'),(370784,'安丘市',370700,1,'2018-05-14 16:44:14'),(370785,'高密市',370700,1,'2018-05-14 16:44:14'),(370786,'昌邑市',370700,1,'2018-05-14 16:44:14'),(370801,'市辖区',370800,1,'2018-05-14 16:44:14'),(370811,'任城区',370800,1,'2018-05-14 16:44:14'),(370812,'兖州区',370800,1,'2018-05-14 16:44:14'),(370826,'微山县',370800,1,'2018-05-14 16:44:14'),(370827,'鱼台县',370800,1,'2018-05-14 16:44:14'),(370828,'金乡县',370800,1,'2018-05-14 16:44:14'),(370829,'嘉祥县',370800,1,'2018-05-14 16:44:14'),(370830,'汶上县',370800,1,'2018-05-14 16:44:14'),(370831,'泗水县',370800,1,'2018-05-14 16:44:14'),(370832,'梁山县',370800,1,'2018-05-14 16:44:14'),(370881,'曲阜市',370800,1,'2018-05-14 16:44:14'),(370883,'邹城市',370800,1,'2018-05-14 16:44:14'),(370901,'市辖区',370900,1,'2018-05-14 16:44:14'),(370902,'泰山区',370900,1,'2018-05-14 16:44:14'),(370911,'岱岳区',370900,1,'2018-05-14 16:44:14'),(370921,'宁阳县',370900,1,'2018-05-14 16:44:14'),(370923,'东平县',370900,1,'2018-05-14 16:44:14'),(370982,'新泰市',370900,1,'2018-05-14 16:44:14'),(370983,'肥城市',370900,1,'2018-05-14 16:44:14'),(371001,'市辖区',371000,1,'2018-05-14 16:44:14'),(371002,'环翠区',371000,1,'2018-05-14 16:44:14'),(371003,'文登区',371000,1,'2018-05-14 16:44:14'),(371082,'荣成市',371000,1,'2018-05-14 16:44:14'),(371083,'乳山市',371000,1,'2018-05-14 16:44:14'),(371101,'市辖区',371100,1,'2018-05-14 16:44:15'),(371102,'东港区',371100,1,'2018-05-14 16:44:15'),(371103,'岚山区',371100,1,'2018-05-14 16:44:15'),(371121,'五莲县',371100,1,'2018-05-14 16:44:15'),(371122,'莒县',371100,1,'2018-05-14 16:44:15'),(371201,'市辖区',371200,1,'2018-05-14 16:44:15'),(371202,'莱城区',371200,1,'2018-05-14 16:44:15'),(371203,'钢城区',371200,1,'2018-05-14 16:44:15'),(371301,'市辖区',371300,1,'2018-05-14 16:44:15'),(371302,'兰山区',371300,1,'2018-05-14 16:44:15'),(371311,'罗庄区',371300,1,'2018-05-14 16:44:15'),(371312,'河东区',371300,1,'2018-05-14 16:44:15'),(371321,'沂南县',371300,1,'2018-05-14 16:44:15'),(371322,'郯城县',371300,1,'2018-05-14 16:44:15'),(371323,'沂水县',371300,1,'2018-05-14 16:44:15'),(371324,'兰陵县',371300,1,'2018-05-14 16:44:15'),(371325,'费县',371300,1,'2018-05-14 16:44:15'),(371326,'平邑县',371300,1,'2018-05-14 16:44:15'),(371327,'莒南县',371300,1,'2018-05-14 16:44:15'),(371328,'蒙阴县',371300,1,'2018-05-14 16:44:15'),(371329,'临沭县',371300,1,'2018-05-14 16:44:15'),(371401,'市辖区',371400,1,'2018-05-14 16:44:15'),(371402,'德城区',371400,1,'2018-05-14 16:44:15'),(371403,'陵城区',371400,1,'2018-05-14 16:44:15'),(371422,'宁津县',371400,1,'2018-05-14 16:44:15'),(371423,'庆云县',371400,1,'2018-05-14 16:44:15'),(371424,'临邑县',371400,1,'2018-05-14 16:44:15'),(371425,'齐河县',371400,1,'2018-05-14 16:44:15'),(371426,'平原县',371400,1,'2018-05-14 16:44:15'),(371427,'夏津县',371400,1,'2018-05-14 16:44:15'),(371428,'武城县',371400,1,'2018-05-14 16:44:15'),(371481,'乐陵市',371400,1,'2018-05-14 16:44:15'),(371482,'禹城市',371400,1,'2018-05-14 16:44:15'),(371501,'市辖区',371500,1,'2018-05-14 16:44:15'),(371502,'东昌府区',371500,1,'2018-05-14 16:44:15'),(371521,'阳谷县',371500,1,'2018-05-14 16:44:15'),(371522,'莘县',371500,1,'2018-05-14 16:44:15'),(371523,'茌平县',371500,1,'2018-05-14 16:44:15'),(371524,'东阿县',371500,1,'2018-05-14 16:44:15'),(371525,'冠县',371500,1,'2018-05-14 16:44:15'),(371526,'高唐县',371500,1,'2018-05-14 16:44:15'),(371581,'临清市',371500,1,'2018-05-14 16:44:15'),(371601,'市辖区',371600,1,'2018-05-14 16:44:15'),(371602,'滨城区',371600,1,'2018-05-14 16:44:15'),(371603,'沾化区',371600,1,'2018-05-14 16:44:15'),(371621,'惠民县',371600,1,'2018-05-14 16:44:15'),(371622,'阳信县',371600,1,'2018-05-14 16:44:15'),(371623,'无棣县',371600,1,'2018-05-14 16:44:15'),(371625,'博兴县',371600,1,'2018-05-14 16:44:15'),(371626,'邹平县',371600,1,'2018-05-14 16:44:15'),(371701,'市辖区',371700,1,'2018-05-14 16:44:15'),(371702,'牡丹区',371700,1,'2018-05-14 16:44:15'),(371703,'定陶区',371700,1,'2018-05-14 16:44:15'),(371721,'曹县',371700,1,'2018-05-14 16:44:15'),(371722,'单县',371700,1,'2018-05-14 16:44:15'),(371723,'成武县',371700,1,'2018-05-14 16:44:15'),(371724,'巨野县',371700,1,'2018-05-14 16:44:15'),(371725,'郓城县',371700,1,'2018-05-14 16:44:15'),(371726,'鄄城县',371700,1,'2018-05-14 16:44:15'),(371728,'东明县',371700,1,'2018-05-14 16:44:15'),(410101,'市辖区',410100,1,'2018-05-14 16:44:16'),(410102,'中原区',410100,1,'2018-05-14 16:44:16'),(410103,'二七区',410100,1,'2018-05-14 16:44:16'),(410104,'管城回族区',410100,1,'2018-05-14 16:44:16'),(410105,'金水区',410100,1,'2018-05-14 16:44:16'),(410106,'上街区',410100,1,'2018-05-14 16:44:16'),(410108,'惠济区',410100,1,'2018-05-14 16:44:16'),(410122,'中牟县',410100,1,'2018-05-14 16:44:16'),(410181,'巩义市',410100,1,'2018-05-14 16:44:16'),(410182,'荥阳市',410100,1,'2018-05-14 16:44:16'),(410183,'新密市',410100,1,'2018-05-14 16:44:16'),(410184,'新郑市',410100,1,'2018-05-14 16:44:16'),(410185,'登封市',410100,1,'2018-05-14 16:44:16'),(410201,'市辖区',410200,1,'2018-05-14 16:44:16'),(410202,'龙亭区',410200,1,'2018-05-14 16:44:16'),(410203,'顺河回族区',410200,1,'2018-05-14 16:44:16'),(410204,'鼓楼区',410200,1,'2018-05-14 16:44:16'),(410205,'禹王台区',410200,1,'2018-05-14 16:44:16'),(410211,'金明区',410200,1,'2018-05-14 16:44:16'),(410212,'祥符区',410200,1,'2018-05-14 16:44:16'),(410221,'杞县',410200,1,'2018-05-14 16:44:16'),(410222,'通许县',410200,1,'2018-05-14 16:44:16'),(410223,'尉氏县',410200,1,'2018-05-14 16:44:16'),(410225,'兰考县',410200,1,'2018-05-14 16:44:16'),(410301,'市辖区',410300,1,'2018-05-14 16:44:16'),(410302,'老城区',410300,1,'2018-05-14 16:44:16'),(410303,'西工区',410300,1,'2018-05-14 16:44:16'),(410304,'瀍河回族区',410300,1,'2018-05-14 16:44:16'),(410305,'涧西区',410300,1,'2018-05-14 16:44:16'),(410306,'吉利区',410300,1,'2018-05-14 16:44:16'),(410311,'洛龙区',410300,1,'2018-05-14 16:44:16'),(410322,'孟津县',410300,1,'2018-05-14 16:44:16'),(410323,'新安县',410300,1,'2018-05-14 16:44:16'),(410324,'栾川县',410300,1,'2018-05-14 16:44:16'),(410325,'嵩县',410300,1,'2018-05-14 16:44:16'),(410326,'汝阳县',410300,1,'2018-05-14 16:44:16'),(410327,'宜阳县',410300,1,'2018-05-14 16:44:16'),(410328,'洛宁县',410300,1,'2018-05-14 16:44:16'),(410329,'伊川县',410300,1,'2018-05-14 16:44:16'),(410381,'偃师市',410300,1,'2018-05-14 16:44:16'),(410401,'市辖区',410400,1,'2018-05-14 16:44:16'),(410402,'新华区',410400,1,'2018-05-14 16:44:16'),(410403,'卫东区',410400,1,'2018-05-14 16:44:16'),(410404,'石龙区',410400,1,'2018-05-14 16:44:16'),(410411,'湛河区',410400,1,'2018-05-14 16:44:16'),(410421,'宝丰县',410400,1,'2018-05-14 16:44:16'),(410422,'叶县',410400,1,'2018-05-14 16:44:16'),(410423,'鲁山县',410400,1,'2018-05-14 16:44:16'),(410425,'郏县',410400,1,'2018-05-14 16:44:16'),(410481,'舞钢市',410400,1,'2018-05-14 16:44:16'),(410482,'汝州市',410400,1,'2018-05-14 16:44:17'),(410501,'市辖区',410500,1,'2018-05-14 16:44:17'),(410502,'文峰区',410500,1,'2018-05-14 16:44:17'),(410503,'北关区',410500,1,'2018-05-14 16:44:17'),(410505,'殷都区',410500,1,'2018-05-14 16:44:17'),(410506,'龙安区',410500,1,'2018-05-14 16:44:17'),(410522,'安阳县',410500,1,'2018-05-14 16:44:17'),(410523,'汤阴县',410500,1,'2018-05-14 16:44:17'),(410526,'滑县',410500,1,'2018-05-14 16:44:17'),(410527,'内黄县',410500,1,'2018-05-14 16:44:17'),(410581,'林州市',410500,1,'2018-05-14 16:44:17'),(410601,'市辖区',410600,1,'2018-05-14 16:44:17'),(410602,'鹤山区',410600,1,'2018-05-14 16:44:17'),(410603,'山城区',410600,1,'2018-05-14 16:44:17'),(410611,'淇滨区',410600,1,'2018-05-14 16:44:17'),(410621,'浚县',410600,1,'2018-05-14 16:44:17'),(410622,'淇县',410600,1,'2018-05-14 16:44:17'),(410701,'市辖区',410700,1,'2018-05-14 16:44:17'),(410702,'红旗区',410700,1,'2018-05-14 16:44:17'),(410703,'卫滨区',410700,1,'2018-05-14 16:44:17'),(410704,'凤泉区',410700,1,'2018-05-14 16:44:17'),(410711,'牧野区',410700,1,'2018-05-14 16:44:17'),(410721,'新乡县',410700,1,'2018-05-14 16:44:17'),(410724,'获嘉县',410700,1,'2018-05-14 16:44:17'),(410725,'原阳县',410700,1,'2018-05-14 16:44:17'),(410726,'延津县',410700,1,'2018-05-14 16:44:17'),(410727,'封丘县',410700,1,'2018-05-14 16:44:17'),(410728,'长垣县',410700,1,'2018-05-14 16:44:17'),(410781,'卫辉市',410700,1,'2018-05-14 16:44:17'),(410782,'辉县市',410700,1,'2018-05-14 16:44:17'),(410801,'市辖区',410800,1,'2018-05-14 16:44:17'),(410802,'解放区',410800,1,'2018-05-14 16:44:17'),(410803,'中站区',410800,1,'2018-05-14 16:44:17'),(410804,'马村区',410800,1,'2018-05-14 16:44:17'),(410811,'山阳区',410800,1,'2018-05-14 16:44:17'),(410821,'修武县',410800,1,'2018-05-14 16:44:17'),(410822,'博爱县',410800,1,'2018-05-14 16:44:17'),(410823,'武陟县',410800,1,'2018-05-14 16:44:17'),(410825,'温县',410800,1,'2018-05-14 16:44:17'),(410882,'沁阳市',410800,1,'2018-05-14 16:44:17'),(410883,'孟州市',410800,1,'2018-05-14 16:44:17'),(410901,'市辖区',410900,1,'2018-05-14 16:44:17'),(410902,'华龙区',410900,1,'2018-05-14 16:44:17'),(410922,'清丰县',410900,1,'2018-05-14 16:44:17'),(410923,'南乐县',410900,1,'2018-05-14 16:44:17'),(410926,'范县',410900,1,'2018-05-14 16:44:17'),(410927,'台前县',410900,1,'2018-05-14 16:44:17'),(410928,'濮阳县',410900,1,'2018-05-14 16:44:17'),(411001,'市辖区',411000,1,'2018-05-14 16:44:17'),(411002,'魏都区',411000,1,'2018-05-14 16:44:17'),(411023,'许昌县',411000,1,'2018-05-14 16:44:17'),(411024,'鄢陵县',411000,1,'2018-05-14 16:44:17'),(411025,'襄城县',411000,1,'2018-05-14 16:44:17'),(411081,'禹州市',411000,1,'2018-05-14 16:44:17'),(411082,'长葛市',411000,1,'2018-05-14 16:44:17'),(411101,'市辖区',411100,1,'2018-05-14 16:44:17'),(411102,'源汇区',411100,1,'2018-05-14 16:44:17'),(411103,'郾城区',411100,1,'2018-05-14 16:44:18'),(411104,'召陵区',411100,1,'2018-05-14 16:44:18'),(411121,'舞阳县',411100,1,'2018-05-14 16:44:18'),(411122,'临颍县',411100,1,'2018-05-14 16:44:18'),(411201,'市辖区',411200,1,'2018-05-14 16:44:18'),(411202,'湖滨区',411200,1,'2018-05-14 16:44:18'),(411203,'陕州区',411200,1,'2018-05-14 16:44:18'),(411221,'渑池县',411200,1,'2018-05-14 16:44:18'),(411224,'卢氏县',411200,1,'2018-05-14 16:44:18'),(411281,'义马市',411200,1,'2018-05-14 16:44:18'),(411282,'灵宝市',411200,1,'2018-05-14 16:44:18'),(411301,'市辖区',411300,1,'2018-05-14 16:44:18'),(411302,'宛城区',411300,1,'2018-05-14 16:44:18'),(411303,'卧龙区',411300,1,'2018-05-14 16:44:18'),(411321,'南召县',411300,1,'2018-05-14 16:44:18'),(411322,'方城县',411300,1,'2018-05-14 16:44:18'),(411323,'西峡县',411300,1,'2018-05-14 16:44:18'),(411324,'镇平县',411300,1,'2018-05-14 16:44:18'),(411325,'内乡县',411300,1,'2018-05-14 16:44:18'),(411326,'淅川县',411300,1,'2018-05-14 16:44:18'),(411327,'社旗县',411300,1,'2018-05-14 16:44:18'),(411328,'唐河县',411300,1,'2018-05-14 16:44:18'),(411329,'新野县',411300,1,'2018-05-14 16:44:18'),(411330,'桐柏县',411300,1,'2018-05-14 16:44:18'),(411381,'邓州市',411300,1,'2018-05-14 16:44:18'),(411401,'市辖区',411400,1,'2018-05-14 16:44:18'),(411402,'梁园区',411400,1,'2018-05-14 16:44:18'),(411403,'睢阳区',411400,1,'2018-05-14 16:44:18'),(411421,'民权县',411400,1,'2018-05-14 16:44:18'),(411422,'睢县',411400,1,'2018-05-14 16:44:18'),(411423,'宁陵县',411400,1,'2018-05-14 16:44:18'),(411424,'柘城县',411400,1,'2018-05-14 16:44:18'),(411425,'虞城县',411400,1,'2018-05-14 16:44:18'),(411426,'夏邑县',411400,1,'2018-05-14 16:44:18'),(411481,'永城市',411400,1,'2018-05-14 16:44:18'),(411501,'市辖区',411500,1,'2018-05-14 16:44:18'),(411502,'浉河区',411500,1,'2018-05-14 16:44:18'),(411503,'平桥区',411500,1,'2018-05-14 16:44:18'),(411521,'罗山县',411500,1,'2018-05-14 16:44:18'),(411522,'光山县',411500,1,'2018-05-14 16:44:18'),(411523,'新县',411500,1,'2018-05-14 16:44:18'),(411524,'商城县',411500,1,'2018-05-14 16:44:18'),(411525,'固始县',411500,1,'2018-05-14 16:44:18'),(411526,'潢川县',411500,1,'2018-05-14 16:44:18'),(411527,'淮滨县',411500,1,'2018-05-14 16:44:18'),(411528,'息县',411500,1,'2018-05-14 16:44:18'),(411601,'市辖区',411600,1,'2018-05-14 16:44:18'),(411602,'川汇区',411600,1,'2018-05-14 16:44:18'),(411621,'扶沟县',411600,1,'2018-05-14 16:44:18'),(411622,'西华县',411600,1,'2018-05-14 16:44:18'),(411623,'商水县',411600,1,'2018-05-14 16:44:18'),(411624,'沈丘县',411600,1,'2018-05-14 16:44:18'),(411625,'郸城县',411600,1,'2018-05-14 16:44:18'),(411626,'淮阳县',411600,1,'2018-05-14 16:44:18'),(411627,'太康县',411600,1,'2018-05-14 16:44:18'),(411628,'鹿邑县',411600,1,'2018-05-14 16:44:18'),(411681,'项城市',411600,1,'2018-05-14 16:44:18'),(411701,'市辖区',411700,1,'2018-05-14 16:44:18'),(411702,'驿城区',411700,1,'2018-05-14 16:44:18'),(411721,'西平县',411700,1,'2018-05-14 16:44:19'),(411722,'上蔡县',411700,1,'2018-05-14 16:44:19'),(411723,'平舆县',411700,1,'2018-05-14 16:44:19'),(411724,'正阳县',411700,1,'2018-05-14 16:44:19'),(411725,'确山县',411700,1,'2018-05-14 16:44:19'),(411726,'泌阳县',411700,1,'2018-05-14 16:44:19'),(411727,'汝南县',411700,1,'2018-05-14 16:44:19'),(411728,'遂平县',411700,1,'2018-05-14 16:44:19'),(411729,'新蔡县',411700,1,'2018-05-14 16:44:19'),(419001,'济源市',419000,1,'2018-05-14 16:44:19'),(420101,'市辖区',420100,1,'2018-05-14 16:44:19'),(420102,'江岸区',420100,1,'2018-05-14 16:44:19'),(420103,'江汉区',420100,1,'2018-05-14 16:44:19'),(420104,'硚口区',420100,1,'2018-05-14 16:44:19'),(420105,'汉阳区',420100,1,'2018-05-14 16:44:19'),(420106,'武昌区',420100,1,'2018-05-14 16:44:19'),(420107,'青山区',420100,1,'2018-05-14 16:44:19'),(420111,'洪山区',420100,1,'2018-05-14 16:44:19'),(420112,'东西湖区',420100,1,'2018-05-14 16:44:19'),(420113,'汉南区',420100,1,'2018-05-14 16:44:19'),(420114,'蔡甸区',420100,1,'2018-05-14 16:44:19'),(420115,'江夏区',420100,1,'2018-05-14 16:44:19'),(420116,'黄陂区',420100,1,'2018-05-14 16:44:19'),(420117,'新洲区',420100,1,'2018-05-14 16:44:19'),(420201,'市辖区',420200,1,'2018-05-14 16:44:19'),(420202,'黄石港区',420200,1,'2018-05-14 16:44:19'),(420203,'西塞山区',420200,1,'2018-05-14 16:44:19'),(420204,'下陆区',420200,1,'2018-05-14 16:44:19'),(420205,'铁山区',420200,1,'2018-05-14 16:44:19'),(420222,'阳新县',420200,1,'2018-05-14 16:44:19'),(420281,'大冶市',420200,1,'2018-05-14 16:44:19'),(420301,'市辖区',420300,1,'2018-05-14 16:44:19'),(420302,'茅箭区',420300,1,'2018-05-14 16:44:19'),(420303,'张湾区',420300,1,'2018-05-14 16:44:19'),(420304,'郧阳区',420300,1,'2018-05-14 16:44:19'),(420322,'郧西县',420300,1,'2018-05-14 16:44:19'),(420323,'竹山县',420300,1,'2018-05-14 16:44:19'),(420324,'竹溪县',420300,1,'2018-05-14 16:44:19'),(420325,'房县',420300,1,'2018-05-14 16:44:19'),(420381,'丹江口市',420300,1,'2018-05-14 16:44:19'),(420501,'市辖区',420500,1,'2018-05-14 16:44:19'),(420502,'西陵区',420500,1,'2018-05-14 16:44:19'),(420503,'伍家岗区',420500,1,'2018-05-14 16:44:19'),(420504,'点军区',420500,1,'2018-05-14 16:44:19'),(420505,'猇亭区',420500,1,'2018-05-14 16:44:19'),(420506,'夷陵区',420500,1,'2018-05-14 16:44:19'),(420525,'远安县',420500,1,'2018-05-14 16:44:19'),(420526,'兴山县',420500,1,'2018-05-14 16:44:19'),(420527,'秭归县',420500,1,'2018-05-14 16:44:19'),(420528,'长阳土家族自治县',420500,1,'2018-05-14 16:44:19'),(420529,'五峰土家族自治县',420500,1,'2018-05-14 16:44:19'),(420581,'宜都市',420500,1,'2018-05-14 16:44:19'),(420582,'当阳市',420500,1,'2018-05-14 16:44:19'),(420583,'枝江市',420500,1,'2018-05-14 16:44:19'),(420601,'市辖区',420600,1,'2018-05-14 16:44:19'),(420602,'襄城区',420600,1,'2018-05-14 16:44:19'),(420606,'樊城区',420600,1,'2018-05-14 16:44:19'),(420607,'襄州区',420600,1,'2018-05-14 16:44:19'),(420624,'南漳县',420600,1,'2018-05-14 16:44:19'),(420625,'谷城县',420600,1,'2018-05-14 16:44:19'),(420626,'保康县',420600,1,'2018-05-14 16:44:19'),(420682,'老河口市',420600,1,'2018-05-14 16:44:20'),(420683,'枣阳市',420600,1,'2018-05-14 16:44:20'),(420684,'宜城市',420600,1,'2018-05-14 16:44:20'),(420701,'市辖区',420700,1,'2018-05-14 16:44:20'),(420702,'梁子湖区',420700,1,'2018-05-14 16:44:20'),(420703,'华容区',420700,1,'2018-05-14 16:44:20'),(420704,'鄂城区',420700,1,'2018-05-14 16:44:20'),(420801,'市辖区',420800,1,'2018-05-14 16:44:20'),(420802,'东宝区',420800,1,'2018-05-14 16:44:20'),(420804,'掇刀区',420800,1,'2018-05-14 16:44:20'),(420821,'京山县',420800,1,'2018-05-14 16:44:20'),(420822,'沙洋县',420800,1,'2018-05-14 16:44:20'),(420881,'钟祥市',420800,1,'2018-05-14 16:44:20'),(420901,'市辖区',420900,1,'2018-05-14 16:44:20'),(420902,'孝南区',420900,1,'2018-05-14 16:44:20'),(420921,'孝昌县',420900,1,'2018-05-14 16:44:20'),(420922,'大悟县',420900,1,'2018-05-14 16:44:20'),(420923,'云梦县',420900,1,'2018-05-14 16:44:20'),(420981,'应城市',420900,1,'2018-05-14 16:44:20'),(420982,'安陆市',420900,1,'2018-05-14 16:44:20'),(420984,'汉川市',420900,1,'2018-05-14 16:44:20'),(421001,'市辖区',421000,1,'2018-05-14 16:44:20'),(421002,'沙市区',421000,1,'2018-05-14 16:44:20'),(421003,'荆州区',421000,1,'2018-05-14 16:44:20'),(421022,'公安县',421000,1,'2018-05-14 16:44:20'),(421023,'监利县',421000,1,'2018-05-14 16:44:20'),(421024,'江陵县',421000,1,'2018-05-14 16:44:20'),(421081,'石首市',421000,1,'2018-05-14 16:44:20'),(421083,'洪湖市',421000,1,'2018-05-14 16:44:20'),(421087,'松滋市',421000,1,'2018-05-14 16:44:20'),(421101,'市辖区',421100,1,'2018-05-14 16:44:20'),(421102,'黄州区',421100,1,'2018-05-14 16:44:20'),(421121,'团风县',421100,1,'2018-05-14 16:44:20'),(421122,'红安县',421100,1,'2018-05-14 16:44:20'),(421123,'罗田县',421100,1,'2018-05-14 16:44:20'),(421124,'英山县',421100,1,'2018-05-14 16:44:20'),(421125,'浠水县',421100,1,'2018-05-14 16:44:20'),(421126,'蕲春县',421100,1,'2018-05-14 16:44:20'),(421127,'黄梅县',421100,1,'2018-05-14 16:44:20'),(421181,'麻城市',421100,1,'2018-05-14 16:44:20'),(421182,'武穴市',421100,1,'2018-05-14 16:44:20'),(421201,'市辖区',421200,1,'2018-05-14 16:44:20'),(421202,'咸安区',421200,1,'2018-05-14 16:44:20'),(421221,'嘉鱼县',421200,1,'2018-05-14 16:44:20'),(421222,'通城县',421200,1,'2018-05-14 16:44:20'),(421223,'崇阳县',421200,1,'2018-05-14 16:44:20'),(421224,'通山县',421200,1,'2018-05-14 16:44:20'),(421281,'赤壁市',421200,1,'2018-05-14 16:44:20'),(421301,'市辖区',421300,1,'2018-05-14 16:44:20'),(421303,'曾都区',421300,1,'2018-05-14 16:44:20'),(421321,'随县',421300,1,'2018-05-14 16:44:20'),(421381,'广水市',421300,1,'2018-05-14 16:44:20'),(422801,'恩施市',422800,1,'2018-05-14 16:44:20'),(422802,'利川市',422800,1,'2018-05-14 16:44:20'),(422822,'建始县',422800,1,'2018-05-14 16:44:20'),(422823,'巴东县',422800,1,'2018-05-14 16:44:20'),(422825,'宣恩县',422800,1,'2018-05-14 16:44:20'),(422826,'咸丰县',422800,1,'2018-05-14 16:44:20'),(422827,'来凤县',422800,1,'2018-05-14 16:44:20'),(422828,'鹤峰县',422800,1,'2018-05-14 16:44:21'),(429004,'仙桃市',429000,1,'2018-05-14 16:44:21'),(429005,'潜江市',429000,1,'2018-05-14 16:44:21'),(429006,'天门市',429000,1,'2018-05-14 16:44:21'),(429021,'神农架林区',429000,1,'2018-05-14 16:44:21'),(430101,'市辖区',430100,1,'2018-05-14 16:44:21'),(430102,'芙蓉区',430100,1,'2018-05-14 16:44:21'),(430103,'天心区',430100,1,'2018-05-14 16:44:21'),(430104,'岳麓区',430100,1,'2018-05-14 16:44:21'),(430105,'开福区',430100,1,'2018-05-14 16:44:21'),(430111,'雨花区',430100,1,'2018-05-14 16:44:21'),(430112,'望城区',430100,1,'2018-05-14 16:44:21'),(430121,'长沙县',430100,1,'2018-05-14 16:44:21'),(430124,'宁乡县',430100,1,'2018-05-14 16:44:21'),(430181,'浏阳市',430100,1,'2018-05-14 16:44:21'),(430201,'市辖区',430200,1,'2018-05-14 16:44:21'),(430202,'荷塘区',430200,1,'2018-05-14 16:44:21'),(430203,'芦淞区',430200,1,'2018-05-14 16:44:21'),(430204,'石峰区',430200,1,'2018-05-14 16:44:21'),(430211,'天元区',430200,1,'2018-05-14 16:44:21'),(430221,'株洲县',430200,1,'2018-05-14 16:44:21'),(430223,'攸县',430200,1,'2018-05-14 16:44:21'),(430224,'茶陵县',430200,1,'2018-05-14 16:44:21'),(430225,'炎陵县',430200,1,'2018-05-14 16:44:21'),(430281,'醴陵市',430200,1,'2018-05-14 16:44:21'),(430301,'市辖区',430300,1,'2018-05-14 16:44:21'),(430302,'雨湖区',430300,1,'2018-05-14 16:44:21'),(430304,'岳塘区',430300,1,'2018-05-14 16:44:21'),(430321,'湘潭县',430300,1,'2018-05-14 16:44:21'),(430381,'湘乡市',430300,1,'2018-05-14 16:44:21'),(430382,'韶山市',430300,1,'2018-05-14 16:44:21'),(430401,'市辖区',430400,1,'2018-05-14 16:44:21'),(430405,'珠晖区',430400,1,'2018-05-14 16:44:21'),(430406,'雁峰区',430400,1,'2018-05-14 16:44:21'),(430407,'石鼓区',430400,1,'2018-05-14 16:44:21'),(430408,'蒸湘区',430400,1,'2018-05-14 16:44:21'),(430412,'南岳区',430400,1,'2018-05-14 16:44:21'),(430421,'衡阳县',430400,1,'2018-05-14 16:44:21'),(430422,'衡南县',430400,1,'2018-05-14 16:44:21'),(430423,'衡山县',430400,1,'2018-05-14 16:44:21'),(430424,'衡东县',430400,1,'2018-05-14 16:44:21'),(430426,'祁东县',430400,1,'2018-05-14 16:44:21'),(430481,'耒阳市',430400,1,'2018-05-14 16:44:21'),(430482,'常宁市',430400,1,'2018-05-14 16:44:21'),(430501,'市辖区',430500,1,'2018-05-14 16:44:21'),(430502,'双清区',430500,1,'2018-05-14 16:44:21'),(430503,'大祥区',430500,1,'2018-05-14 16:44:21'),(430511,'北塔区',430500,1,'2018-05-14 16:44:21'),(430521,'邵东县',430500,1,'2018-05-14 16:44:21'),(430522,'新邵县',430500,1,'2018-05-14 16:44:21'),(430523,'邵阳县',430500,1,'2018-05-14 16:44:21'),(430524,'隆回县',430500,1,'2018-05-14 16:44:21'),(430525,'洞口县',430500,1,'2018-05-14 16:44:21'),(430527,'绥宁县',430500,1,'2018-05-14 16:44:21'),(430528,'新宁县',430500,1,'2018-05-14 16:44:22'),(430529,'城步苗族自治县',430500,1,'2018-05-14 16:44:22'),(430581,'武冈市',430500,1,'2018-05-14 16:44:22'),(430601,'市辖区',430600,1,'2018-05-14 16:44:22'),(430602,'岳阳楼区',430600,1,'2018-05-14 16:44:22'),(430603,'云溪区',430600,1,'2018-05-14 16:44:22'),(430611,'君山区',430600,1,'2018-05-14 16:44:22'),(430621,'岳阳县',430600,1,'2018-05-14 16:44:22'),(430623,'华容县',430600,1,'2018-05-14 16:44:22'),(430624,'湘阴县',430600,1,'2018-05-14 16:44:22'),(430626,'平江县',430600,1,'2018-05-14 16:44:22'),(430681,'汨罗市',430600,1,'2018-05-14 16:44:22'),(430682,'临湘市',430600,1,'2018-05-14 16:44:22'),(430701,'市辖区',430700,1,'2018-05-14 16:44:22'),(430702,'武陵区',430700,1,'2018-05-14 16:44:22'),(430703,'鼎城区',430700,1,'2018-05-14 16:44:22'),(430721,'安乡县',430700,1,'2018-05-14 16:44:22'),(430722,'汉寿县',430700,1,'2018-05-14 16:44:22'),(430723,'澧县',430700,1,'2018-05-14 16:44:22'),(430724,'临澧县',430700,1,'2018-05-14 16:44:22'),(430725,'桃源县',430700,1,'2018-05-14 16:44:22'),(430726,'石门县',430700,1,'2018-05-14 16:44:22'),(430781,'津市市',430700,1,'2018-05-14 16:44:22'),(430801,'市辖区',430800,1,'2018-05-14 16:44:22'),(430802,'永定区',430800,1,'2018-05-14 16:44:22'),(430811,'武陵源区',430800,1,'2018-05-14 16:44:22'),(430821,'慈利县',430800,1,'2018-05-14 16:44:22'),(430822,'桑植县',430800,1,'2018-05-14 16:44:22'),(430901,'市辖区',430900,1,'2018-05-14 16:44:22'),(430902,'资阳区',430900,1,'2018-05-14 16:44:22'),(430903,'赫山区',430900,1,'2018-05-14 16:44:22'),(430921,'南县',430900,1,'2018-05-14 16:44:22'),(430922,'桃江县',430900,1,'2018-05-14 16:44:22'),(430923,'安化县',430900,1,'2018-05-14 16:44:22'),(430981,'沅江市',430900,1,'2018-05-14 16:44:22'),(431001,'市辖区',431000,1,'2018-05-14 16:44:22'),(431002,'北湖区',431000,1,'2018-05-14 16:44:22'),(431003,'苏仙区',431000,1,'2018-05-14 16:44:22'),(431021,'桂阳县',431000,1,'2018-05-14 16:44:22'),(431022,'宜章县',431000,1,'2018-05-14 16:44:22'),(431023,'永兴县',431000,1,'2018-05-14 16:44:22'),(431024,'嘉禾县',431000,1,'2018-05-14 16:44:22'),(431025,'临武县',431000,1,'2018-05-14 16:44:22'),(431026,'汝城县',431000,1,'2018-05-14 16:44:22'),(431027,'桂东县',431000,1,'2018-05-14 16:44:22'),(431028,'安仁县',431000,1,'2018-05-14 16:44:22'),(431081,'资兴市',431000,1,'2018-05-14 16:44:22'),(431101,'市辖区',431100,1,'2018-05-14 16:44:22'),(431102,'零陵区',431100,1,'2018-05-14 16:44:22'),(431103,'冷水滩区',431100,1,'2018-05-14 16:44:22'),(431121,'祁阳县',431100,1,'2018-05-14 16:44:22'),(431122,'东安县',431100,1,'2018-05-14 16:44:22'),(431123,'双牌县',431100,1,'2018-05-14 16:44:22'),(431124,'道县',431100,1,'2018-05-14 16:44:22'),(431125,'江永县',431100,1,'2018-05-14 16:44:22'),(431126,'宁远县',431100,1,'2018-05-14 16:44:22'),(431127,'蓝山县',431100,1,'2018-05-14 16:44:22'),(431128,'新田县',431100,1,'2018-05-14 16:44:23'),(431129,'江华瑶族自治县',431100,1,'2018-05-14 16:44:23'),(431201,'市辖区',431200,1,'2018-05-14 16:44:23'),(431202,'鹤城区',431200,1,'2018-05-14 16:44:23'),(431221,'中方县',431200,1,'2018-05-14 16:44:23'),(431222,'沅陵县',431200,1,'2018-05-14 16:44:23'),(431223,'辰溪县',431200,1,'2018-05-14 16:44:23'),(431224,'溆浦县',431200,1,'2018-05-14 16:44:23'),(431225,'会同县',431200,1,'2018-05-14 16:44:23'),(431226,'麻阳苗族自治县',431200,1,'2018-05-14 16:44:23'),(431227,'新晃侗族自治县',431200,1,'2018-05-14 16:44:23'),(431228,'芷江侗族自治县',431200,1,'2018-05-14 16:44:23'),(431229,'靖州苗族侗族自治县',431200,1,'2018-05-14 16:44:23'),(431230,'通道侗族自治县',431200,1,'2018-05-14 16:44:23'),(431281,'洪江市',431200,1,'2018-05-14 16:44:23'),(431301,'市辖区',431300,1,'2018-05-14 16:44:23'),(431302,'娄星区',431300,1,'2018-05-14 16:44:23'),(431321,'双峰县',431300,1,'2018-05-14 16:44:23'),(431322,'新化县',431300,1,'2018-05-14 16:44:23'),(431381,'冷水江市',431300,1,'2018-05-14 16:44:23'),(431382,'涟源市',431300,1,'2018-05-14 16:44:23'),(433101,'吉首市',433100,1,'2018-05-14 16:44:23'),(433122,'泸溪县',433100,1,'2018-05-14 16:44:23'),(433123,'凤凰县',433100,1,'2018-05-14 16:44:23'),(433124,'花垣县',433100,1,'2018-05-14 16:44:23'),(433125,'保靖县',433100,1,'2018-05-14 16:44:23'),(433126,'古丈县',433100,1,'2018-05-14 16:44:23'),(433127,'永顺县',433100,1,'2018-05-14 16:44:23'),(433130,'龙山县',433100,1,'2018-05-14 16:44:23'),(440101,'市辖区',440100,1,'2018-05-14 16:44:23'),(440103,'荔湾区',440100,1,'2018-05-14 16:44:23'),(440104,'越秀区',440100,1,'2018-05-14 16:44:23'),(440105,'海珠区',440100,1,'2018-05-14 16:44:23'),(440106,'天河区',440100,1,'2018-05-14 16:44:23'),(440111,'白云区',440100,1,'2018-05-14 16:44:23'),(440112,'黄埔区',440100,1,'2018-05-14 16:44:23'),(440113,'番禺区',440100,1,'2018-05-14 16:44:23'),(440114,'花都区',440100,1,'2018-05-14 16:44:23'),(440115,'南沙区',440100,1,'2018-05-14 16:44:23'),(440117,'从化区',440100,1,'2018-05-14 16:44:23'),(440118,'增城区',440100,1,'2018-05-14 16:44:23'),(440201,'市辖区',440200,1,'2018-05-14 16:44:23'),(440203,'武江区',440200,1,'2018-05-14 16:44:23'),(440204,'浈江区',440200,1,'2018-05-14 16:44:23'),(440205,'曲江区',440200,1,'2018-05-14 16:44:23'),(440222,'始兴县',440200,1,'2018-05-14 16:44:23'),(440224,'仁化县',440200,1,'2018-05-14 16:44:23'),(440229,'翁源县',440200,1,'2018-05-14 16:44:23'),(440232,'乳源瑶族自治县',440200,1,'2018-05-14 16:44:23'),(440233,'新丰县',440200,1,'2018-05-14 16:44:23'),(440281,'乐昌市',440200,1,'2018-05-14 16:44:23'),(440282,'南雄市',440200,1,'2018-05-14 16:44:23'),(440301,'市辖区',440300,1,'2018-05-14 16:44:23'),(440303,'罗湖区',440300,1,'2018-05-14 16:44:23'),(440304,'福田区',440300,1,'2018-05-14 16:44:23'),(440305,'南山区',440300,1,'2018-05-14 16:44:23'),(440306,'宝安区',440300,1,'2018-05-14 16:44:23'),(440307,'龙岗区',440300,1,'2018-05-14 16:44:23'),(440308,'盐田区',440300,1,'2018-05-14 16:44:24'),(440401,'市辖区',440400,1,'2018-05-14 16:44:24'),(440402,'香洲区',440400,1,'2018-05-14 16:44:24'),(440403,'斗门区',440400,1,'2018-05-14 16:44:24'),(440404,'金湾区',440400,1,'2018-05-14 16:44:24'),(440501,'市辖区',440500,1,'2018-05-14 16:44:24'),(440507,'龙湖区',440500,1,'2018-05-14 16:44:24'),(440511,'金平区',440500,1,'2018-05-14 16:44:24'),(440512,'濠江区',440500,1,'2018-05-14 16:44:24'),(440513,'潮阳区',440500,1,'2018-05-14 16:44:24'),(440514,'潮南区',440500,1,'2018-05-14 16:44:24'),(440515,'澄海区',440500,1,'2018-05-14 16:44:24'),(440523,'南澳县',440500,1,'2018-05-14 16:44:24'),(440601,'市辖区',440600,1,'2018-05-14 16:44:24'),(440604,'禅城区',440600,1,'2018-05-14 16:44:24'),(440605,'南海区',440600,1,'2018-05-14 16:44:24'),(440606,'顺德区',440600,1,'2018-05-14 16:44:24'),(440607,'三水区',440600,1,'2018-05-14 16:44:24'),(440608,'高明区',440600,1,'2018-05-14 16:44:24'),(440701,'市辖区',440700,1,'2018-05-14 16:44:24'),(440703,'蓬江区',440700,1,'2018-05-14 16:44:24'),(440704,'江海区',440700,1,'2018-05-14 16:44:24'),(440705,'新会区',440700,1,'2018-05-14 16:44:24'),(440781,'台山市',440700,1,'2018-05-14 16:44:24'),(440783,'开平市',440700,1,'2018-05-14 16:44:24'),(440784,'鹤山市',440700,1,'2018-05-14 16:44:24'),(440785,'恩平市',440700,1,'2018-05-14 16:44:24'),(440801,'市辖区',440800,1,'2018-05-14 16:44:24'),(440802,'赤坎区',440800,1,'2018-05-14 16:44:24'),(440803,'霞山区',440800,1,'2018-05-14 16:44:24'),(440804,'坡头区',440800,1,'2018-05-14 16:44:24'),(440811,'麻章区',440800,1,'2018-05-14 16:44:24'),(440823,'遂溪县',440800,1,'2018-05-14 16:44:24'),(440825,'徐闻县',440800,1,'2018-05-14 16:44:24'),(440881,'廉江市',440800,1,'2018-05-14 16:44:24'),(440882,'雷州市',440800,1,'2018-05-14 16:44:24'),(440883,'吴川市',440800,1,'2018-05-14 16:44:24'),(440901,'市辖区',440900,1,'2018-05-14 16:44:24'),(440902,'茂南区',440900,1,'2018-05-14 16:44:24'),(440904,'电白区',440900,1,'2018-05-14 16:44:24'),(440981,'高州市',440900,1,'2018-05-14 16:44:24'),(440982,'化州市',440900,1,'2018-05-14 16:44:24'),(440983,'信宜市',440900,1,'2018-05-14 16:44:24'),(441201,'市辖区',441200,1,'2018-05-14 16:44:24'),(441202,'端州区',441200,1,'2018-05-14 16:44:24'),(441203,'鼎湖区',441200,1,'2018-05-14 16:44:24'),(441204,'高要区',441200,1,'2018-05-14 16:44:24'),(441223,'广宁县',441200,1,'2018-05-14 16:44:24'),(441224,'怀集县',441200,1,'2018-05-14 16:44:24'),(441225,'封开县',441200,1,'2018-05-14 16:44:24'),(441226,'德庆县',441200,1,'2018-05-14 16:44:24'),(441284,'四会市',441200,1,'2018-05-14 16:44:24'),(441301,'市辖区',441300,1,'2018-05-14 16:44:24'),(441302,'惠城区',441300,1,'2018-05-14 16:44:25'),(441303,'惠阳区',441300,1,'2018-05-14 16:44:25'),(441322,'博罗县',441300,1,'2018-05-14 16:44:25'),(441323,'惠东县',441300,1,'2018-05-14 16:44:25'),(441324,'龙门县',441300,1,'2018-05-14 16:44:25'),(441401,'市辖区',441400,1,'2018-05-14 16:44:25'),(441402,'梅江区',441400,1,'2018-05-14 16:44:25'),(441403,'梅县区',441400,1,'2018-05-14 16:44:25'),(441422,'大埔县',441400,1,'2018-05-14 16:44:25'),(441423,'丰顺县',441400,1,'2018-05-14 16:44:25'),(441424,'五华县',441400,1,'2018-05-14 16:44:25'),(441426,'平远县',441400,1,'2018-05-14 16:44:25'),(441427,'蕉岭县',441400,1,'2018-05-14 16:44:25'),(441481,'兴宁市',441400,1,'2018-05-14 16:44:25'),(441501,'市辖区',441500,1,'2018-05-14 16:44:25'),(441502,'城区',441500,1,'2018-05-14 16:44:25'),(441521,'海丰县',441500,1,'2018-05-14 16:44:25'),(441523,'陆河县',441500,1,'2018-05-14 16:44:25'),(441581,'陆丰市',441500,1,'2018-05-14 16:44:25'),(441601,'市辖区',441600,1,'2018-05-14 16:44:25'),(441602,'源城区',441600,1,'2018-05-14 16:44:25'),(441621,'紫金县',441600,1,'2018-05-14 16:44:25'),(441622,'龙川县',441600,1,'2018-05-14 16:44:25'),(441623,'连平县',441600,1,'2018-05-14 16:44:25'),(441624,'和平县',441600,1,'2018-05-14 16:44:25'),(441625,'东源县',441600,1,'2018-05-14 16:44:25'),(441701,'市辖区',441700,1,'2018-05-14 16:44:25'),(441702,'江城区',441700,1,'2018-05-14 16:44:25'),(441704,'阳东区',441700,1,'2018-05-14 16:44:25'),(441721,'阳西县',441700,1,'2018-05-14 16:44:25'),(441781,'阳春市',441700,1,'2018-05-14 16:44:25'),(441801,'市辖区',441800,1,'2018-05-14 16:44:25'),(441802,'清城区',441800,1,'2018-05-14 16:44:25'),(441803,'清新区',441800,1,'2018-05-14 16:44:25'),(441821,'佛冈县',441800,1,'2018-05-14 16:44:25'),(441823,'阳山县',441800,1,'2018-05-14 16:44:25'),(441825,'连山壮族瑶族自治县',441800,1,'2018-05-14 16:44:25'),(441826,'连南瑶族自治县',441800,1,'2018-05-14 16:44:25'),(441881,'英德市',441800,1,'2018-05-14 16:44:25'),(441882,'连州市',441800,1,'2018-05-14 16:44:25'),(445101,'市辖区',445100,1,'2018-05-14 16:44:25'),(445102,'湘桥区',445100,1,'2018-05-14 16:44:25'),(445103,'潮安区',445100,1,'2018-05-14 16:44:25'),(445122,'饶平县',445100,1,'2018-05-14 16:44:25'),(445201,'市辖区',445200,1,'2018-05-14 16:44:25'),(445202,'榕城区',445200,1,'2018-05-14 16:44:25'),(445203,'揭东区',445200,1,'2018-05-14 16:44:25'),(445222,'揭西县',445200,1,'2018-05-14 16:44:25'),(445224,'惠来县',445200,1,'2018-05-14 16:44:25'),(445281,'普宁市',445200,1,'2018-05-14 16:44:25'),(445301,'市辖区',445300,1,'2018-05-14 16:44:25'),(445302,'云城区',445300,1,'2018-05-14 16:44:25'),(445303,'云安区',445300,1,'2018-05-14 16:44:25'),(445321,'新兴县',445300,1,'2018-05-14 16:44:25'),(445322,'郁南县',445300,1,'2018-05-14 16:44:25'),(445381,'罗定市',445300,1,'2018-05-14 16:44:26'),(450101,'市辖区',450100,1,'2018-05-14 16:44:26'),(450102,'兴宁区',450100,1,'2018-05-14 16:44:26'),(450103,'青秀区',450100,1,'2018-05-14 16:44:26'),(450105,'江南区',450100,1,'2018-05-14 16:44:26'),(450107,'西乡塘区',450100,1,'2018-05-14 16:44:26'),(450108,'良庆区',450100,1,'2018-05-14 16:44:26'),(450109,'邕宁区',450100,1,'2018-05-14 16:44:26'),(450110,'武鸣区',450100,1,'2018-05-14 16:44:26'),(450123,'隆安县',450100,1,'2018-05-14 16:44:26'),(450124,'马山县',450100,1,'2018-05-14 16:44:26'),(450125,'上林县',450100,1,'2018-05-14 16:44:26'),(450126,'宾阳县',450100,1,'2018-05-14 16:44:26'),(450127,'横县',450100,1,'2018-05-14 16:44:26'),(450201,'市辖区',450200,1,'2018-05-14 16:44:26'),(450202,'城中区',450200,1,'2018-05-14 16:44:26'),(450203,'鱼峰区',450200,1,'2018-05-14 16:44:26'),(450204,'柳南区',450200,1,'2018-05-14 16:44:26'),(450205,'柳北区',450200,1,'2018-05-14 16:44:26'),(450206,'柳江区',450200,1,'2018-05-14 16:44:26'),(450222,'柳城县',450200,1,'2018-05-14 16:44:26'),(450223,'鹿寨县',450200,1,'2018-05-14 16:44:26'),(450224,'融安县',450200,1,'2018-05-14 16:44:26'),(450225,'融水苗族自治县',450200,1,'2018-05-14 16:44:26'),(450226,'三江侗族自治县',450200,1,'2018-05-14 16:44:26'),(450301,'市辖区',450300,1,'2018-05-14 16:44:26'),(450302,'秀峰区',450300,1,'2018-05-14 16:44:26'),(450303,'叠彩区',450300,1,'2018-05-14 16:44:26'),(450304,'象山区',450300,1,'2018-05-14 16:44:26'),(450305,'七星区',450300,1,'2018-05-14 16:44:26'),(450311,'雁山区',450300,1,'2018-05-14 16:44:26'),(450312,'临桂区',450300,1,'2018-05-14 16:44:26'),(450321,'阳朔县',450300,1,'2018-05-14 16:44:26'),(450323,'灵川县',450300,1,'2018-05-14 16:44:26'),(450324,'全州县',450300,1,'2018-05-14 16:44:26'),(450325,'兴安县',450300,1,'2018-05-14 16:44:26'),(450326,'永福县',450300,1,'2018-05-14 16:44:26'),(450327,'灌阳县',450300,1,'2018-05-14 16:44:26'),(450328,'龙胜各族自治县',450300,1,'2018-05-14 16:44:26'),(450329,'资源县',450300,1,'2018-05-14 16:44:26'),(450330,'平乐县',450300,1,'2018-05-14 16:44:26'),(450331,'荔浦县',450300,1,'2018-05-14 16:44:26'),(450332,'恭城瑶族自治县',450300,1,'2018-05-14 16:44:26'),(450401,'市辖区',450400,1,'2018-05-14 16:44:26'),(450403,'万秀区',450400,1,'2018-05-14 16:44:26'),(450405,'长洲区',450400,1,'2018-05-14 16:44:26'),(450406,'龙圩区',450400,1,'2018-05-14 16:44:26'),(450421,'苍梧县',450400,1,'2018-05-14 16:44:26'),(450422,'藤县',450400,1,'2018-05-14 16:44:26'),(450423,'蒙山县',450400,1,'2018-05-14 16:44:26'),(450481,'岑溪市',450400,1,'2018-05-14 16:44:26'),(450501,'市辖区',450500,1,'2018-05-14 16:44:26'),(450502,'海城区',450500,1,'2018-05-14 16:44:26'),(450503,'银海区',450500,1,'2018-05-14 16:44:26'),(450512,'铁山港区',450500,1,'2018-05-14 16:44:26'),(450521,'合浦县',450500,1,'2018-05-14 16:44:26'),(450601,'市辖区',450600,1,'2018-05-14 16:44:26'),(450602,'港口区',450600,1,'2018-05-14 16:44:26'),(450603,'防城区',450600,1,'2018-05-14 16:44:26'),(450621,'上思县',450600,1,'2018-05-14 16:44:26'),(450681,'东兴市',450600,1,'2018-05-14 16:44:26'),(450701,'市辖区',450700,1,'2018-05-14 16:44:27'),(450702,'钦南区',450700,1,'2018-05-14 16:44:27'),(450703,'钦北区',450700,1,'2018-05-14 16:44:27'),(450721,'灵山县',450700,1,'2018-05-14 16:44:27'),(450722,'浦北县',450700,1,'2018-05-14 16:44:27'),(450801,'市辖区',450800,1,'2018-05-14 16:44:27'),(450802,'港北区',450800,1,'2018-05-14 16:44:27'),(450803,'港南区',450800,1,'2018-05-14 16:44:27'),(450804,'覃塘区',450800,1,'2018-05-14 16:44:27'),(450821,'平南县',450800,1,'2018-05-14 16:44:27'),(450881,'桂平市',450800,1,'2018-05-14 16:44:27'),(450901,'市辖区',450900,1,'2018-05-14 16:44:27'),(450902,'玉州区',450900,1,'2018-05-14 16:44:27'),(450903,'福绵区',450900,1,'2018-05-14 16:44:27'),(450921,'容县',450900,1,'2018-05-14 16:44:27'),(450922,'陆川县',450900,1,'2018-05-14 16:44:27'),(450923,'博白县',450900,1,'2018-05-14 16:44:27'),(450924,'兴业县',450900,1,'2018-05-14 16:44:27'),(450981,'北流市',450900,1,'2018-05-14 16:44:27'),(451001,'市辖区',451000,1,'2018-05-14 16:44:27'),(451002,'右江区',451000,1,'2018-05-14 16:44:27'),(451021,'田阳县',451000,1,'2018-05-14 16:44:27'),(451022,'田东县',451000,1,'2018-05-14 16:44:27'),(451023,'平果县',451000,1,'2018-05-14 16:44:27'),(451024,'德保县',451000,1,'2018-05-14 16:44:27'),(451026,'那坡县',451000,1,'2018-05-14 16:44:27'),(451027,'凌云县',451000,1,'2018-05-14 16:44:27'),(451028,'乐业县',451000,1,'2018-05-14 16:44:27'),(451029,'田林县',451000,1,'2018-05-14 16:44:27'),(451030,'西林县',451000,1,'2018-05-14 16:44:27'),(451031,'隆林各族自治县',451000,1,'2018-05-14 16:44:27'),(451081,'靖西市',451000,1,'2018-05-14 16:44:27'),(451101,'市辖区',451100,1,'2018-05-14 16:44:27'),(451102,'八步区',451100,1,'2018-05-14 16:44:27'),(451103,'平桂区',451100,1,'2018-05-14 16:44:27'),(451121,'昭平县',451100,1,'2018-05-14 16:44:27'),(451122,'钟山县',451100,1,'2018-05-14 16:44:27'),(451123,'富川瑶族自治县',451100,1,'2018-05-14 16:44:27'),(451201,'市辖区',451200,1,'2018-05-14 16:44:27'),(451202,'金城江区',451200,1,'2018-05-14 16:44:27'),(451221,'南丹县',451200,1,'2018-05-14 16:44:27'),(451222,'天峨县',451200,1,'2018-05-14 16:44:27'),(451223,'凤山县',451200,1,'2018-05-14 16:44:27'),(451224,'东兰县',451200,1,'2018-05-14 16:44:27'),(451225,'罗城仫佬族自治县',451200,1,'2018-05-14 16:44:27'),(451226,'环江毛南族自治县',451200,1,'2018-05-14 16:44:27'),(451227,'巴马瑶族自治县',451200,1,'2018-05-14 16:44:27'),(451228,'都安瑶族自治县',451200,1,'2018-05-14 16:44:27'),(451229,'大化瑶族自治县',451200,1,'2018-05-14 16:44:27'),(451281,'宜州市',451200,1,'2018-05-14 16:44:27'),(451301,'市辖区',451300,1,'2018-05-14 16:44:27'),(451302,'兴宾区',451300,1,'2018-05-14 16:44:27'),(451321,'忻城县',451300,1,'2018-05-14 16:44:27'),(451322,'象州县',451300,1,'2018-05-14 16:44:27'),(451323,'武宣县',451300,1,'2018-05-14 16:44:27'),(451324,'金秀瑶族自治县',451300,1,'2018-05-14 16:44:27'),(451381,'合山市',451300,1,'2018-05-14 16:44:27'),(451401,'市辖区',451400,1,'2018-05-14 16:44:27'),(451402,'江州区',451400,1,'2018-05-14 16:44:27'),(451421,'扶绥县',451400,1,'2018-05-14 16:44:27'),(451422,'宁明县',451400,1,'2018-05-14 16:44:27'),(451423,'龙州县',451400,1,'2018-05-14 16:44:27'),(451424,'大新县',451400,1,'2018-05-14 16:44:27'),(451425,'天等县',451400,1,'2018-05-14 16:44:28'),(451481,'凭祥市',451400,1,'2018-05-14 16:44:28'),(460101,'市辖区',460100,1,'2018-05-14 16:44:28'),(460105,'秀英区',460100,1,'2018-05-14 16:44:28'),(460106,'龙华区',460100,1,'2018-05-14 16:44:28'),(460107,'琼山区',460100,1,'2018-05-14 16:44:28'),(460108,'美兰区',460100,1,'2018-05-14 16:44:28'),(460201,'市辖区',460200,1,'2018-05-14 16:44:28'),(460202,'海棠区',460200,1,'2018-05-14 16:44:28'),(460203,'吉阳区',460200,1,'2018-05-14 16:44:28'),(460204,'天涯区',460200,1,'2018-05-14 16:44:28'),(460205,'崖州区',460200,1,'2018-05-14 16:44:28'),(469001,'五指山市',469000,1,'2018-05-14 16:44:28'),(469002,'琼海市',469000,1,'2018-05-14 16:44:28'),(469005,'文昌市',469000,1,'2018-05-14 16:44:28'),(469006,'万宁市',469000,1,'2018-05-14 16:44:28'),(469007,'东方市',469000,1,'2018-05-14 16:44:28'),(469021,'定安县',469000,1,'2018-05-14 16:44:28'),(469022,'屯昌县',469000,1,'2018-05-14 16:44:28'),(469023,'澄迈县',469000,1,'2018-05-14 16:44:28'),(469024,'临高县',469000,1,'2018-05-14 16:44:28'),(469025,'白沙黎族自治县',469000,1,'2018-05-14 16:44:28'),(469026,'昌江黎族自治县',469000,1,'2018-05-14 16:44:28'),(469027,'乐东黎族自治县',469000,1,'2018-05-14 16:44:28'),(469028,'陵水黎族自治县',469000,1,'2018-05-14 16:44:28'),(469029,'保亭黎族苗族自治县',469000,1,'2018-05-14 16:44:28'),(469030,'琼中黎族苗族自治县',469000,1,'2018-05-14 16:44:28'),(500101,'万州区',500100,1,'2018-05-14 16:44:28'),(500102,'涪陵区',500100,1,'2018-05-14 16:44:28'),(500103,'渝中区',500100,1,'2018-05-14 16:44:28'),(500104,'大渡口区',500100,1,'2018-05-14 16:44:28'),(500105,'江北区',500100,1,'2018-05-14 16:44:28'),(500106,'沙坪坝区',500100,1,'2018-05-14 16:44:28'),(500107,'九龙坡区',500100,1,'2018-05-14 16:44:28'),(500108,'南岸区',500100,1,'2018-05-14 16:44:28'),(500109,'北碚区',500100,1,'2018-05-14 16:44:28'),(500110,'綦江区',500100,1,'2018-05-14 16:44:28'),(500111,'大足区',500100,1,'2018-05-14 16:44:28'),(500112,'渝北区',500100,1,'2018-05-14 16:44:28'),(500113,'巴南区',500100,1,'2018-05-14 16:44:28'),(500114,'黔江区',500100,1,'2018-05-14 16:44:28'),(500115,'长寿区',500100,1,'2018-05-14 16:44:28'),(500116,'江津区',500100,1,'2018-05-14 16:44:28'),(500117,'合川区',500100,1,'2018-05-14 16:44:28'),(500118,'永川区',500100,1,'2018-05-14 16:44:28'),(500119,'南川区',500100,1,'2018-05-14 16:44:28'),(500120,'璧山区',500100,1,'2018-05-14 16:44:28'),(500151,'铜梁区',500100,1,'2018-05-14 16:44:28'),(500152,'潼南区',500100,1,'2018-05-14 16:44:28'),(500153,'荣昌区',500100,1,'2018-05-14 16:44:28'),(500154,'开州区',500100,1,'2018-05-14 16:44:28'),(500228,'梁平县',500200,1,'2018-05-14 16:44:28'),(500229,'城口县',500200,1,'2018-05-14 16:44:28'),(500230,'丰都县',500200,1,'2018-05-14 16:44:28'),(500231,'垫江县',500200,1,'2018-05-14 16:44:28'),(500232,'武隆县',500200,1,'2018-05-14 16:44:28'),(500233,'忠县',500200,1,'2018-05-14 16:44:28'),(500235,'云阳县',500200,1,'2018-05-14 16:44:29'),(500236,'奉节县',500200,1,'2018-05-14 16:44:29'),(500237,'巫山县',500200,1,'2018-05-14 16:44:29'),(500238,'巫溪县',500200,1,'2018-05-14 16:44:29'),(500240,'石柱土家族自治县',500200,1,'2018-05-14 16:44:29'),(500241,'秀山土家族苗族自治县',500200,1,'2018-05-14 16:44:29'),(500242,'酉阳土家族苗族自治县',500200,1,'2018-05-14 16:44:29'),(500243,'彭水苗族土家族自治县',500200,1,'2018-05-14 16:44:29'),(510101,'市辖区',510100,1,'2018-05-14 16:44:29'),(510104,'锦江区',510100,1,'2018-05-14 16:44:29'),(510105,'青羊区',510100,1,'2018-05-14 16:44:29'),(510106,'金牛区',510100,1,'2018-05-14 16:44:29'),(510107,'武侯区',510100,1,'2018-05-14 16:44:29'),(510108,'成华区',510100,1,'2018-05-14 16:44:29'),(510112,'龙泉驿区',510100,1,'2018-05-14 16:44:29'),(510113,'青白江区',510100,1,'2018-05-14 16:44:29'),(510114,'新都区',510100,1,'2018-05-14 16:44:29'),(510115,'温江区',510100,1,'2018-05-14 16:44:29'),(510116,'双流区',510100,1,'2018-05-14 16:44:29'),(510121,'金堂县',510100,1,'2018-05-14 16:44:29'),(510124,'郫县',510100,1,'2018-05-14 16:44:29'),(510129,'大邑县',510100,1,'2018-05-14 16:44:29'),(510131,'蒲江县',510100,1,'2018-05-14 16:44:29'),(510132,'新津县',510100,1,'2018-05-14 16:44:29'),(510181,'都江堰市',510100,1,'2018-05-14 16:44:29'),(510182,'彭州市',510100,1,'2018-05-14 16:44:29'),(510183,'邛崃市',510100,1,'2018-05-14 16:44:29'),(510184,'崇州市',510100,1,'2018-05-14 16:44:29'),(510185,'简阳市',510100,1,'2018-05-14 16:44:29'),(510301,'市辖区',510300,1,'2018-05-14 16:44:29'),(510302,'自流井区',510300,1,'2018-05-14 16:44:29'),(510303,'贡井区',510300,1,'2018-05-14 16:44:29'),(510304,'大安区',510300,1,'2018-05-14 16:44:29'),(510311,'沿滩区',510300,1,'2018-05-14 16:44:29'),(510321,'荣县',510300,1,'2018-05-14 16:44:29'),(510322,'富顺县',510300,1,'2018-05-14 16:44:29'),(510401,'市辖区',510400,1,'2018-05-14 16:44:29'),(510402,'东区',510400,1,'2018-05-14 16:44:29'),(510403,'西区',510400,1,'2018-05-14 16:44:29'),(510411,'仁和区',510400,1,'2018-05-14 16:44:29'),(510421,'米易县',510400,1,'2018-05-14 16:44:29'),(510422,'盐边县',510400,1,'2018-05-14 16:44:29'),(510501,'市辖区',510500,1,'2018-05-14 16:44:29'),(510502,'江阳区',510500,1,'2018-05-14 16:44:29'),(510503,'纳溪区',510500,1,'2018-05-14 16:44:29'),(510504,'龙马潭区',510500,1,'2018-05-14 16:44:29'),(510521,'泸县',510500,1,'2018-05-14 16:44:29'),(510522,'合江县',510500,1,'2018-05-14 16:44:29'),(510524,'叙永县',510500,1,'2018-05-14 16:44:29'),(510525,'古蔺县',510500,1,'2018-05-14 16:44:29'),(510601,'市辖区',510600,1,'2018-05-14 16:44:29'),(510603,'旌阳区',510600,1,'2018-05-14 16:44:29'),(510623,'中江县',510600,1,'2018-05-14 16:44:29'),(510626,'罗江县',510600,1,'2018-05-14 16:44:29'),(510681,'广汉市',510600,1,'2018-05-14 16:44:29'),(510682,'什邡市',510600,1,'2018-05-14 16:44:29'),(510683,'绵竹市',510600,1,'2018-05-14 16:44:29'),(510701,'市辖区',510700,1,'2018-05-14 16:44:29'),(510703,'涪城区',510700,1,'2018-05-14 16:44:29'),(510704,'游仙区',510700,1,'2018-05-14 16:44:29'),(510705,'安州区',510700,1,'2018-05-14 16:44:29'),(510722,'三台县',510700,1,'2018-05-14 16:44:29'),(510723,'盐亭县',510700,1,'2018-05-14 16:44:30'),(510725,'梓潼县',510700,1,'2018-05-14 16:44:30'),(510726,'北川羌族自治县',510700,1,'2018-05-14 16:44:30'),(510727,'平武县',510700,1,'2018-05-14 16:44:30'),(510781,'江油市',510700,1,'2018-05-14 16:44:30'),(510801,'市辖区',510800,1,'2018-05-14 16:44:30'),(510802,'利州区',510800,1,'2018-05-14 16:44:30'),(510811,'昭化区',510800,1,'2018-05-14 16:44:30'),(510812,'朝天区',510800,1,'2018-05-14 16:44:30'),(510821,'旺苍县',510800,1,'2018-05-14 16:44:30'),(510822,'青川县',510800,1,'2018-05-14 16:44:30'),(510823,'剑阁县',510800,1,'2018-05-14 16:44:30'),(510824,'苍溪县',510800,1,'2018-05-14 16:44:30'),(510901,'市辖区',510900,1,'2018-05-14 16:44:30'),(510903,'船山区',510900,1,'2018-05-14 16:44:30'),(510904,'安居区',510900,1,'2018-05-14 16:44:30'),(510921,'蓬溪县',510900,1,'2018-05-14 16:44:30'),(510922,'射洪县',510900,1,'2018-05-14 16:44:30'),(510923,'大英县',510900,1,'2018-05-14 16:44:30'),(511001,'市辖区',511000,1,'2018-05-14 16:44:30'),(511002,'市中区',511000,1,'2018-05-14 16:44:30'),(511011,'东兴区',511000,1,'2018-05-14 16:44:30'),(511024,'威远县',511000,1,'2018-05-14 16:44:30'),(511025,'资中县',511000,1,'2018-05-14 16:44:30'),(511028,'隆昌县',511000,1,'2018-05-14 16:44:30'),(511101,'市辖区',511100,1,'2018-05-14 16:44:30'),(511102,'市中区',511100,1,'2018-05-14 16:44:30'),(511111,'沙湾区',511100,1,'2018-05-14 16:44:30'),(511112,'五通桥区',511100,1,'2018-05-14 16:44:30'),(511113,'金口河区',511100,1,'2018-05-14 16:44:30'),(511123,'犍为县',511100,1,'2018-05-14 16:44:30'),(511124,'井研县',511100,1,'2018-05-14 16:44:30'),(511126,'夹江县',511100,1,'2018-05-14 16:44:30'),(511129,'沐川县',511100,1,'2018-05-14 16:44:30'),(511132,'峨边彝族自治县',511100,1,'2018-05-14 16:44:30'),(511133,'马边彝族自治县',511100,1,'2018-05-14 16:44:30'),(511181,'峨眉山市',511100,1,'2018-05-14 16:44:30'),(511301,'市辖区',511300,1,'2018-05-14 16:44:30'),(511302,'顺庆区',511300,1,'2018-05-14 16:44:30'),(511303,'高坪区',511300,1,'2018-05-14 16:44:30'),(511304,'嘉陵区',511300,1,'2018-05-14 16:44:30'),(511321,'南部县',511300,1,'2018-05-14 16:44:30'),(511322,'营山县',511300,1,'2018-05-14 16:44:30'),(511323,'蓬安县',511300,1,'2018-05-14 16:44:30'),(511324,'仪陇县',511300,1,'2018-05-14 16:44:30'),(511325,'西充县',511300,1,'2018-05-14 16:44:30'),(511381,'阆中市',511300,1,'2018-05-14 16:44:30'),(511401,'市辖区',511400,1,'2018-05-14 16:44:30'),(511402,'东坡区',511400,1,'2018-05-14 16:44:30'),(511403,'彭山区',511400,1,'2018-05-14 16:44:30'),(511421,'仁寿县',511400,1,'2018-05-14 16:44:30'),(511423,'洪雅县',511400,1,'2018-05-14 16:44:30'),(511424,'丹棱县',511400,1,'2018-05-14 16:44:30'),(511425,'青神县',511400,1,'2018-05-14 16:44:30'),(511501,'市辖区',511500,1,'2018-05-14 16:44:30'),(511502,'翠屏区',511500,1,'2018-05-14 16:44:30'),(511503,'南溪区',511500,1,'2018-05-14 16:44:30'),(511521,'宜宾县',511500,1,'2018-05-14 16:44:30'),(511523,'江安县',511500,1,'2018-05-14 16:44:30'),(511524,'长宁县',511500,1,'2018-05-14 16:44:30'),(511525,'高县',511500,1,'2018-05-14 16:44:30'),(511526,'珙县',511500,1,'2018-05-14 16:44:31'),(511527,'筠连县',511500,1,'2018-05-14 16:44:31'),(511528,'兴文县',511500,1,'2018-05-14 16:44:31'),(511529,'屏山县',511500,1,'2018-05-14 16:44:31'),(511601,'市辖区',511600,1,'2018-05-14 16:44:31'),(511602,'广安区',511600,1,'2018-05-14 16:44:31'),(511603,'前锋区',511600,1,'2018-05-14 16:44:31'),(511621,'岳池县',511600,1,'2018-05-14 16:44:31'),(511622,'武胜县',511600,1,'2018-05-14 16:44:31'),(511623,'邻水县',511600,1,'2018-05-14 16:44:31'),(511681,'华蓥市',511600,1,'2018-05-14 16:44:31'),(511701,'市辖区',511700,1,'2018-05-14 16:44:31'),(511702,'通川区',511700,1,'2018-05-14 16:44:31'),(511703,'达川区',511700,1,'2018-05-14 16:44:31'),(511722,'宣汉县',511700,1,'2018-05-14 16:44:31'),(511723,'开江县',511700,1,'2018-05-14 16:44:31'),(511724,'大竹县',511700,1,'2018-05-14 16:44:31'),(511725,'渠县',511700,1,'2018-05-14 16:44:31'),(511781,'万源市',511700,1,'2018-05-14 16:44:31'),(511801,'市辖区',511800,1,'2018-05-14 16:44:31'),(511802,'雨城区',511800,1,'2018-05-14 16:44:31'),(511803,'名山区',511800,1,'2018-05-14 16:44:31'),(511822,'荥经县',511800,1,'2018-05-14 16:44:31'),(511823,'汉源县',511800,1,'2018-05-14 16:44:31'),(511824,'石棉县',511800,1,'2018-05-14 16:44:31'),(511825,'天全县',511800,1,'2018-05-14 16:44:31'),(511826,'芦山县',511800,1,'2018-05-14 16:44:31'),(511827,'宝兴县',511800,1,'2018-05-14 16:44:31'),(511901,'市辖区',511900,1,'2018-05-14 16:44:31'),(511902,'巴州区',511900,1,'2018-05-14 16:44:31'),(511903,'恩阳区',511900,1,'2018-05-14 16:44:31'),(511921,'通江县',511900,1,'2018-05-14 16:44:31'),(511922,'南江县',511900,1,'2018-05-14 16:44:31'),(511923,'平昌县',511900,1,'2018-05-14 16:44:31'),(512001,'市辖区',512000,1,'2018-05-14 16:44:31'),(512002,'雁江区',512000,1,'2018-05-14 16:44:31'),(512021,'安岳县',512000,1,'2018-05-14 16:44:31'),(512022,'乐至县',512000,1,'2018-05-14 16:44:31'),(513201,'马尔康市',513200,1,'2018-05-14 16:44:31'),(513221,'汶川县',513200,1,'2018-05-14 16:44:31'),(513222,'理县',513200,1,'2018-05-14 16:44:31'),(513223,'茂县',513200,1,'2018-05-14 16:44:31'),(513224,'松潘县',513200,1,'2018-05-14 16:44:31'),(513225,'九寨沟县',513200,1,'2018-05-14 16:44:31'),(513226,'金川县',513200,1,'2018-05-14 16:44:31'),(513227,'小金县',513200,1,'2018-05-14 16:44:31'),(513228,'黑水县',513200,1,'2018-05-14 16:44:31'),(513230,'壤塘县',513200,1,'2018-05-14 16:44:31'),(513231,'阿坝县',513200,1,'2018-05-14 16:44:31'),(513232,'若尔盖县',513200,1,'2018-05-14 16:44:31'),(513233,'红原县',513200,1,'2018-05-14 16:44:31'),(513301,'康定市',513300,1,'2018-05-14 16:44:31'),(513322,'泸定县',513300,1,'2018-05-14 16:44:31'),(513323,'丹巴县',513300,1,'2018-05-14 16:44:31'),(513324,'九龙县',513300,1,'2018-05-14 16:44:31'),(513325,'雅江县',513300,1,'2018-05-14 16:44:31'),(513326,'道孚县',513300,1,'2018-05-14 16:44:32'),(513327,'炉霍县',513300,1,'2018-05-14 16:44:32'),(513328,'甘孜县',513300,1,'2018-05-14 16:44:32'),(513329,'新龙县',513300,1,'2018-05-14 16:44:32'),(513330,'德格县',513300,1,'2018-05-14 16:44:32'),(513331,'白玉县',513300,1,'2018-05-14 16:44:32'),(513332,'石渠县',513300,1,'2018-05-14 16:44:32'),(513333,'色达县',513300,1,'2018-05-14 16:44:32'),(513334,'理塘县',513300,1,'2018-05-14 16:44:32'),(513335,'巴塘县',513300,1,'2018-05-14 16:44:32'),(513336,'乡城县',513300,1,'2018-05-14 16:44:32'),(513337,'稻城县',513300,1,'2018-05-14 16:44:32'),(513338,'得荣县',513300,1,'2018-05-14 16:44:32'),(513401,'西昌市',513400,1,'2018-05-14 16:44:32'),(513422,'木里藏族自治县',513400,1,'2018-05-14 16:44:32'),(513423,'盐源县',513400,1,'2018-05-14 16:44:32'),(513424,'德昌县',513400,1,'2018-05-14 16:44:32'),(513425,'会理县',513400,1,'2018-05-14 16:44:32'),(513426,'会东县',513400,1,'2018-05-14 16:44:32'),(513427,'宁南县',513400,1,'2018-05-14 16:44:32'),(513428,'普格县',513400,1,'2018-05-14 16:44:32'),(513429,'布拖县',513400,1,'2018-05-14 16:44:32'),(513430,'金阳县',513400,1,'2018-05-14 16:44:32'),(513431,'昭觉县',513400,1,'2018-05-14 16:44:32'),(513432,'喜德县',513400,1,'2018-05-14 16:44:32'),(513433,'冕宁县',513400,1,'2018-05-14 16:44:32'),(513434,'越西县',513400,1,'2018-05-14 16:44:32'),(513435,'甘洛县',513400,1,'2018-05-14 16:44:32'),(513436,'美姑县',513400,1,'2018-05-14 16:44:32'),(513437,'雷波县',513400,1,'2018-05-14 16:44:32'),(520101,'市辖区',520100,1,'2018-05-14 16:44:32'),(520102,'南明区',520100,1,'2018-05-14 16:44:32'),(520103,'云岩区',520100,1,'2018-05-14 16:44:32'),(520111,'花溪区',520100,1,'2018-05-14 16:44:32'),(520112,'乌当区',520100,1,'2018-05-14 16:44:32'),(520113,'白云区',520100,1,'2018-05-14 16:44:32'),(520115,'观山湖区',520100,1,'2018-05-14 16:44:32'),(520121,'开阳县',520100,1,'2018-05-14 16:44:32'),(520122,'息烽县',520100,1,'2018-05-14 16:44:32'),(520123,'修文县',520100,1,'2018-05-14 16:44:32'),(520181,'清镇市',520100,1,'2018-05-14 16:44:32'),(520201,'钟山区',520200,1,'2018-05-14 16:44:32'),(520203,'六枝特区',520200,1,'2018-05-14 16:44:32'),(520221,'水城县',520200,1,'2018-05-14 16:44:32'),(520222,'盘县',520200,1,'2018-05-14 16:44:32'),(520301,'市辖区',520300,1,'2018-05-14 16:44:32'),(520302,'红花岗区',520300,1,'2018-05-14 16:44:32'),(520303,'汇川区',520300,1,'2018-05-14 16:44:32'),(520304,'播州区',520300,1,'2018-05-14 16:44:32'),(520322,'桐梓县',520300,1,'2018-05-14 16:44:32'),(520323,'绥阳县',520300,1,'2018-05-14 16:44:32'),(520324,'正安县',520300,1,'2018-05-14 16:44:32'),(520325,'道真仡佬族苗族自治县',520300,1,'2018-05-14 16:44:32'),(520326,'务川仡佬族苗族自治县',520300,1,'2018-05-14 16:44:32'),(520327,'凤冈县',520300,1,'2018-05-14 16:44:32'),(520328,'湄潭县',520300,1,'2018-05-14 16:44:32'),(520329,'余庆县',520300,1,'2018-05-14 16:44:32'),(520330,'习水县',520300,1,'2018-05-14 16:44:32'),(520381,'赤水市',520300,1,'2018-05-14 16:44:33'),(520382,'仁怀市',520300,1,'2018-05-14 16:44:33'),(520401,'市辖区',520400,1,'2018-05-14 16:44:33'),(520402,'西秀区',520400,1,'2018-05-14 16:44:33'),(520403,'平坝区',520400,1,'2018-05-14 16:44:33'),(520422,'普定县',520400,1,'2018-05-14 16:44:33'),(520423,'镇宁布依族苗族自治县',520400,1,'2018-05-14 16:44:33'),(520424,'关岭布依族苗族自治县',520400,1,'2018-05-14 16:44:33'),(520425,'紫云苗族布依族自治县',520400,1,'2018-05-14 16:44:33'),(520501,'市辖区',520500,1,'2018-05-14 16:44:33'),(520502,'七星关区',520500,1,'2018-05-14 16:44:33'),(520521,'大方县',520500,1,'2018-05-14 16:44:33'),(520522,'黔西县',520500,1,'2018-05-14 16:44:33'),(520523,'金沙县',520500,1,'2018-05-14 16:44:33'),(520524,'织金县',520500,1,'2018-05-14 16:44:33'),(520525,'纳雍县',520500,1,'2018-05-14 16:44:33'),(520526,'威宁彝族回族苗族自治县',520500,1,'2018-05-14 16:44:33'),(520527,'赫章县',520500,1,'2018-05-14 16:44:33'),(520601,'市辖区',520600,1,'2018-05-14 16:44:33'),(520602,'碧江区',520600,1,'2018-05-14 16:44:33'),(520603,'万山区',520600,1,'2018-05-14 16:44:33'),(520621,'江口县',520600,1,'2018-05-14 16:44:33'),(520622,'玉屏侗族自治县',520600,1,'2018-05-14 16:44:33'),(520623,'石阡县',520600,1,'2018-05-14 16:44:33'),(520624,'思南县',520600,1,'2018-05-14 16:44:33'),(520625,'印江土家族苗族自治县',520600,1,'2018-05-14 16:44:33'),(520626,'德江县',520600,1,'2018-05-14 16:44:33'),(520627,'沿河土家族自治县',520600,1,'2018-05-14 16:44:33'),(520628,'松桃苗族自治县',520600,1,'2018-05-14 16:44:33'),(522301,'兴义市',522300,1,'2018-05-14 16:44:33'),(522322,'兴仁县',522300,1,'2018-05-14 16:44:33'),(522323,'普安县',522300,1,'2018-05-14 16:44:33'),(522324,'晴隆县',522300,1,'2018-05-14 16:44:33'),(522325,'贞丰县',522300,1,'2018-05-14 16:44:33'),(522326,'望谟县',522300,1,'2018-05-14 16:44:33'),(522327,'册亨县',522300,1,'2018-05-14 16:44:33'),(522328,'安龙县',522300,1,'2018-05-14 16:44:33'),(522601,'凯里市',522600,1,'2018-05-14 16:44:33'),(522622,'黄平县',522600,1,'2018-05-14 16:44:33'),(522623,'施秉县',522600,1,'2018-05-14 16:44:33'),(522624,'三穗县',522600,1,'2018-05-14 16:44:33'),(522625,'镇远县',522600,1,'2018-05-14 16:44:33'),(522626,'岑巩县',522600,1,'2018-05-14 16:44:33'),(522627,'天柱县',522600,1,'2018-05-14 16:44:33'),(522628,'锦屏县',522600,1,'2018-05-14 16:44:33'),(522629,'剑河县',522600,1,'2018-05-14 16:44:33'),(522630,'台江县',522600,1,'2018-05-14 16:44:33'),(522631,'黎平县',522600,1,'2018-05-14 16:44:33'),(522632,'榕江县',522600,1,'2018-05-14 16:44:33'),(522633,'从江县',522600,1,'2018-05-14 16:44:33'),(522634,'雷山县',522600,1,'2018-05-14 16:44:33'),(522635,'麻江县',522600,1,'2018-05-14 16:44:33'),(522636,'丹寨县',522600,1,'2018-05-14 16:44:33'),(522701,'都匀市',522700,1,'2018-05-14 16:44:33'),(522702,'福泉市',522700,1,'2018-05-14 16:44:33'),(522722,'荔波县',522700,1,'2018-05-14 16:44:33'),(522723,'贵定县',522700,1,'2018-05-14 16:44:33'),(522725,'瓮安县',522700,1,'2018-05-14 16:44:33'),(522726,'独山县',522700,1,'2018-05-14 16:44:33'),(522727,'平塘县',522700,1,'2018-05-14 16:44:33'),(522728,'罗甸县',522700,1,'2018-05-14 16:44:33'),(522729,'长顺县',522700,1,'2018-05-14 16:44:33'),(522730,'龙里县',522700,1,'2018-05-14 16:44:33'),(522731,'惠水县',522700,1,'2018-05-14 16:44:33'),(522732,'三都水族自治县',522700,1,'2018-05-14 16:44:33'),(530101,'市辖区',530100,1,'2018-05-14 16:44:34'),(530102,'五华区',530100,1,'2018-05-14 16:44:34'),(530103,'盘龙区',530100,1,'2018-05-14 16:44:34'),(530111,'官渡区',530100,1,'2018-05-14 16:44:34'),(530112,'西山区',530100,1,'2018-05-14 16:44:34'),(530113,'东川区',530100,1,'2018-05-14 16:44:34'),(530114,'呈贡区',530100,1,'2018-05-14 16:44:34'),(530122,'晋宁县',530100,1,'2018-05-14 16:44:34'),(530124,'富民县',530100,1,'2018-05-14 16:44:34'),(530125,'宜良县',530100,1,'2018-05-14 16:44:34'),(530126,'石林彝族自治县',530100,1,'2018-05-14 16:44:34'),(530127,'嵩明县',530100,1,'2018-05-14 16:44:34'),(530128,'禄劝彝族苗族自治县',530100,1,'2018-05-14 16:44:34'),(530129,'寻甸回族彝族自治县',530100,1,'2018-05-14 16:44:34'),(530181,'安宁市',530100,1,'2018-05-14 16:44:34'),(530301,'市辖区',530300,1,'2018-05-14 16:44:34'),(530302,'麒麟区',530300,1,'2018-05-14 16:44:34'),(530303,'沾益区',530300,1,'2018-05-14 16:44:34'),(530321,'马龙县',530300,1,'2018-05-14 16:44:34'),(530322,'陆良县',530300,1,'2018-05-14 16:44:34'),(530323,'师宗县',530300,1,'2018-05-14 16:44:34'),(530324,'罗平县',530300,1,'2018-05-14 16:44:34'),(530325,'富源县',530300,1,'2018-05-14 16:44:34'),(530326,'会泽县',530300,1,'2018-05-14 16:44:34'),(530381,'宣威市',530300,1,'2018-05-14 16:44:34'),(530401,'市辖区',530400,1,'2018-05-14 16:44:34'),(530402,'红塔区',530400,1,'2018-05-14 16:44:34'),(530403,'江川区',530400,1,'2018-05-14 16:44:34'),(530422,'澄江县',530400,1,'2018-05-14 16:44:34'),(530423,'通海县',530400,1,'2018-05-14 16:44:34'),(530424,'华宁县',530400,1,'2018-05-14 16:44:34'),(530425,'易门县',530400,1,'2018-05-14 16:44:34'),(530426,'峨山彝族自治县',530400,1,'2018-05-14 16:44:34'),(530427,'新平彝族傣族自治县',530400,1,'2018-05-14 16:44:34'),(530428,'元江哈尼族彝族傣族自治县',530400,1,'2018-05-14 16:44:34'),(530501,'市辖区',530500,1,'2018-05-14 16:44:34'),(530502,'隆阳区',530500,1,'2018-05-14 16:44:34'),(530521,'施甸县',530500,1,'2018-05-14 16:44:34'),(530523,'龙陵县',530500,1,'2018-05-14 16:44:34'),(530524,'昌宁县',530500,1,'2018-05-14 16:44:34'),(530581,'腾冲市',530500,1,'2018-05-14 16:44:34'),(530601,'市辖区',530600,1,'2018-05-14 16:44:34'),(530602,'昭阳区',530600,1,'2018-05-14 16:44:34'),(530621,'鲁甸县',530600,1,'2018-05-14 16:44:34'),(530622,'巧家县',530600,1,'2018-05-14 16:44:34'),(530623,'盐津县',530600,1,'2018-05-14 16:44:34'),(530624,'大关县',530600,1,'2018-05-14 16:44:34'),(530625,'永善县',530600,1,'2018-05-14 16:44:34'),(530626,'绥江县',530600,1,'2018-05-14 16:44:34'),(530627,'镇雄县',530600,1,'2018-05-14 16:44:34'),(530628,'彝良县',530600,1,'2018-05-14 16:44:34'),(530629,'威信县',530600,1,'2018-05-14 16:44:34'),(530630,'水富县',530600,1,'2018-05-14 16:44:34'),(530701,'市辖区',530700,1,'2018-05-14 16:44:34'),(530702,'古城区',530700,1,'2018-05-14 16:44:34'),(530721,'玉龙纳西族自治县',530700,1,'2018-05-14 16:44:34'),(530722,'永胜县',530700,1,'2018-05-14 16:44:34'),(530723,'华坪县',530700,1,'2018-05-14 16:44:34'),(530724,'宁蒗彝族自治县',530700,1,'2018-05-14 16:44:34'),(530801,'市辖区',530800,1,'2018-05-14 16:44:34'),(530802,'思茅区',530800,1,'2018-05-14 16:44:34'),(530821,'宁洱哈尼族彝族自治县',530800,1,'2018-05-14 16:44:35'),(530822,'墨江哈尼族自治县',530800,1,'2018-05-14 16:44:35'),(530823,'景东彝族自治县',530800,1,'2018-05-14 16:44:35'),(530824,'景谷傣族彝族自治县',530800,1,'2018-05-14 16:44:35'),(530825,'镇沅彝族哈尼族拉祜族自治县',530800,1,'2018-05-14 16:44:35'),(530826,'江城哈尼族彝族自治县',530800,1,'2018-05-14 16:44:35'),(530827,'孟连傣族拉祜族佤族自治县',530800,1,'2018-05-14 16:44:35'),(530828,'澜沧拉祜族自治县',530800,1,'2018-05-14 16:44:35'),(530829,'西盟佤族自治县',530800,1,'2018-05-14 16:44:35'),(530901,'市辖区',530900,1,'2018-05-14 16:44:35'),(530902,'临翔区',530900,1,'2018-05-14 16:44:35'),(530921,'凤庆县',530900,1,'2018-05-14 16:44:35'),(530922,'云县',530900,1,'2018-05-14 16:44:35'),(530923,'永德县',530900,1,'2018-05-14 16:44:35'),(530924,'镇康县',530900,1,'2018-05-14 16:44:35'),(530925,'双江拉祜族佤族布朗族傣族自治县',530900,1,'2018-05-14 16:44:35'),(530926,'耿马傣族佤族自治县',530900,1,'2018-05-14 16:44:35'),(530927,'沧源佤族自治县',530900,1,'2018-05-14 16:44:35'),(532301,'楚雄市',532300,1,'2018-05-14 16:44:35'),(532322,'双柏县',532300,1,'2018-05-14 16:44:35'),(532323,'牟定县',532300,1,'2018-05-14 16:44:35'),(532324,'南华县',532300,1,'2018-05-14 16:44:35'),(532325,'姚安县',532300,1,'2018-05-14 16:44:35'),(532326,'大姚县',532300,1,'2018-05-14 16:44:35'),(532327,'永仁县',532300,1,'2018-05-14 16:44:35'),(532328,'元谋县',532300,1,'2018-05-14 16:44:35'),(532329,'武定县',532300,1,'2018-05-14 16:44:35'),(532331,'禄丰县',532300,1,'2018-05-14 16:44:35'),(532501,'个旧市',532500,1,'2018-05-14 16:44:35'),(532502,'开远市',532500,1,'2018-05-14 16:44:35'),(532503,'蒙自市',532500,1,'2018-05-14 16:44:35'),(532504,'弥勒市',532500,1,'2018-05-14 16:44:35'),(532523,'屏边苗族自治县',532500,1,'2018-05-14 16:44:35'),(532524,'建水县',532500,1,'2018-05-14 16:44:35'),(532525,'石屏县',532500,1,'2018-05-14 16:44:35'),(532527,'泸西县',532500,1,'2018-05-14 16:44:35'),(532528,'元阳县',532500,1,'2018-05-14 16:44:35'),(532529,'红河县',532500,1,'2018-05-14 16:44:35'),(532530,'金平苗族瑶族傣族自治县',532500,1,'2018-05-14 16:44:35'),(532531,'绿春县',532500,1,'2018-05-14 16:44:35'),(532532,'河口瑶族自治县',532500,1,'2018-05-14 16:44:35'),(532601,'文山市',532600,1,'2018-05-14 16:44:35'),(532622,'砚山县',532600,1,'2018-05-14 16:44:35'),(532623,'西畴县',532600,1,'2018-05-14 16:44:35'),(532624,'麻栗坡县',532600,1,'2018-05-14 16:44:35'),(532625,'马关县',532600,1,'2018-05-14 16:44:35'),(532626,'丘北县',532600,1,'2018-05-14 16:44:35'),(532627,'广南县',532600,1,'2018-05-14 16:44:35'),(532628,'富宁县',532600,1,'2018-05-14 16:44:35'),(532801,'景洪市',532800,1,'2018-05-14 16:44:35'),(532822,'勐海县',532800,1,'2018-05-14 16:44:35'),(532823,'勐腊县',532800,1,'2018-05-14 16:44:35'),(532901,'大理市',532900,1,'2018-05-14 16:44:35'),(532922,'漾濞彝族自治县',532900,1,'2018-05-14 16:44:35'),(532923,'祥云县',532900,1,'2018-05-14 16:44:36'),(532924,'宾川县',532900,1,'2018-05-14 16:44:36'),(532925,'弥渡县',532900,1,'2018-05-14 16:44:36'),(532926,'南涧彝族自治县',532900,1,'2018-05-14 16:44:36'),(532927,'巍山彝族回族自治县',532900,1,'2018-05-14 16:44:36'),(532928,'永平县',532900,1,'2018-05-14 16:44:36'),(532929,'云龙县',532900,1,'2018-05-14 16:44:36'),(532930,'洱源县',532900,1,'2018-05-14 16:44:36'),(532931,'剑川县',532900,1,'2018-05-14 16:44:36'),(532932,'鹤庆县',532900,1,'2018-05-14 16:44:36'),(533102,'瑞丽市',533100,1,'2018-05-14 16:44:36'),(533103,'芒市',533100,1,'2018-05-14 16:44:36'),(533122,'梁河县',533100,1,'2018-05-14 16:44:36'),(533123,'盈江县',533100,1,'2018-05-14 16:44:36'),(533124,'陇川县',533100,1,'2018-05-14 16:44:36'),(533301,'泸水市',533300,1,'2018-05-14 16:44:36'),(533323,'福贡县',533300,1,'2018-05-14 16:44:36'),(533324,'贡山独龙族怒族自治县',533300,1,'2018-05-14 16:44:36'),(533325,'兰坪白族普米族自治县',533300,1,'2018-05-14 16:44:36'),(533401,'香格里拉市',533400,1,'2018-05-14 16:44:36'),(533422,'德钦县',533400,1,'2018-05-14 16:44:36'),(533423,'维西傈僳族自治县',533400,1,'2018-05-14 16:44:36'),(540101,'市辖区',540100,1,'2018-05-14 16:44:36'),(540102,'城关区',540100,1,'2018-05-14 16:44:36'),(540103,'堆龙德庆区',540100,1,'2018-05-14 16:44:36'),(540121,'林周县',540100,1,'2018-05-14 16:44:36'),(540122,'当雄县',540100,1,'2018-05-14 16:44:36'),(540123,'尼木县',540100,1,'2018-05-14 16:44:36'),(540124,'曲水县',540100,1,'2018-05-14 16:44:36'),(540126,'达孜县',540100,1,'2018-05-14 16:44:36'),(540127,'墨竹工卡县',540100,1,'2018-05-14 16:44:36'),(540202,'桑珠孜区',540200,1,'2018-05-14 16:44:36'),(540221,'南木林县',540200,1,'2018-05-14 16:44:36'),(540222,'江孜县',540200,1,'2018-05-14 16:44:36'),(540223,'定日县',540200,1,'2018-05-14 16:44:36'),(540224,'萨迦县',540200,1,'2018-05-14 16:44:36'),(540225,'拉孜县',540200,1,'2018-05-14 16:44:36'),(540226,'昂仁县',540200,1,'2018-05-14 16:44:36'),(540227,'谢通门县',540200,1,'2018-05-14 16:44:36'),(540228,'白朗县',540200,1,'2018-05-14 16:44:36'),(540229,'仁布县',540200,1,'2018-05-14 16:44:36'),(540230,'康马县',540200,1,'2018-05-14 16:44:36'),(540231,'定结县',540200,1,'2018-05-14 16:44:36'),(540232,'仲巴县',540200,1,'2018-05-14 16:44:36'),(540233,'亚东县',540200,1,'2018-05-14 16:44:36'),(540234,'吉隆县',540200,1,'2018-05-14 16:44:36'),(540235,'聂拉木县',540200,1,'2018-05-14 16:44:36'),(540236,'萨嘎县',540200,1,'2018-05-14 16:44:36'),(540237,'岗巴县',540200,1,'2018-05-14 16:44:36'),(540302,'卡若区',540300,1,'2018-05-14 16:44:36'),(540321,'江达县',540300,1,'2018-05-14 16:44:36'),(540322,'贡觉县',540300,1,'2018-05-14 16:44:36'),(540323,'类乌齐县',540300,1,'2018-05-14 16:44:36'),(540324,'丁青县',540300,1,'2018-05-14 16:44:36'),(540325,'察雅县',540300,1,'2018-05-14 16:44:36'),(540326,'八宿县',540300,1,'2018-05-14 16:44:36'),(540327,'左贡县',540300,1,'2018-05-14 16:44:36'),(540328,'芒康县',540300,1,'2018-05-14 16:44:37'),(540329,'洛隆县',540300,1,'2018-05-14 16:44:37'),(540330,'边坝县',540300,1,'2018-05-14 16:44:37'),(540402,'巴宜区',540400,1,'2018-05-14 16:44:37'),(540421,'工布江达县',540400,1,'2018-05-14 16:44:37'),(540422,'米林县',540400,1,'2018-05-14 16:44:37'),(540423,'墨脱县',540400,1,'2018-05-14 16:44:37'),(540424,'波密县',540400,1,'2018-05-14 16:44:37'),(540425,'察隅县',540400,1,'2018-05-14 16:44:37'),(540426,'朗县',540400,1,'2018-05-14 16:44:37'),(540501,'市辖区',540500,1,'2018-05-14 16:44:37'),(540502,'乃东区',540500,1,'2018-05-14 16:44:37'),(540521,'扎囊县',540500,1,'2018-05-14 16:44:37'),(540522,'贡嘎县',540500,1,'2018-05-14 16:44:37'),(540523,'桑日县',540500,1,'2018-05-14 16:44:37'),(540524,'琼结县',540500,1,'2018-05-14 16:44:37'),(540525,'曲松县',540500,1,'2018-05-14 16:44:37'),(540526,'措美县',540500,1,'2018-05-14 16:44:37'),(540527,'洛扎县',540500,1,'2018-05-14 16:44:37'),(540528,'加查县',540500,1,'2018-05-14 16:44:37'),(540529,'隆子县',540500,1,'2018-05-14 16:44:37'),(540530,'错那县',540500,1,'2018-05-14 16:44:37'),(540531,'浪卡子县',540500,1,'2018-05-14 16:44:37'),(542421,'那曲县',542400,1,'2018-05-14 16:44:37'),(542422,'嘉黎县',542400,1,'2018-05-14 16:44:37'),(542423,'比如县',542400,1,'2018-05-14 16:44:37'),(542424,'聂荣县',542400,1,'2018-05-14 16:44:37'),(542425,'安多县',542400,1,'2018-05-14 16:44:37'),(542426,'申扎县',542400,1,'2018-05-14 16:44:37'),(542427,'索县',542400,1,'2018-05-14 16:44:37'),(542428,'班戈县',542400,1,'2018-05-14 16:44:37'),(542429,'巴青县',542400,1,'2018-05-14 16:44:37'),(542430,'尼玛县',542400,1,'2018-05-14 16:44:37'),(542431,'双湖县',542400,1,'2018-05-14 16:44:37'),(542521,'普兰县',542500,1,'2018-05-14 16:44:37'),(542522,'札达县',542500,1,'2018-05-14 16:44:37'),(542523,'噶尔县',542500,1,'2018-05-14 16:44:37'),(542524,'日土县',542500,1,'2018-05-14 16:44:37'),(542525,'革吉县',542500,1,'2018-05-14 16:44:37'),(542526,'改则县',542500,1,'2018-05-14 16:44:37'),(542527,'措勤县',542500,1,'2018-05-14 16:44:37'),(610101,'市辖区',610100,1,'2018-05-14 16:44:37'),(610102,'新城区',610100,1,'2018-05-14 16:44:37'),(610103,'碑林区',610100,1,'2018-05-14 16:44:37'),(610104,'莲湖区',610100,1,'2018-05-14 16:44:37'),(610111,'灞桥区',610100,1,'2018-05-14 16:44:37'),(610112,'未央区',610100,1,'2018-05-14 16:44:37'),(610113,'雁塔区',610100,1,'2018-05-14 16:44:37'),(610114,'阎良区',610100,1,'2018-05-14 16:44:37'),(610115,'临潼区',610100,1,'2018-05-14 16:44:37'),(610116,'长安区',610100,1,'2018-05-14 16:44:37'),(610117,'高陵区',610100,1,'2018-05-14 16:44:37'),(610122,'蓝田县',610100,1,'2018-05-14 16:44:37'),(610124,'周至县',610100,1,'2018-05-14 16:44:37'),(610125,'户县',610100,1,'2018-05-14 16:44:37'),(610201,'市辖区',610200,1,'2018-05-14 16:44:37'),(610202,'王益区',610200,1,'2018-05-14 16:44:37'),(610203,'印台区',610200,1,'2018-05-14 16:44:37'),(610204,'耀州区',610200,1,'2018-05-14 16:44:37'),(610222,'宜君县',610200,1,'2018-05-14 16:44:37'),(610301,'市辖区',610300,1,'2018-05-14 16:44:37'),(610302,'渭滨区',610300,1,'2018-05-14 16:44:38'),(610303,'金台区',610300,1,'2018-05-14 16:44:38'),(610304,'陈仓区',610300,1,'2018-05-14 16:44:38'),(610322,'凤翔县',610300,1,'2018-05-14 16:44:38'),(610323,'岐山县',610300,1,'2018-05-14 16:44:38'),(610324,'扶风县',610300,1,'2018-05-14 16:44:38'),(610326,'眉县',610300,1,'2018-05-14 16:44:38'),(610327,'陇县',610300,1,'2018-05-14 16:44:38'),(610328,'千阳县',610300,1,'2018-05-14 16:44:38'),(610329,'麟游县',610300,1,'2018-05-14 16:44:38'),(610330,'凤县',610300,1,'2018-05-14 16:44:38'),(610331,'太白县',610300,1,'2018-05-14 16:44:38'),(610401,'市辖区',610400,1,'2018-05-14 16:44:38'),(610402,'秦都区',610400,1,'2018-05-14 16:44:38'),(610403,'杨陵区',610400,1,'2018-05-14 16:44:38'),(610404,'渭城区',610400,1,'2018-05-14 16:44:38'),(610422,'三原县',610400,1,'2018-05-14 16:44:38'),(610423,'泾阳县',610400,1,'2018-05-14 16:44:38'),(610424,'乾县',610400,1,'2018-05-14 16:44:38'),(610425,'礼泉县',610400,1,'2018-05-14 16:44:38'),(610426,'永寿县',610400,1,'2018-05-14 16:44:38'),(610427,'彬县',610400,1,'2018-05-14 16:44:38'),(610428,'长武县',610400,1,'2018-05-14 16:44:38'),(610429,'旬邑县',610400,1,'2018-05-14 16:44:38'),(610430,'淳化县',610400,1,'2018-05-14 16:44:38'),(610431,'武功县',610400,1,'2018-05-14 16:44:38'),(610481,'兴平市',610400,1,'2018-05-14 16:44:38'),(610501,'市辖区',610500,1,'2018-05-14 16:44:38'),(610502,'临渭区',610500,1,'2018-05-14 16:44:38'),(610503,'华州区',610500,1,'2018-05-14 16:44:38'),(610522,'潼关县',610500,1,'2018-05-14 16:44:38'),(610523,'大荔县',610500,1,'2018-05-14 16:44:38'),(610524,'合阳县',610500,1,'2018-05-14 16:44:38'),(610525,'澄城县',610500,1,'2018-05-14 16:44:38'),(610526,'蒲城县',610500,1,'2018-05-14 16:44:38'),(610527,'白水县',610500,1,'2018-05-14 16:44:38'),(610528,'富平县',610500,1,'2018-05-14 16:44:38'),(610581,'韩城市',610500,1,'2018-05-14 16:44:38'),(610582,'华阴市',610500,1,'2018-05-14 16:44:38'),(610601,'市辖区',610600,1,'2018-05-14 16:44:38'),(610602,'宝塔区',610600,1,'2018-05-14 16:44:38'),(610603,'安塞区',610600,1,'2018-05-14 16:44:38'),(610621,'延长县',610600,1,'2018-05-14 16:44:38'),(610622,'延川县',610600,1,'2018-05-14 16:44:38'),(610623,'子长县',610600,1,'2018-05-14 16:44:38'),(610625,'志丹县',610600,1,'2018-05-14 16:44:38'),(610626,'吴起县',610600,1,'2018-05-14 16:44:38'),(610627,'甘泉县',610600,1,'2018-05-14 16:44:38'),(610628,'富县',610600,1,'2018-05-14 16:44:38'),(610629,'洛川县',610600,1,'2018-05-14 16:44:38'),(610630,'宜川县',610600,1,'2018-05-14 16:44:38'),(610631,'黄龙县',610600,1,'2018-05-14 16:44:38'),(610632,'黄陵县',610600,1,'2018-05-14 16:44:38'),(610701,'市辖区',610700,1,'2018-05-14 16:44:38'),(610702,'汉台区',610700,1,'2018-05-14 16:44:38'),(610721,'南郑县',610700,1,'2018-05-14 16:44:38'),(610722,'城固县',610700,1,'2018-05-14 16:44:38'),(610723,'洋县',610700,1,'2018-05-14 16:44:38'),(610724,'西乡县',610700,1,'2018-05-14 16:44:39'),(610725,'勉县',610700,1,'2018-05-14 16:44:39'),(610726,'宁强县',610700,1,'2018-05-14 16:44:39'),(610727,'略阳县',610700,1,'2018-05-14 16:44:39'),(610728,'镇巴县',610700,1,'2018-05-14 16:44:39'),(610729,'留坝县',610700,1,'2018-05-14 16:44:39'),(610730,'佛坪县',610700,1,'2018-05-14 16:44:39'),(610801,'市辖区',610800,1,'2018-05-14 16:44:39'),(610802,'榆阳区',610800,1,'2018-05-14 16:44:39'),(610803,'横山区',610800,1,'2018-05-14 16:44:39'),(610821,'神木县',610800,1,'2018-05-14 16:44:39'),(610822,'府谷县',610800,1,'2018-05-14 16:44:39'),(610824,'靖边县',610800,1,'2018-05-14 16:44:39'),(610825,'定边县',610800,1,'2018-05-14 16:44:39'),(610826,'绥德县',610800,1,'2018-05-14 16:44:39'),(610827,'米脂县',610800,1,'2018-05-14 16:44:39'),(610828,'佳县',610800,1,'2018-05-14 16:44:39'),(610829,'吴堡县',610800,1,'2018-05-14 16:44:39'),(610830,'清涧县',610800,1,'2018-05-14 16:44:39'),(610831,'子洲县',610800,1,'2018-05-14 16:44:39'),(610901,'市辖区',610900,1,'2018-05-14 16:44:39'),(610902,'汉滨区',610900,1,'2018-05-14 16:44:39'),(610921,'汉阴县',610900,1,'2018-05-14 16:44:39'),(610922,'石泉县',610900,1,'2018-05-14 16:44:39'),(610923,'宁陕县',610900,1,'2018-05-14 16:44:39'),(610924,'紫阳县',610900,1,'2018-05-14 16:44:39'),(610925,'岚皋县',610900,1,'2018-05-14 16:44:39'),(610926,'平利县',610900,1,'2018-05-14 16:44:39'),(610927,'镇坪县',610900,1,'2018-05-14 16:44:39'),(610928,'旬阳县',610900,1,'2018-05-14 16:44:39'),(610929,'白河县',610900,1,'2018-05-14 16:44:39'),(611001,'市辖区',611000,1,'2018-05-14 16:44:39'),(611002,'商州区',611000,1,'2018-05-14 16:44:39'),(611021,'洛南县',611000,1,'2018-05-14 16:44:39'),(611022,'丹凤县',611000,1,'2018-05-14 16:44:39'),(611023,'商南县',611000,1,'2018-05-14 16:44:39'),(611024,'山阳县',611000,1,'2018-05-14 16:44:39'),(611025,'镇安县',611000,1,'2018-05-14 16:44:39'),(611026,'柞水县',611000,1,'2018-05-14 16:44:39'),(620101,'市辖区',620100,1,'2018-05-14 16:44:39'),(620102,'城关区',620100,1,'2018-05-14 16:44:39'),(620103,'七里河区',620100,1,'2018-05-14 16:44:39'),(620104,'西固区',620100,1,'2018-05-14 16:44:39'),(620105,'安宁区',620100,1,'2018-05-14 16:44:39'),(620111,'红古区',620100,1,'2018-05-14 16:44:39'),(620121,'永登县',620100,1,'2018-05-14 16:44:39'),(620122,'皋兰县',620100,1,'2018-05-14 16:44:39'),(620123,'榆中县',620100,1,'2018-05-14 16:44:39'),(620201,'市辖区',620200,1,'2018-05-14 16:44:39'),(620301,'市辖区',620300,1,'2018-05-14 16:44:39'),(620302,'金川区',620300,1,'2018-05-14 16:44:39'),(620321,'永昌县',620300,1,'2018-05-14 16:44:39'),(620401,'市辖区',620400,1,'2018-05-14 16:44:39'),(620402,'白银区',620400,1,'2018-05-14 16:44:39'),(620403,'平川区',620400,1,'2018-05-14 16:44:39'),(620421,'靖远县',620400,1,'2018-05-14 16:44:39'),(620422,'会宁县',620400,1,'2018-05-14 16:44:39'),(620423,'景泰县',620400,1,'2018-05-14 16:44:39'),(620501,'市辖区',620500,1,'2018-05-14 16:44:39'),(620502,'秦州区',620500,1,'2018-05-14 16:44:39'),(620503,'麦积区',620500,1,'2018-05-14 16:44:39'),(620521,'清水县',620500,1,'2018-05-14 16:44:39'),(620522,'秦安县',620500,1,'2018-05-14 16:44:40'),(620523,'甘谷县',620500,1,'2018-05-14 16:44:40'),(620524,'武山县',620500,1,'2018-05-14 16:44:40'),(620525,'张家川回族自治县',620500,1,'2018-05-14 16:44:40'),(620601,'市辖区',620600,1,'2018-05-14 16:44:40'),(620602,'凉州区',620600,1,'2018-05-14 16:44:40'),(620621,'民勤县',620600,1,'2018-05-14 16:44:40'),(620622,'古浪县',620600,1,'2018-05-14 16:44:40'),(620623,'天祝藏族自治县',620600,1,'2018-05-14 16:44:40'),(620701,'市辖区',620700,1,'2018-05-14 16:44:40'),(620702,'甘州区',620700,1,'2018-05-14 16:44:40'),(620721,'肃南裕固族自治县',620700,1,'2018-05-14 16:44:40'),(620722,'民乐县',620700,1,'2018-05-14 16:44:40'),(620723,'临泽县',620700,1,'2018-05-14 16:44:40'),(620724,'高台县',620700,1,'2018-05-14 16:44:40'),(620725,'山丹县',620700,1,'2018-05-14 16:44:40'),(620801,'市辖区',620800,1,'2018-05-14 16:44:40'),(620802,'崆峒区',620800,1,'2018-05-14 16:44:40'),(620821,'泾川县',620800,1,'2018-05-14 16:44:40'),(620822,'灵台县',620800,1,'2018-05-14 16:44:40'),(620823,'崇信县',620800,1,'2018-05-14 16:44:40'),(620824,'华亭县',620800,1,'2018-05-14 16:44:40'),(620825,'庄浪县',620800,1,'2018-05-14 16:44:40'),(620826,'静宁县',620800,1,'2018-05-14 16:44:40'),(620901,'市辖区',620900,1,'2018-05-14 16:44:40'),(620902,'肃州区',620900,1,'2018-05-14 16:44:40'),(620921,'金塔县',620900,1,'2018-05-14 16:44:40'),(620922,'瓜州县',620900,1,'2018-05-14 16:44:40'),(620923,'肃北蒙古族自治县',620900,1,'2018-05-14 16:44:40'),(620924,'阿克塞哈萨克族自治县',620900,1,'2018-05-14 16:44:40'),(620981,'玉门市',620900,1,'2018-05-14 16:44:40'),(620982,'敦煌市',620900,1,'2018-05-14 16:44:40'),(621001,'市辖区',621000,1,'2018-05-14 16:44:40'),(621002,'西峰区',621000,1,'2018-05-14 16:44:40'),(621021,'庆城县',621000,1,'2018-05-14 16:44:40'),(621022,'环县',621000,1,'2018-05-14 16:44:40'),(621023,'华池县',621000,1,'2018-05-14 16:44:40'),(621024,'合水县',621000,1,'2018-05-14 16:44:40'),(621025,'正宁县',621000,1,'2018-05-14 16:44:40'),(621026,'宁县',621000,1,'2018-05-14 16:44:40'),(621027,'镇原县',621000,1,'2018-05-14 16:44:40'),(621101,'市辖区',621100,1,'2018-05-14 16:44:40'),(621102,'安定区',621100,1,'2018-05-14 16:44:40'),(621121,'通渭县',621100,1,'2018-05-14 16:44:40'),(621122,'陇西县',621100,1,'2018-05-14 16:44:40'),(621123,'渭源县',621100,1,'2018-05-14 16:44:40'),(621124,'临洮县',621100,1,'2018-05-14 16:44:40'),(621125,'漳县',621100,1,'2018-05-14 16:44:40'),(621126,'岷县',621100,1,'2018-05-14 16:44:40'),(621201,'市辖区',621200,1,'2018-05-14 16:44:40'),(621202,'武都区',621200,1,'2018-05-14 16:44:40'),(621221,'成县',621200,1,'2018-05-14 16:44:40'),(621222,'文县',621200,1,'2018-05-14 16:44:40'),(621223,'宕昌县',621200,1,'2018-05-14 16:44:40'),(621224,'康县',621200,1,'2018-05-14 16:44:40'),(621225,'西和县',621200,1,'2018-05-14 16:44:40'),(621226,'礼县',621200,1,'2018-05-14 16:44:40'),(621227,'徽县',621200,1,'2018-05-14 16:44:40'),(621228,'两当县',621200,1,'2018-05-14 16:44:40'),(622901,'临夏市',622900,1,'2018-05-14 16:44:40'),(622921,'临夏县',622900,1,'2018-05-14 16:44:40'),(622922,'康乐县',622900,1,'2018-05-14 16:44:40'),(622923,'永靖县',622900,1,'2018-05-14 16:44:40'),(622924,'广河县',622900,1,'2018-05-14 16:44:41'),(622925,'和政县',622900,1,'2018-05-14 16:44:41'),(622926,'东乡族自治县',622900,1,'2018-05-14 16:44:41'),(622927,'积石山保安族东乡族撒拉族自治县',622900,1,'2018-05-14 16:44:41'),(623001,'合作市',623000,1,'2018-05-14 16:44:41'),(623021,'临潭县',623000,1,'2018-05-14 16:44:41'),(623022,'卓尼县',623000,1,'2018-05-14 16:44:41'),(623023,'舟曲县',623000,1,'2018-05-14 16:44:41'),(623024,'迭部县',623000,1,'2018-05-14 16:44:41'),(623025,'玛曲县',623000,1,'2018-05-14 16:44:41'),(623026,'碌曲县',623000,1,'2018-05-14 16:44:41'),(623027,'夏河县',623000,1,'2018-05-14 16:44:41'),(630101,'市辖区',630100,1,'2018-05-14 16:44:41'),(630102,'城东区',630100,1,'2018-05-14 16:44:41'),(630103,'城中区',630100,1,'2018-05-14 16:44:41'),(630104,'城西区',630100,1,'2018-05-14 16:44:41'),(630105,'城北区',630100,1,'2018-05-14 16:44:41'),(630121,'大通回族土族自治县',630100,1,'2018-05-14 16:44:41'),(630122,'湟中县',630100,1,'2018-05-14 16:44:41'),(630123,'湟源县',630100,1,'2018-05-14 16:44:41'),(630202,'乐都区',630200,1,'2018-05-14 16:44:41'),(630203,'平安区',630200,1,'2018-05-14 16:44:41'),(630222,'民和回族土族自治县',630200,1,'2018-05-14 16:44:41'),(630223,'互助土族自治县',630200,1,'2018-05-14 16:44:41'),(630224,'化隆回族自治县',630200,1,'2018-05-14 16:44:41'),(630225,'循化撒拉族自治县',630200,1,'2018-05-14 16:44:41'),(632221,'门源回族自治县',632200,1,'2018-05-14 16:44:41'),(632222,'祁连县',632200,1,'2018-05-14 16:44:41'),(632223,'海晏县',632200,1,'2018-05-14 16:44:41'),(632224,'刚察县',632200,1,'2018-05-14 16:44:41'),(632321,'同仁县',632300,1,'2018-05-14 16:44:41'),(632322,'尖扎县',632300,1,'2018-05-14 16:44:41'),(632323,'泽库县',632300,1,'2018-05-14 16:44:41'),(632324,'河南蒙古族自治县',632300,1,'2018-05-14 16:44:41'),(632521,'共和县',632500,1,'2018-05-14 16:44:41'),(632522,'同德县',632500,1,'2018-05-14 16:44:41'),(632523,'贵德县',632500,1,'2018-05-14 16:44:41'),(632524,'兴海县',632500,1,'2018-05-14 16:44:41'),(632525,'贵南县',632500,1,'2018-05-14 16:44:41'),(632621,'玛沁县',632600,1,'2018-05-14 16:44:41'),(632622,'班玛县',632600,1,'2018-05-14 16:44:41'),(632623,'甘德县',632600,1,'2018-05-14 16:44:41'),(632624,'达日县',632600,1,'2018-05-14 16:44:41'),(632625,'久治县',632600,1,'2018-05-14 16:44:41'),(632626,'玛多县',632600,1,'2018-05-14 16:44:41'),(632701,'玉树市',632700,1,'2018-05-14 16:44:41'),(632722,'杂多县',632700,1,'2018-05-14 16:44:41'),(632723,'称多县',632700,1,'2018-05-14 16:44:41'),(632724,'治多县',632700,1,'2018-05-14 16:44:41'),(632725,'囊谦县',632700,1,'2018-05-14 16:44:41'),(632726,'曲麻莱县',632700,1,'2018-05-14 16:44:41'),(632801,'格尔木市',632800,1,'2018-05-14 16:44:41'),(632802,'德令哈市',632800,1,'2018-05-14 16:44:41'),(632821,'乌兰县',632800,1,'2018-05-14 16:44:41'),(632822,'都兰县',632800,1,'2018-05-14 16:44:41'),(632823,'天峻县',632800,1,'2018-05-14 16:44:41'),(640101,'市辖区',640100,1,'2018-05-14 16:44:42'),(640104,'兴庆区',640100,1,'2018-05-14 16:44:42'),(640105,'西夏区',640100,1,'2018-05-14 16:44:42'),(640106,'金凤区',640100,1,'2018-05-14 16:44:42'),(640121,'永宁县',640100,1,'2018-05-14 16:44:42'),(640122,'贺兰县',640100,1,'2018-05-14 16:44:42'),(640181,'灵武市',640100,1,'2018-05-14 16:44:42'),(640201,'市辖区',640200,1,'2018-05-14 16:44:42'),(640202,'大武口区',640200,1,'2018-05-14 16:44:42'),(640205,'惠农区',640200,1,'2018-05-14 16:44:42'),(640221,'平罗县',640200,1,'2018-05-14 16:44:42'),(640301,'市辖区',640300,1,'2018-05-14 16:44:42'),(640302,'利通区',640300,1,'2018-05-14 16:44:42'),(640303,'红寺堡区',640300,1,'2018-05-14 16:44:42'),(640323,'盐池县',640300,1,'2018-05-14 16:44:42'),(640324,'同心县',640300,1,'2018-05-14 16:44:42'),(640381,'青铜峡市',640300,1,'2018-05-14 16:44:42'),(640401,'市辖区',640400,1,'2018-05-14 16:44:42'),(640402,'原州区',640400,1,'2018-05-14 16:44:42'),(640422,'西吉县',640400,1,'2018-05-14 16:44:42'),(640423,'隆德县',640400,1,'2018-05-14 16:44:42'),(640424,'泾源县',640400,1,'2018-05-14 16:44:42'),(640425,'彭阳县',640400,1,'2018-05-14 16:44:42'),(640501,'市辖区',640500,1,'2018-05-14 16:44:42'),(640502,'沙坡头区',640500,1,'2018-05-14 16:44:42'),(640521,'中宁县',640500,1,'2018-05-14 16:44:42'),(640522,'海原县',640500,1,'2018-05-14 16:44:42'),(650101,'市辖区',650100,1,'2018-05-14 16:44:42'),(650102,'天山区',650100,1,'2018-05-14 16:44:42'),(650103,'沙依巴克区',650100,1,'2018-05-14 16:44:42'),(650104,'新市区',650100,1,'2018-05-14 16:44:42'),(650105,'水磨沟区',650100,1,'2018-05-14 16:44:42'),(650106,'头屯河区',650100,1,'2018-05-14 16:44:42'),(650107,'达坂城区',650100,1,'2018-05-14 16:44:42'),(650109,'米东区',650100,1,'2018-05-14 16:44:42'),(650121,'乌鲁木齐县',650100,1,'2018-05-14 16:44:42'),(650201,'市辖区',650200,1,'2018-05-14 16:44:42'),(650202,'独山子区',650200,1,'2018-05-14 16:44:42'),(650203,'克拉玛依区',650200,1,'2018-05-14 16:44:42'),(650204,'白碱滩区',650200,1,'2018-05-14 16:44:42'),(650205,'乌尔禾区',650200,1,'2018-05-14 16:44:42'),(650402,'高昌区',650400,1,'2018-05-14 16:44:42'),(650421,'鄯善县',650400,1,'2018-05-14 16:44:42'),(650422,'托克逊县',650400,1,'2018-05-14 16:44:42'),(650502,'伊州区',650500,1,'2018-05-14 16:44:42'),(650521,'巴里坤哈萨克自治县',650500,1,'2018-05-14 16:44:42'),(650522,'伊吾县',650500,1,'2018-05-14 16:44:42'),(652301,'昌吉市',652300,1,'2018-05-14 16:44:42'),(652302,'阜康市',652300,1,'2018-05-14 16:44:42'),(652323,'呼图壁县',652300,1,'2018-05-14 16:44:42'),(652324,'玛纳斯县',652300,1,'2018-05-14 16:44:42'),(652325,'奇台县',652300,1,'2018-05-14 16:44:42'),(652327,'吉木萨尔县',652300,1,'2018-05-14 16:44:42'),(652328,'木垒哈萨克自治县',652300,1,'2018-05-14 16:44:42'),(652701,'博乐市',652700,1,'2018-05-14 16:44:42'),(652702,'阿拉山口市',652700,1,'2018-05-14 16:44:42'),(652722,'精河县',652700,1,'2018-05-14 16:44:42'),(652723,'温泉县',652700,1,'2018-05-14 16:44:42'),(652801,'库尔勒市',652800,1,'2018-05-14 16:44:42'),(652822,'轮台县',652800,1,'2018-05-14 16:44:43'),(652823,'尉犁县',652800,1,'2018-05-14 16:44:43'),(652824,'若羌县',652800,1,'2018-05-14 16:44:43'),(652825,'且末县',652800,1,'2018-05-14 16:44:43'),(652826,'焉耆回族自治县',652800,1,'2018-05-14 16:44:43'),(652827,'和静县',652800,1,'2018-05-14 16:44:43'),(652828,'和硕县',652800,1,'2018-05-14 16:44:43'),(652829,'博湖县',652800,1,'2018-05-14 16:44:43'),(652901,'阿克苏市',652900,1,'2018-05-14 16:44:43'),(652922,'温宿县',652900,1,'2018-05-14 16:44:43'),(652923,'库车县',652900,1,'2018-05-14 16:44:43'),(652924,'沙雅县',652900,1,'2018-05-14 16:44:43'),(652925,'新和县',652900,1,'2018-05-14 16:44:43'),(652926,'拜城县',652900,1,'2018-05-14 16:44:43'),(652927,'乌什县',652900,1,'2018-05-14 16:44:43'),(652928,'阿瓦提县',652900,1,'2018-05-14 16:44:43'),(652929,'柯坪县',652900,1,'2018-05-14 16:44:43'),(653001,'阿图什市',653000,1,'2018-05-14 16:44:43'),(653022,'阿克陶县',653000,1,'2018-05-14 16:44:43'),(653023,'阿合奇县',653000,1,'2018-05-14 16:44:43'),(653024,'乌恰县',653000,1,'2018-05-14 16:44:43'),(653101,'喀什市',653100,1,'2018-05-14 16:44:43'),(653121,'疏附县',653100,1,'2018-05-14 16:44:43'),(653122,'疏勒县',653100,1,'2018-05-14 16:44:43'),(653123,'英吉沙县',653100,1,'2018-05-14 16:44:43'),(653124,'泽普县',653100,1,'2018-05-14 16:44:43'),(653125,'莎车县',653100,1,'2018-05-14 16:44:43'),(653126,'叶城县',653100,1,'2018-05-14 16:44:43'),(653127,'麦盖提县',653100,1,'2018-05-14 16:44:43'),(653128,'岳普湖县',653100,1,'2018-05-14 16:44:43'),(653129,'伽师县',653100,1,'2018-05-14 16:44:43'),(653130,'巴楚县',653100,1,'2018-05-14 16:44:43'),(653131,'塔什库尔干塔吉克自治县',653100,1,'2018-05-14 16:44:43'),(653201,'和田市',653200,1,'2018-05-14 16:44:43'),(653221,'和田县',653200,1,'2018-05-14 16:44:43'),(653222,'墨玉县',653200,1,'2018-05-14 16:44:43'),(653223,'皮山县',653200,1,'2018-05-14 16:44:43'),(653224,'洛浦县',653200,1,'2018-05-14 16:44:43'),(653225,'策勒县',653200,1,'2018-05-14 16:44:43'),(653226,'于田县',653200,1,'2018-05-14 16:44:43'),(653227,'民丰县',653200,1,'2018-05-14 16:44:43'),(654002,'伊宁市',654000,1,'2018-05-14 16:44:43'),(654003,'奎屯市',654000,1,'2018-05-14 16:44:43'),(654004,'霍尔果斯市',654000,1,'2018-05-14 16:44:43'),(654021,'伊宁县',654000,1,'2018-05-14 16:44:43'),(654022,'察布查尔锡伯自治县',654000,1,'2018-05-14 16:44:43'),(654023,'霍城县',654000,1,'2018-05-14 16:44:43'),(654024,'巩留县',654000,1,'2018-05-14 16:44:43'),(654025,'新源县',654000,1,'2018-05-14 16:44:43'),(654026,'昭苏县',654000,1,'2018-05-14 16:44:43'),(654027,'特克斯县',654000,1,'2018-05-14 16:44:43'),(654028,'尼勒克县',654000,1,'2018-05-14 16:44:43'),(654201,'塔城市',654200,1,'2018-05-14 16:44:43'),(654202,'乌苏市',654200,1,'2018-05-14 16:44:43'),(654221,'额敏县',654200,1,'2018-05-14 16:44:44'),(654223,'沙湾县',654200,1,'2018-05-14 16:44:44'),(654224,'托里县',654200,1,'2018-05-14 16:44:44'),(654225,'裕民县',654200,1,'2018-05-14 16:44:44'),(654226,'和布克赛尔蒙古自治县',654200,1,'2018-05-14 16:44:44'),(654301,'阿勒泰市',654300,1,'2018-05-14 16:44:44'),(654321,'布尔津县',654300,1,'2018-05-14 16:44:44'),(654322,'富蕴县',654300,1,'2018-05-14 16:44:44'),(654323,'福海县',654300,1,'2018-05-14 16:44:44'),(654324,'哈巴河县',654300,1,'2018-05-14 16:44:44'),(654325,'青河县',654300,1,'2018-05-14 16:44:44'),(654326,'吉木乃县',654300,1,'2018-05-14 16:44:44'),(659001,'石河子市',659000,1,'2018-05-14 16:44:44'),(659002,'阿拉尔市',659000,1,'2018-05-14 16:44:44'),(659003,'图木舒克市',659000,1,'2018-05-14 16:44:44'),(659004,'五家渠市',659000,1,'2018-05-14 16:44:44'),(659006,'铁门关市',659000,1,'2018-05-14 16:44:44');

/*Table structure for table `fixture_data_participatory` */

DROP TABLE IF EXISTS `fixture_data_participatory`;

CREATE TABLE `fixture_data_participatory` (
  `id` int(11) NOT NULL AUTO_INCREMENT,
  `name` varchar(255) DEFAULT NULL COMMENT '名称',
  `content` text COMMENT '描述',
  `status` tinyint(1) DEFAULT '1' COMMENT '状态 默认1 ，1启用 0禁用',
  `created_at` datetime DEFAULT NULL COMMENT '创建时间',
  PRIMARY KEY (`id`)
) ENGINE=MyISAM AUTO_INCREMENT=4 DEFAULT CHARSET=utf8 COMMENT='数据源 - 活动参与方式';

/*Data for the table `fixture_data_participatory` */

insert  into `fixture_data_participatory`(`id`,`name`,`content`,`status`,`created_at`) values (1,'快速报价','房型+电话+内容',1,'2018-03-19 16:41:17'),(2,'在线咨询','电话+内容',1,'2018-03-19 16:41:17'),(3,'预约量房','电话+内容',1,'2018-03-19 16:41:17');

/*Table structure for table `fixture_data_position` */

DROP TABLE IF EXISTS `fixture_data_position`;

CREATE TABLE `fixture_data_position` (
  `id` int(11) NOT NULL AUTO_INCREMENT,
  `name` varchar(255) DEFAULT NULL COMMENT '名称',
  `status` tinyint(1) DEFAULT '1' COMMENT '状态 默认1 ，1启用 0禁用',
  `companyid` int(11) DEFAULT NULL COMMENT '公司id',
  `created_at` datetime DEFAULT NULL COMMENT '创建时间',
  `updated_at` date DEFAULT NULL COMMENT '修改时间',
  PRIMARY KEY (`id`)
) ENGINE=MyISAM AUTO_INCREMENT=160 DEFAULT CHARSET=utf8 COMMENT='数据源 - 职位';

/*Data for the table `fixture_data_position` */

insert  into `fixture_data_position`(`id`,`name`,`status`,`companyid`,`created_at`,`updated_at`) values (27,'钉钉',1,12,'2018-06-05 15:56:38',NULL),(28,'付费',1,12,'2018-06-05 15:56:41',NULL),(6,'项目经理',1,18,'2018-06-05 15:38:10','2018-06-05'),(7,'家装顾问',1,18,'2018-06-05 15:38:10','2018-06-05'),(8,'项目监理',1,18,'2018-06-05 15:38:10','2018-06-05'),(9,'设计师',1,18,'2018-06-05 15:38:10','2018-06-05'),(10,'营销主管',1,18,'2018-06-05 15:38:10','2018-06-05'),(11,'设计师主管',1,18,'2018-06-05 15:38:10','2018-06-05'),(12,'客服主管',1,18,'2018-06-05 15:38:10','2018-06-05'),(13,'资深设计师',1,18,'2018-06-05 15:38:10','2018-06-05'),(14,'工长',1,18,'2018-06-05 15:38:10','2018-06-05'),(15,'水电工',1,18,'2018-06-05 15:38:10','2018-06-05'),(16,'设计总监',1,18,'2018-06-05 15:38:10','2018-06-05'),(17,'油漆工',1,18,'2018-06-05 15:38:10','2018-06-05'),(18,'客服',1,18,'2018-06-05 15:38:10','2018-06-05'),(19,'泥工',1,18,'2018-06-05 15:38:10','2018-06-05'),(20,'木工',1,18,'2018-06-05 15:38:10','2018-06-05'),(21,'总经理',1,18,'2018-06-05 15:38:10','2018-06-05'),(22,'瓦工',1,18,'2018-06-05 15:38:10','2018-06-05'),(23,'质量总监',1,18,'2018-06-05 15:38:10','2018-06-05'),(24,'董事长',1,18,'2018-06-05 15:38:10','2018-06-05'),(25,'区域经理',1,18,'2018-06-05 15:38:10','2018-06-05'),(26,'工程总监',1,18,'2018-06-05 15:38:10','2018-06-05'),(53,'项目经理',1,19,'2018-06-06 15:01:01','2018-06-06'),(54,'家装顾问',1,19,'2018-06-06 15:01:01','2018-06-06'),(55,'项目监理',1,19,'2018-06-06 15:01:01','2018-06-06'),(56,'设计师',1,19,'2018-06-06 15:01:01','2018-06-06'),(57,'营销主管',1,19,'2018-06-06 15:01:01','2018-06-06'),(58,'设计师主管',1,19,'2018-06-06 15:01:01','2018-06-06'),(59,'客服主管',1,19,'2018-06-06 15:01:01','2018-06-06'),(60,'资深设计师',1,19,'2018-06-06 15:01:01','2018-06-06'),(61,'工长',1,19,'2018-06-06 15:01:01','2018-06-06'),(62,'水电工',1,19,'2018-06-06 15:01:01','2018-06-06'),(63,'设计总监',1,19,'2018-06-06 15:01:01','2018-06-06'),(64,'油漆工',1,19,'2018-06-06 15:01:01','2018-06-06'),(65,'客服',1,19,'2018-06-06 15:01:01','2018-06-06'),(66,'泥工',1,19,'2018-06-06 15:01:01','2018-06-06'),(67,'木工',1,19,'2018-06-06 15:01:01','2018-06-06'),(68,'总经理',1,19,'2018-06-06 15:01:01','2018-06-06'),(69,'瓦工',1,19,'2018-06-06 15:01:01','2018-06-06'),(70,'质量总监',1,19,'2018-06-06 15:01:01','2018-06-06'),(71,'董事长',1,19,'2018-06-06 15:01:01','2018-06-06'),(72,'区域经理',1,19,'2018-06-06 15:01:01','2018-06-06'),(73,'工程总监',1,19,'2018-06-06 15:01:01','2018-06-06'),(74,'项目经理',1,20,'2018-06-06 15:11:09','2018-06-06'),(75,'家装顾问',1,20,'2018-06-06 15:11:09','2018-06-06'),(76,'项目监理',1,20,'2018-06-06 15:11:09','2018-06-06'),(77,'设计师',1,20,'2018-06-06 15:11:09','2018-06-06'),(78,'营销主管',1,20,'2018-06-06 15:11:09','2018-06-06'),(79,'设计师主管',1,20,'2018-06-06 15:11:09','2018-06-06'),(80,'客服主管',1,20,'2018-06-06 15:11:09','2018-06-06'),(81,'资深设计师',1,20,'2018-06-06 15:11:09','2018-06-06'),(82,'工长',1,20,'2018-06-06 15:11:09','2018-06-06'),(83,'水电工',1,20,'2018-06-06 15:11:09','2018-06-06'),(84,'设计总监',1,20,'2018-06-06 15:11:09','2018-06-06'),(85,'油漆工',1,20,'2018-06-06 15:11:09','2018-06-06'),(86,'客服',1,20,'2018-06-06 15:11:09','2018-06-06'),(87,'泥工',1,20,'2018-06-06 15:11:09','2018-06-06'),(88,'木工',1,20,'2018-06-06 15:11:09','2018-06-06'),(89,'总经理',1,20,'2018-06-06 15:11:09','2018-06-06'),(90,'瓦工',1,20,'2018-06-06 15:11:09','2018-06-06'),(91,'质量总监',1,20,'2018-06-06 15:11:09','2018-06-06'),(92,'董事长',1,20,'2018-06-06 15:11:09','2018-06-06'),(93,'区域经理',1,20,'2018-06-06 15:11:09','2018-06-06'),(94,'工程总监',1,20,'2018-06-06 15:11:09','2018-06-06'),(95,'项目经理',1,21,'2018-06-06 15:19:30','2018-06-06'),(96,'家装顾问',1,21,'2018-06-06 15:19:30','2018-06-06'),(97,'项目监理',1,21,'2018-06-06 15:19:30','2018-06-06'),(98,'设计师',1,21,'2018-06-06 15:19:30','2018-06-06'),(99,'营销主管',1,21,'2018-06-06 15:19:30','2018-06-06'),(100,'设计师主管',1,21,'2018-06-06 15:19:30','2018-06-06'),(101,'客服主管',1,21,'2018-06-06 15:19:30','2018-06-06'),(102,'资深设计师',1,21,'2018-06-06 15:19:30','2018-06-06'),(103,'工长',1,21,'2018-06-06 15:19:30','2018-06-06'),(104,'水电工',1,21,'2018-06-06 15:19:30','2018-06-06'),(105,'设计总监',1,21,'2018-06-06 15:19:30','2018-06-06'),(106,'油漆工',1,21,'2018-06-06 15:19:30','2018-06-06'),(107,'客服',1,21,'2018-06-06 15:19:30','2018-06-06'),(108,'泥工',1,21,'2018-06-06 15:19:30','2018-06-06'),(109,'木工',1,21,'2018-06-06 15:19:30','2018-06-06'),(110,'总经理',1,21,'2018-06-06 15:19:30','2018-06-06'),(111,'瓦工',1,21,'2018-06-06 15:19:30','2018-06-06'),(112,'质量总监',1,21,'2018-06-06 15:19:30','2018-06-06'),(113,'董事长',1,21,'2018-06-06 15:19:30','2018-06-06'),(114,'区域经理',1,21,'2018-06-06 15:19:30','2018-06-06'),(115,'工程总监',1,21,'2018-06-06 15:19:30','2018-06-06'),(116,'管理员',1,22,'2018-06-06 15:49:42','2018-06-06'),(117,'项目经理',1,22,'2018-06-06 15:49:42','2018-06-06'),(118,'家装顾问',1,22,'2018-06-06 15:49:42','2018-06-06'),(119,'项目监理',1,22,'2018-06-06 15:49:42','2018-06-06'),(120,'设计师',1,22,'2018-06-06 15:49:42','2018-06-06'),(121,'营销主管',1,22,'2018-06-06 15:49:42','2018-06-06'),(122,'设计师主管',1,22,'2018-06-06 15:49:42','2018-06-06'),(123,'客服主管',1,22,'2018-06-06 15:49:42','2018-06-06'),(124,'资深设计师',1,22,'2018-06-06 15:49:42','2018-06-06'),(125,'工长',1,22,'2018-06-06 15:49:42','2018-06-06'),(126,'水电工',1,22,'2018-06-06 15:49:42','2018-06-06'),(127,'设计总监',1,22,'2018-06-06 15:49:42','2018-06-06'),(128,'油漆工',1,22,'2018-06-06 15:49:42','2018-06-06'),(129,'客服',1,22,'2018-06-06 15:49:42','2018-06-06'),(130,'泥工',1,22,'2018-06-06 15:49:42','2018-06-06'),(131,'木工',1,22,'2018-06-06 15:49:42','2018-06-06'),(132,'总经理',1,22,'2018-06-06 15:49:42','2018-06-06'),(133,'瓦工',1,22,'2018-06-06 15:49:42','2018-06-06'),(134,'质量总监',1,22,'2018-06-06 15:49:42','2018-06-06'),(135,'董事长',1,22,'2018-06-06 15:49:42','2018-06-06'),(136,'区域经理',1,22,'2018-06-06 15:49:42','2018-06-06'),(137,'工程总监',1,22,'2018-06-06 15:49:42','2018-06-06'),(138,'管理员',1,23,'2018-06-09 09:25:34','2018-06-09'),(139,'项目经理',1,23,'2018-06-09 09:25:34','2018-06-09'),(140,'家装顾问',1,23,'2018-06-09 09:25:34','2018-06-09'),(141,'项目监理',1,23,'2018-06-09 09:25:34','2018-06-09'),(142,'设计师',1,23,'2018-06-09 09:25:34','2018-06-09'),(143,'营销主管',1,23,'2018-06-09 09:25:34','2018-06-09'),(144,'设计师主管',1,23,'2018-06-09 09:25:34','2018-06-09'),(145,'客服主管',1,23,'2018-06-09 09:25:34','2018-06-09'),(146,'资深设计师',1,23,'2018-06-09 09:25:34','2018-06-09'),(147,'工长',1,23,'2018-06-09 09:25:34','2018-06-09'),(148,'水电工',1,23,'2018-06-09 09:25:34','2018-06-09'),(149,'设计总监',1,23,'2018-06-09 09:25:34','2018-06-09'),(150,'油漆工',1,23,'2018-06-09 09:25:34','2018-06-09'),(151,'客服',1,23,'2018-06-09 09:25:34','2018-06-09'),(152,'泥工',1,23,'2018-06-09 09:25:34','2018-06-09'),(153,'木工',1,23,'2018-06-09 09:25:34','2018-06-09'),(154,'总经理',1,23,'2018-06-09 09:25:34','2018-06-09'),(155,'瓦工',1,23,'2018-06-09 09:25:34','2018-06-09'),(156,'质量总监',1,23,'2018-06-09 09:25:34','2018-06-09'),(157,'董事长',1,23,'2018-06-09 09:25:34','2018-06-09'),(158,'区域经理',1,23,'2018-06-09 09:25:34','2018-06-09'),(159,'工程总监',1,23,'2018-06-09 09:25:34','2018-06-09');

/*Table structure for table `fixture_data_prize_level` */

DROP TABLE IF EXISTS `fixture_data_prize_level`;

CREATE TABLE `fixture_data_prize_level` (
  `id` int(11) NOT NULL AUTO_INCREMENT COMMENT '主键id',
  `name` varchar(100) COLLATE utf8mb4_unicode_ci DEFAULT NULL,
  `status` tinyint(1) DEFAULT NULL COMMENT '状态  1显示 0不显示',
  `created_at` datetime DEFAULT NULL COMMENT '创建时间',
  `updated_at` datetime DEFAULT NULL COMMENT '修改时间',
  PRIMARY KEY (`id`)
) ENGINE=MyISAM AUTO_INCREMENT=11 DEFAULT CHARSET=utf8mb4 COLLATE=utf8mb4_unicode_ci COMMENT='抽奖活动奖项等级';

/*Data for the table `fixture_data_prize_level` */

insert  into `fixture_data_prize_level`(`id`,`name`,`status`,`created_at`,`updated_at`) values (1,'谢谢参与',1,'2018-05-18 16:28:45',NULL),(2,'一等奖',1,'2018-05-18 16:28:47',NULL),(3,'二等奖',1,'2018-05-18 16:28:50',NULL),(4,'三等奖',1,'2018-05-18 16:28:52',NULL),(5,'四等奖',1,'2018-05-18 16:28:55',NULL),(6,'五等奖',1,'2018-05-18 16:28:57',NULL),(7,'六等奖',1,'2018-05-18 16:28:59',NULL),(8,'七等奖',1,'2018-05-18 16:29:01',NULL),(9,'八等奖',0,'2018-05-18 16:29:04',NULL);

/*Table structure for table `fixture_data_province` */

DROP TABLE IF EXISTS `fixture_data_province`;

CREATE TABLE `fixture_data_province` (
  `id` int(11) NOT NULL AUTO_INCREMENT,
  `name` varchar(255) DEFAULT NULL COMMENT '名称',
  `status` tinyint(1) DEFAULT '1' COMMENT '状态 默认1 ，1启用 0禁用',
  `created_at` datetime DEFAULT NULL COMMENT '创建时间',
  PRIMARY KEY (`id`)
) ENGINE=InnoDB AUTO_INCREMENT=820001 DEFAULT CHARSET=utf8 COMMENT='数据源 - 省份';

/*Data for the table `fixture_data_province` */

insert  into `fixture_data_province`(`id`,`name`,`status`,`created_at`) values (110000,'北京市',1,'2018-05-14 16:43:50'),(120000,'天津市',1,'2018-05-14 16:43:51'),(130000,'河北省',1,'2018-05-14 16:43:51'),(140000,'山西省',1,'2018-05-14 16:43:54'),(150000,'内蒙古自治区',1,'2018-05-14 16:43:56'),(210000,'辽宁省',1,'2018-05-14 16:43:58'),(220000,'吉林省',1,'2018-05-14 16:44:00'),(230000,'黑龙江省',1,'2018-05-14 16:44:01'),(310000,'上海市',1,'2018-05-14 16:44:04'),(320000,'江苏省',1,'2018-05-14 16:44:04'),(330000,'浙江省',1,'2018-05-14 16:44:06'),(340000,'安徽省',1,'2018-05-14 16:44:07'),(350000,'福建省',1,'2018-05-14 16:44:09'),(360000,'江西省',1,'2018-05-14 16:44:11'),(370000,'山东省',1,'2018-05-14 16:44:13'),(410000,'河南省',1,'2018-05-14 16:44:16'),(420000,'湖北省',1,'2018-05-14 16:44:19'),(430000,'湖南省',1,'2018-05-14 16:44:21'),(440000,'广东省',1,'2018-05-14 16:44:23'),(450000,'广西壮族自治区',1,'2018-05-14 16:44:26'),(460000,'海南省',1,'2018-05-14 16:44:28'),(500000,'重庆市',1,'2018-05-14 16:44:28'),(510000,'四川省',1,'2018-05-14 16:44:29'),(520000,'贵州省',1,'2018-05-14 16:44:32'),(530000,'云南省',1,'2018-05-14 16:44:34'),(540000,'西藏自治区',1,'2018-05-14 16:44:36'),(610000,'陕西省',1,'2018-05-14 16:44:37'),(620000,'甘肃省',1,'2018-05-14 16:44:39'),(630000,'青海省',1,'2018-05-14 16:44:41'),(640000,'宁夏回族自治区',1,'2018-05-14 16:44:42'),(650000,'新疆维吾尔自治区',1,'2018-05-14 16:44:42'),(710000,'台湾省',1,'2018-05-14 16:44:44'),(810000,'香港特别行政区',1,'2018-05-14 16:44:44'),(820000,'澳门特别行政区',1,'2018-05-14 16:44:44');

/*Table structure for table `fixture_data_renovationmode` */

DROP TABLE IF EXISTS `fixture_data_renovationmode`;

CREATE TABLE `fixture_data_renovationmode` (
  `id` int(11) NOT NULL AUTO_INCREMENT,
  `name` varchar(255) DEFAULT NULL COMMENT '名称',
  `status` tinyint(1) DEFAULT '1' COMMENT '状态 默认1 ，1启用 0禁用',
  `companyid` int(11) DEFAULT NULL COMMENT '公司id',
  `created_at` datetime DEFAULT NULL COMMENT '创建时间',
  `updated_at` datetime DEFAULT NULL COMMENT '修改时间',
  PRIMARY KEY (`id`)
) ENGINE=MyISAM AUTO_INCREMENT=116 DEFAULT CHARSET=utf8 COMMENT='数据源 - 装修方式';

/*Data for the table `fixture_data_renovationmode` */

insert  into `fixture_data_renovationmode`(`id`,`name`,`status`,`companyid`,`created_at`,`updated_at`) values (1,'清包',1,1,'2018-03-19 16:39:43',NULL),(2,'半包',1,1,'2018-03-19 16:39:43',NULL),(3,'全包',1,1,'2018-03-19 16:39:43',NULL),(4,'拎包入住',1,1,'2018-03-19 16:39:43',NULL),(5,'整装',1,1,'2018-03-19 16:39:43',NULL),(6,'清包679',1,2,'2018-05-16 13:08:30','2018-05-16 13:58:43'),(7,'清包',1,2,'2018-05-16 13:08:33','2018-06-04 13:05:37'),(8,'全包',1,2,'2018-05-16 13:08:33',NULL),(9,'拎包入住',1,2,'2018-05-16 13:08:33',NULL),(11,'清包',1,3,'2018-05-16 13:08:33',NULL),(12,'半包',1,3,'2018-05-16 13:08:33',NULL),(25,'清包',1,7,'2018-05-16 19:11:56','2018-05-16 19:11:56'),(13,'全包',1,3,'2018-05-16 13:08:33',NULL),(14,'拎包入住',1,3,'2018-05-16 13:08:33',NULL),(15,'整装',1,3,'2018-05-16 13:08:33',NULL),(28,'拎包入住',1,7,'2018-05-16 19:11:56','2018-05-16 19:11:56'),(29,'整装',1,7,'2018-05-16 19:11:56','2018-05-16 19:11:56'),(26,'半包',1,7,'2018-05-16 19:11:56','2018-05-16 19:11:56'),(27,'全包',1,7,'2018-05-16 19:11:56','2018-05-16 19:11:56'),(30,'清包',1,8,'2018-05-23 18:04:28','2018-05-23 18:04:28'),(31,'半包',1,8,'2018-05-23 18:04:28','2018-05-23 18:04:28'),(32,'全包',1,8,'2018-05-23 18:04:28','2018-05-23 18:04:28'),(33,'拎包入住',1,8,'2018-05-23 18:04:28','2018-05-23 18:04:28'),(34,'整装',1,8,'2018-05-23 18:04:28','2018-05-23 18:04:28'),(35,'清包',1,9,'2018-05-24 10:01:39','2018-05-24 10:01:39'),(36,'半包',1,9,'2018-05-24 10:01:39','2018-05-24 10:01:39'),(37,'全包',1,9,'2018-05-24 10:01:39','2018-05-24 10:01:39'),(38,'拎包入住',1,9,'2018-05-24 10:01:39','2018-05-24 10:01:39'),(39,'整装',1,9,'2018-05-24 10:01:39','2018-05-24 10:01:39'),(40,'套餐',1,9,'2018-05-24 11:51:13',NULL),(41,'其他',1,9,'2018-05-24 11:51:18',NULL),(56,'清包',1,12,'2018-06-05 09:27:35','2018-06-05 09:27:35'),(43,'半包',1,9,'2018-05-24 11:51:48',NULL),(45,'ggggg',1,9,'2018-05-30 16:14:46',NULL),(46,'清包',1,10,'2018-06-02 10:58:42','2018-06-02 10:58:42'),(47,'半包',1,10,'2018-06-02 10:58:42','2018-06-02 10:58:42'),(48,'全包',1,10,'2018-06-02 10:58:42','2018-06-02 10:58:42'),(49,'拎包入住',1,10,'2018-06-02 10:58:42','2018-06-02 10:58:42'),(50,'整装',1,10,'2018-06-02 10:58:42','2018-06-02 10:58:42'),(51,'清包',1,11,'2018-06-04 12:47:19','2018-06-04 12:47:19'),(52,'半包',1,11,'2018-06-04 12:47:19','2018-06-04 12:47:19'),(53,'全包',1,11,'2018-06-04 12:47:19','2018-06-04 12:47:19'),(54,'拎包入住',1,11,'2018-06-04 12:47:19','2018-06-04 12:47:19'),(55,'整装',1,11,'2018-06-04 12:47:19','2018-06-04 12:47:19'),(57,'半包',1,12,'2018-06-05 09:27:35','2018-06-05 09:27:35'),(58,'全包',1,12,'2018-06-05 09:27:35','2018-06-05 09:27:35'),(59,'拎包入住',1,12,'2018-06-05 09:27:35','2018-06-05 09:27:35'),(60,'整装',1,12,'2018-06-05 09:27:35','2018-06-05 09:27:35'),(61,'清包',1,13,'2018-06-05 12:26:04','2018-06-05 12:26:04'),(62,'半包',1,13,'2018-06-05 12:26:04','2018-06-05 12:26:04'),(63,'全包',1,13,'2018-06-05 12:26:04','2018-06-05 12:26:04'),(64,'拎包入住',1,13,'2018-06-05 12:26:04','2018-06-05 12:26:04'),(65,'整装',1,13,'2018-06-05 12:26:04','2018-06-05 12:26:04'),(66,'清包',1,14,'2018-06-05 12:35:09','2018-06-05 12:35:09'),(67,'半包',1,14,'2018-06-05 12:35:09','2018-06-05 12:35:09'),(68,'全包',1,14,'2018-06-05 12:35:09','2018-06-05 12:35:09'),(69,'拎包入住',1,14,'2018-06-05 12:35:09','2018-06-05 12:35:09'),(70,'整装',1,14,'2018-06-05 12:35:09','2018-06-05 12:35:09'),(71,'清包',1,15,'2018-06-05 13:05:17','2018-06-05 13:05:17'),(72,'半包',1,15,'2018-06-05 13:05:17','2018-06-05 13:05:17'),(73,'全包',1,15,'2018-06-05 13:05:17','2018-06-05 13:05:17'),(74,'拎包入住',1,15,'2018-06-05 13:05:17','2018-06-05 13:05:17'),(75,'整装',1,15,'2018-06-05 13:05:17','2018-06-05 13:05:17'),(76,'清包',1,16,'2018-06-05 13:14:13','2018-06-05 13:14:13'),(77,'半包',1,16,'2018-06-05 13:14:13','2018-06-05 13:14:13'),(78,'全包',1,16,'2018-06-05 13:14:13','2018-06-05 13:14:13'),(79,'拎包入住',1,16,'2018-06-05 13:14:13','2018-06-05 13:14:13'),(80,'整装',1,16,'2018-06-05 13:14:13','2018-06-05 13:14:13'),(81,'清包',1,17,'2018-06-05 13:46:39','2018-06-05 13:46:39'),(82,'半包',1,17,'2018-06-05 13:46:39','2018-06-05 13:46:39'),(83,'全包',1,17,'2018-06-05 13:46:39','2018-06-05 13:46:39'),(84,'拎包入住',1,17,'2018-06-05 13:46:39','2018-06-05 13:46:39'),(85,'整装',1,17,'2018-06-05 13:46:39','2018-06-05 13:46:39'),(86,'清包',1,18,'2018-06-05 15:38:10','2018-06-05 15:38:10'),(87,'半包',1,18,'2018-06-05 15:38:10','2018-06-05 15:38:10'),(88,'全包',1,18,'2018-06-05 15:38:10','2018-06-05 15:38:10'),(89,'拎包入住',1,18,'2018-06-05 15:38:10','2018-06-05 15:38:10'),(90,'整装',1,18,'2018-06-05 15:38:10','2018-06-05 15:38:10'),(91,'清包',1,19,'2018-06-06 15:01:01','2018-06-06 15:01:01'),(92,'半包',1,19,'2018-06-06 15:01:01','2018-06-06 15:01:01'),(93,'全包',1,19,'2018-06-06 15:01:01','2018-06-06 15:01:01'),(94,'拎包入住',1,19,'2018-06-06 15:01:01','2018-06-06 15:01:01'),(95,'整装',1,19,'2018-06-06 15:01:01','2018-06-06 15:01:01'),(96,'清包',1,20,'2018-06-06 15:11:09','2018-06-06 15:11:09'),(97,'半包',1,20,'2018-06-06 15:11:09','2018-06-06 15:11:09'),(98,'全包',1,20,'2018-06-06 15:11:09','2018-06-06 15:11:09'),(99,'拎包入住',1,20,'2018-06-06 15:11:09','2018-06-06 15:11:09'),(100,'整装',1,20,'2018-06-06 15:11:09','2018-06-06 15:11:09'),(101,'清包',1,21,'2018-06-06 15:19:30','2018-06-06 15:19:30'),(102,'半包',1,21,'2018-06-06 15:19:30','2018-06-06 15:19:30'),(103,'全包',1,21,'2018-06-06 15:19:30','2018-06-06 15:19:30'),(104,'拎包入住',1,21,'2018-06-06 15:19:30','2018-06-06 15:19:30'),(105,'整装',1,21,'2018-06-06 15:19:30','2018-06-06 15:19:30'),(106,'清包',1,22,'2018-06-06 15:49:42','2018-06-06 15:49:42'),(107,'半包',1,22,'2018-06-06 15:49:42','2018-06-06 15:49:42'),(108,'全包',1,22,'2018-06-06 15:49:42','2018-06-06 15:49:42'),(109,'拎包入住',1,22,'2018-06-06 15:49:42','2018-06-06 15:49:42'),(110,'整装',1,22,'2018-06-06 15:49:42','2018-06-06 15:49:42'),(111,'清包',1,23,'2018-06-09 09:25:34','2018-06-09 09:25:34'),(112,'半包',1,23,'2018-06-09 09:25:34','2018-06-09 09:25:34'),(113,'全包',1,23,'2018-06-09 09:25:34','2018-06-09 09:25:34'),(114,'拎包入住',1,23,'2018-06-09 09:25:34','2018-06-09 09:25:34'),(115,'整装',1,23,'2018-06-09 09:25:34','2018-06-09 09:25:34');

/*Table structure for table `fixture_data_roomstyle` */

DROP TABLE IF EXISTS `fixture_data_roomstyle`;

CREATE TABLE `fixture_data_roomstyle` (
  `id` int(11) NOT NULL AUTO_INCREMENT,
  `name` varchar(255) DEFAULT NULL COMMENT '名称',
  `status` tinyint(1) DEFAULT '1' COMMENT '状态 默认1 ，1启用 0禁用',
  `companyid` int(11) DEFAULT NULL COMMENT '公司id',
  `created_at` datetime DEFAULT NULL COMMENT '创建时间',
  `updated_at` datetime DEFAULT NULL COMMENT '修改时间',
  PRIMARY KEY (`id`)
) ENGINE=MyISAM AUTO_INCREMENT=183 DEFAULT CHARSET=utf8 COMMENT='数据源 - 装修风格';

/*Data for the table `fixture_data_roomstyle` */

insert  into `fixture_data_roomstyle`(`id`,`name`,`status`,`companyid`,`created_at`,`updated_at`) values (1,'现代',1,NULL,'2018-03-19 16:39:11',NULL),(2,'中式',1,NULL,'2018-03-19 16:39:11',NULL),(3,'欧式',1,NULL,'2018-03-19 16:39:11',NULL),(4,'美式',1,NULL,'2018-03-19 16:39:11',NULL),(5,'混搭',1,NULL,'2018-03-19 16:39:11',NULL),(6,'田园',1,NULL,'2018-03-19 16:39:11',NULL),(7,'新古典',1,NULL,'2018-03-19 16:39:11',NULL),(8,'简约',1,NULL,'2018-03-19 16:39:11',NULL),(9,'地中海',1,NULL,'2018-03-19 16:39:11',NULL),(10,'东南亚',1,NULL,'2018-03-19 16:39:11',NULL),(11,'现代',1,7,'2018-05-16 19:11:56','2018-05-16 19:11:56'),(12,'中式',1,7,'2018-05-16 19:11:56','2018-05-16 19:11:56'),(13,'欧式',1,7,'2018-05-16 19:11:56','2018-05-16 19:11:56'),(14,'美式',1,7,'2018-05-16 19:11:56','2018-05-16 19:11:56'),(15,'混搭',1,7,'2018-05-16 19:11:56','2018-05-16 19:11:56'),(16,'田园',1,7,'2018-05-16 19:11:56','2018-05-16 19:11:56'),(17,'新古典',1,7,'2018-05-16 19:11:56','2018-05-16 19:11:56'),(18,'简约',1,7,'2018-05-16 19:11:56','2018-05-16 19:11:56'),(19,'地中海',1,7,'2018-05-16 19:11:56','2018-05-16 19:11:56'),(20,'东南亚',1,7,'2018-05-16 19:11:56','2018-05-16 19:11:56'),(21,'现代',1,8,'2018-05-23 18:04:28','2018-05-23 18:04:28'),(22,'中式',1,8,'2018-05-23 18:04:28','2018-05-23 18:04:28'),(23,'欧式',1,8,'2018-05-23 18:04:28','2018-05-23 18:04:28'),(24,'美式',1,8,'2018-05-23 18:04:28','2018-05-23 18:04:28'),(25,'混搭',1,8,'2018-05-23 18:04:28','2018-05-23 18:04:28'),(26,'田园',1,8,'2018-05-23 18:04:28','2018-05-23 18:04:28'),(27,'新古典',1,8,'2018-05-23 18:04:28','2018-05-23 18:04:28'),(28,'简约',1,8,'2018-05-23 18:04:28','2018-05-23 18:04:28'),(29,'地中海',1,8,'2018-05-23 18:04:28','2018-05-23 18:04:28'),(30,'东南亚',1,8,'2018-05-23 18:04:28','2018-05-23 18:04:28'),(31,'现代',1,9,'2018-05-24 10:01:39','2018-05-24 10:01:39'),(32,'中式',1,9,'2018-05-24 10:01:39','2018-05-24 10:01:39'),(33,'欧式',1,9,'2018-05-24 10:01:39','2018-05-24 10:01:39'),(34,'美式',1,9,'2018-05-24 10:01:39','2018-05-24 10:01:39'),(35,'混搭',1,9,'2018-05-24 10:01:39','2018-05-24 10:01:39'),(36,'田园',1,9,'2018-05-24 10:01:39','2018-05-24 10:01:39'),(37,'新古典',1,9,'2018-05-24 10:01:39','2018-05-24 10:01:39'),(38,'简约',1,9,'2018-05-24 10:01:39','2018-05-24 10:01:39'),(39,'地中海',1,9,'2018-05-24 10:01:39','2018-05-24 10:01:39'),(40,'东南亚',1,9,'2018-05-24 10:01:39','2018-05-24 10:01:39'),(41,'现代',1,10,'2018-06-02 10:58:42','2018-06-02 10:58:42'),(42,'中式',1,10,'2018-06-02 10:58:42','2018-06-02 10:58:42'),(43,'欧式',1,10,'2018-06-02 10:58:42','2018-06-02 10:58:42'),(44,'美式',1,10,'2018-06-02 10:58:42','2018-06-02 10:58:42'),(45,'混搭',1,10,'2018-06-02 10:58:42','2018-06-02 10:58:42'),(46,'田园',1,10,'2018-06-02 10:58:42','2018-06-02 10:58:42'),(47,'新古典',1,10,'2018-06-02 10:58:42','2018-06-02 10:58:42'),(48,'简约',1,10,'2018-06-02 10:58:42','2018-06-02 10:58:42'),(49,'地中海',1,10,'2018-06-02 10:58:42','2018-06-02 10:58:42'),(50,'东南亚',1,10,'2018-06-02 10:58:42','2018-06-02 10:58:42'),(51,'现代',1,11,'2018-06-04 12:47:19','2018-06-04 12:47:19'),(52,'中式',1,11,'2018-06-04 12:47:19','2018-06-04 12:47:19'),(53,'欧式',1,11,'2018-06-04 12:47:19','2018-06-04 12:47:19'),(54,'美式',1,11,'2018-06-04 12:47:19','2018-06-04 12:47:19'),(55,'混搭',1,11,'2018-06-04 12:47:19','2018-06-04 12:47:19'),(56,'田园',1,11,'2018-06-04 12:47:19','2018-06-04 12:47:19'),(57,'新古典',1,11,'2018-06-04 12:47:19','2018-06-04 12:47:19'),(58,'简约',1,11,'2018-06-04 12:47:19','2018-06-04 12:47:19'),(59,'地中海',1,11,'2018-06-04 12:47:19','2018-06-04 12:47:19'),(60,'东南亚',1,11,'2018-06-04 12:47:19','2018-06-04 12:47:19'),(61,'BBB',1,2,'2018-06-04 13:06:08',NULL),(62,'CCCCC',1,2,'2018-06-04 13:06:12',NULL),(63,'现代',1,12,'2018-06-05 09:27:35','2018-06-05 09:27:35'),(64,'中式',1,12,'2018-06-05 09:27:35','2018-06-05 09:27:35'),(65,'欧式',1,12,'2018-06-05 09:27:35','2018-06-05 09:27:35'),(66,'美式',1,12,'2018-06-05 09:27:35','2018-06-05 09:27:35'),(67,'混搭',1,12,'2018-06-05 09:27:35','2018-06-05 09:27:35'),(68,'田园',1,12,'2018-06-05 09:27:35','2018-06-05 09:27:35'),(69,'新古典',1,12,'2018-06-05 09:27:35','2018-06-05 09:27:35'),(70,'简约',1,12,'2018-06-05 09:27:35','2018-06-05 09:27:35'),(71,'地中海',1,12,'2018-06-05 09:27:35','2018-06-05 09:27:35'),(72,'东南亚',1,12,'2018-06-05 09:27:35','2018-06-05 09:27:35'),(73,'现代',1,13,'2018-06-05 12:26:04','2018-06-05 12:26:04'),(74,'中式',1,13,'2018-06-05 12:26:04','2018-06-05 12:26:04'),(75,'欧式',1,13,'2018-06-05 12:26:04','2018-06-05 12:26:04'),(76,'美式',1,13,'2018-06-05 12:26:04','2018-06-05 12:26:04'),(77,'混搭',1,13,'2018-06-05 12:26:04','2018-06-05 12:26:04'),(78,'田园',1,13,'2018-06-05 12:26:04','2018-06-05 12:26:04'),(79,'新古典',1,13,'2018-06-05 12:26:04','2018-06-05 12:26:04'),(80,'简约',1,13,'2018-06-05 12:26:04','2018-06-05 12:26:04'),(81,'地中海',1,13,'2018-06-05 12:26:04','2018-06-05 12:26:04'),(82,'东南亚',1,13,'2018-06-05 12:26:04','2018-06-05 12:26:04'),(83,'现代',1,14,'2018-06-05 12:35:09','2018-06-05 12:35:09'),(84,'中式',1,14,'2018-06-05 12:35:09','2018-06-05 12:35:09'),(85,'欧式',1,14,'2018-06-05 12:35:09','2018-06-05 12:35:09'),(86,'美式',1,14,'2018-06-05 12:35:09','2018-06-05 12:35:09'),(87,'混搭',1,14,'2018-06-05 12:35:09','2018-06-05 12:35:09'),(88,'田园',1,14,'2018-06-05 12:35:09','2018-06-05 12:35:09'),(89,'新古典',1,14,'2018-06-05 12:35:09','2018-06-05 12:35:09'),(90,'简约',1,14,'2018-06-05 12:35:09','2018-06-05 12:35:09'),(91,'地中海',1,14,'2018-06-05 12:35:09','2018-06-05 12:35:09'),(92,'东南亚',1,14,'2018-06-05 12:35:09','2018-06-05 12:35:09'),(93,'现代',1,15,'2018-06-05 13:05:17','2018-06-05 13:05:17'),(94,'中式',1,15,'2018-06-05 13:05:17','2018-06-05 13:05:17'),(95,'欧式',1,15,'2018-06-05 13:05:17','2018-06-05 13:05:17'),(96,'美式',1,15,'2018-06-05 13:05:17','2018-06-05 13:05:17'),(97,'混搭',1,15,'2018-06-05 13:05:17','2018-06-05 13:05:17'),(98,'田园',1,15,'2018-06-05 13:05:17','2018-06-05 13:05:17'),(99,'新古典',1,15,'2018-06-05 13:05:17','2018-06-05 13:05:17'),(100,'简约',1,15,'2018-06-05 13:05:17','2018-06-05 13:05:17'),(101,'地中海',1,15,'2018-06-05 13:05:17','2018-06-05 13:05:17'),(102,'东南亚',1,15,'2018-06-05 13:05:17','2018-06-05 13:05:17'),(103,'现代',1,16,'2018-06-05 13:14:13','2018-06-05 13:14:13'),(104,'中式',1,16,'2018-06-05 13:14:13','2018-06-05 13:14:13'),(105,'欧式',1,16,'2018-06-05 13:14:13','2018-06-05 13:14:13'),(106,'美式',1,16,'2018-06-05 13:14:13','2018-06-05 13:14:13'),(107,'混搭',1,16,'2018-06-05 13:14:13','2018-06-05 13:14:13'),(108,'田园',1,16,'2018-06-05 13:14:13','2018-06-05 13:14:13'),(109,'新古典',1,16,'2018-06-05 13:14:13','2018-06-05 13:14:13'),(110,'简约',1,16,'2018-06-05 13:14:13','2018-06-05 13:14:13'),(111,'地中海',1,16,'2018-06-05 13:14:13','2018-06-05 13:14:13'),(112,'东南亚',1,16,'2018-06-05 13:14:13','2018-06-05 13:14:13'),(113,'现代',1,17,'2018-06-05 13:46:39','2018-06-05 13:46:39'),(114,'中式',1,17,'2018-06-05 13:46:39','2018-06-05 13:46:39'),(115,'欧式',1,17,'2018-06-05 13:46:39','2018-06-05 13:46:39'),(116,'美式',1,17,'2018-06-05 13:46:39','2018-06-05 13:46:39'),(117,'混搭',1,17,'2018-06-05 13:46:39','2018-06-05 13:46:39'),(118,'田园',1,17,'2018-06-05 13:46:39','2018-06-05 13:46:39'),(119,'新古典',1,17,'2018-06-05 13:46:39','2018-06-05 13:46:39'),(120,'简约',1,17,'2018-06-05 13:46:39','2018-06-05 13:46:39'),(121,'地中海',1,17,'2018-06-05 13:46:39','2018-06-05 13:46:39'),(122,'东南亚',1,17,'2018-06-05 13:46:39','2018-06-05 13:46:39'),(123,'现代',1,18,'2018-06-05 15:38:10','2018-06-05 15:38:10'),(124,'中式',1,18,'2018-06-05 15:38:10','2018-06-05 15:38:10'),(125,'欧式',1,18,'2018-06-05 15:38:10','2018-06-05 15:38:10'),(126,'美式',1,18,'2018-06-05 15:38:10','2018-06-05 15:38:10'),(127,'混搭',1,18,'2018-06-05 15:38:10','2018-06-05 15:38:10'),(128,'田园',1,18,'2018-06-05 15:38:10','2018-06-05 15:38:10'),(129,'新古典',1,18,'2018-06-05 15:38:10','2018-06-05 15:38:10'),(130,'简约',1,18,'2018-06-05 15:38:10','2018-06-05 15:38:10'),(131,'地中海',1,18,'2018-06-05 15:38:10','2018-06-05 15:38:10'),(132,'东南亚',1,18,'2018-06-05 15:38:10','2018-06-05 15:38:10'),(133,'现代',1,19,'2018-06-06 15:01:01','2018-06-06 15:01:01'),(134,'中式',1,19,'2018-06-06 15:01:01','2018-06-06 15:01:01'),(135,'欧式',1,19,'2018-06-06 15:01:01','2018-06-06 15:01:01'),(136,'美式',1,19,'2018-06-06 15:01:01','2018-06-06 15:01:01'),(137,'混搭',1,19,'2018-06-06 15:01:01','2018-06-06 15:01:01'),(138,'田园',1,19,'2018-06-06 15:01:01','2018-06-06 15:01:01'),(139,'新古典',1,19,'2018-06-06 15:01:01','2018-06-06 15:01:01'),(140,'简约',1,19,'2018-06-06 15:01:01','2018-06-06 15:01:01'),(141,'地中海',1,19,'2018-06-06 15:01:01','2018-06-06 15:01:01'),(142,'东南亚',1,19,'2018-06-06 15:01:01','2018-06-06 15:01:01'),(143,'现代',1,20,'2018-06-06 15:11:09','2018-06-06 15:11:09'),(144,'中式',1,20,'2018-06-06 15:11:09','2018-06-06 15:11:09'),(145,'欧式',1,20,'2018-06-06 15:11:09','2018-06-06 15:11:09'),(146,'美式',1,20,'2018-06-06 15:11:09','2018-06-06 15:11:09'),(147,'混搭',1,20,'2018-06-06 15:11:09','2018-06-06 15:11:09'),(148,'田园',1,20,'2018-06-06 15:11:09','2018-06-06 15:11:09'),(149,'新古典',1,20,'2018-06-06 15:11:09','2018-06-06 15:11:09'),(150,'简约',1,20,'2018-06-06 15:11:09','2018-06-06 15:11:09'),(151,'地中海',1,20,'2018-06-06 15:11:09','2018-06-06 15:11:09'),(152,'东南亚',1,20,'2018-06-06 15:11:09','2018-06-06 15:11:09'),(153,'现代',1,21,'2018-06-06 15:19:30','2018-06-06 15:19:30'),(154,'中式',1,21,'2018-06-06 15:19:30','2018-06-06 15:19:30'),(155,'欧式',1,21,'2018-06-06 15:19:30','2018-06-06 15:19:30'),(156,'美式',1,21,'2018-06-06 15:19:30','2018-06-06 15:19:30'),(157,'混搭',1,21,'2018-06-06 15:19:30','2018-06-06 15:19:30'),(158,'田园',1,21,'2018-06-06 15:19:30','2018-06-06 15:19:30'),(159,'新古典',1,21,'2018-06-06 15:19:30','2018-06-06 15:19:30'),(160,'简约',1,21,'2018-06-06 15:19:30','2018-06-06 15:19:30'),(161,'地中海',1,21,'2018-06-06 15:19:30','2018-06-06 15:19:30'),(162,'东南亚',1,21,'2018-06-06 15:19:30','2018-06-06 15:19:30'),(163,'现代',1,22,'2018-06-06 15:49:42','2018-06-06 15:49:42'),(164,'中式',1,22,'2018-06-06 15:49:42','2018-06-06 15:49:42'),(165,'欧式',1,22,'2018-06-06 15:49:42','2018-06-06 15:49:42'),(166,'美式',1,22,'2018-06-06 15:49:42','2018-06-06 15:49:42'),(167,'混搭',1,22,'2018-06-06 15:49:42','2018-06-06 15:49:42'),(168,'田园',1,22,'2018-06-06 15:49:42','2018-06-06 15:49:42'),(169,'新古典',1,22,'2018-06-06 15:49:42','2018-06-06 15:49:42'),(170,'简约',1,22,'2018-06-06 15:49:42','2018-06-06 15:49:42'),(171,'地中海',1,22,'2018-06-06 15:49:42','2018-06-06 15:49:42'),(172,'东南亚',1,22,'2018-06-06 15:49:42','2018-06-06 15:49:42'),(173,'现代',1,23,'2018-06-09 09:25:34','2018-06-09 09:25:34'),(174,'中式',1,23,'2018-06-09 09:25:34','2018-06-09 09:25:34'),(175,'欧式',1,23,'2018-06-09 09:25:34','2018-06-09 09:25:34'),(176,'美式',1,23,'2018-06-09 09:25:34','2018-06-09 09:25:34'),(177,'混搭',1,23,'2018-06-09 09:25:34','2018-06-09 09:25:34'),(178,'田园',1,23,'2018-06-09 09:25:34','2018-06-09 09:25:34'),(179,'新古典',1,23,'2018-06-09 09:25:34','2018-06-09 09:25:34'),(180,'简约',1,23,'2018-06-09 09:25:34','2018-06-09 09:25:34'),(181,'地中海',1,23,'2018-06-09 09:25:34','2018-06-09 09:25:34'),(182,'东南亚',1,23,'2018-06-09 09:25:34','2018-06-09 09:25:34');

/*Table structure for table `fixture_data_roomtype` */

DROP TABLE IF EXISTS `fixture_data_roomtype`;

CREATE TABLE `fixture_data_roomtype` (
  `id` int(11) NOT NULL AUTO_INCREMENT COMMENT '创建时间',
  `name` varchar(255) DEFAULT NULL COMMENT '名称',
  `status` tinyint(1) DEFAULT '1' COMMENT '状态 默认1 ，1启用 0禁用',
  `companyid` int(11) DEFAULT NULL COMMENT '公司id',
  `created_at` datetime DEFAULT NULL COMMENT '创建时间',
  `updated_at` datetime DEFAULT NULL COMMENT '修改时间',
  PRIMARY KEY (`id`)
) ENGINE=MyISAM AUTO_INCREMENT=131 DEFAULT CHARSET=utf8 COMMENT='数据源 - 户型';

/*Data for the table `fixture_data_roomtype` */

insert  into `fixture_data_roomtype`(`id`,`name`,`status`,`companyid`,`created_at`,`updated_at`) values (1,'别墅',1,NULL,'2018-03-19 16:37:09',NULL),(2,'公寓',1,NULL,'2018-03-19 16:37:09',NULL),(3,'普通住宅',1,NULL,'2018-03-19 16:37:09',NULL),(4,'大平房',1,NULL,'2018-03-19 16:37:09',NULL),(5,'老公房',1,NULL,'2018-03-19 16:37:09',NULL),(6,'工装',1,NULL,'2018-03-19 16:37:09',NULL),(7,'其他',1,NULL,'2018-03-19 16:37:09',NULL),(8,'别墅',1,7,'2018-05-16 19:11:56','2018-05-16 19:11:56'),(9,'公寓',1,7,'2018-05-16 19:11:56','2018-05-16 19:11:56'),(10,'普通住宅',1,7,'2018-05-16 19:11:56','2018-05-16 19:11:56'),(11,'大平房',1,7,'2018-05-16 19:11:56','2018-05-16 19:11:56'),(12,'老公房',1,7,'2018-05-16 19:11:56','2018-05-16 19:11:56'),(13,'工装',1,7,'2018-05-16 19:11:56','2018-05-16 19:11:56'),(14,'其他',1,7,'2018-05-16 19:11:56','2018-05-16 19:11:56'),(15,'别墅',1,8,'2018-05-23 18:04:28','2018-05-23 18:04:28'),(16,'公寓',1,8,'2018-05-23 18:04:28','2018-05-23 18:04:28'),(17,'普通住宅',1,8,'2018-05-23 18:04:28','2018-05-23 18:04:28'),(18,'大平房',1,8,'2018-05-23 18:04:28','2018-05-23 18:04:28'),(19,'老公房',1,8,'2018-05-23 18:04:28','2018-05-23 18:04:28'),(20,'工装',1,8,'2018-05-23 18:04:28','2018-05-23 18:04:28'),(21,'其他',1,8,'2018-05-23 18:04:28','2018-05-23 18:04:28'),(22,'别墅',1,9,'2018-05-24 10:01:39','2018-05-24 10:01:39'),(23,'公寓',1,9,'2018-05-24 10:01:39','2018-05-24 10:01:39'),(24,'普通住宅',1,9,'2018-05-24 10:01:39','2018-05-24 10:01:39'),(25,'大平房',1,9,'2018-05-24 10:01:39','2018-05-24 10:01:39'),(26,'老公房',1,9,'2018-05-24 10:01:39','2018-05-24 10:01:39'),(27,'工装',1,9,'2018-05-24 10:01:39','2018-05-24 10:01:39'),(28,'其他',1,9,'2018-05-24 10:01:39','2018-05-24 10:01:39'),(29,'别墅',1,10,'2018-06-02 10:58:42','2018-06-02 10:58:42'),(30,'公寓',1,10,'2018-06-02 10:58:42','2018-06-02 10:58:42'),(31,'普通住宅',1,10,'2018-06-02 10:58:42','2018-06-02 10:58:42'),(32,'大平房',1,10,'2018-06-02 10:58:42','2018-06-02 10:58:42'),(33,'老公房',1,10,'2018-06-02 10:58:42','2018-06-02 10:58:42'),(34,'工装',1,10,'2018-06-02 10:58:42','2018-06-02 10:58:42'),(35,'其他',1,10,'2018-06-02 10:58:42','2018-06-02 10:58:42'),(36,'别墅',1,11,'2018-06-04 12:47:19','2018-06-04 12:47:19'),(37,'公寓',1,11,'2018-06-04 12:47:19','2018-06-04 12:47:19'),(38,'普通住宅',1,11,'2018-06-04 12:47:19','2018-06-04 12:47:19'),(39,'大平房',1,11,'2018-06-04 12:47:19','2018-06-04 12:47:19'),(40,'老公房',1,11,'2018-06-04 12:47:19','2018-06-04 12:47:19'),(41,'工装',1,11,'2018-06-04 12:47:19','2018-06-04 12:47:19'),(42,'其他',1,11,'2018-06-04 12:47:19','2018-06-04 12:47:19'),(43,'111',1,2,'2018-06-04 12:58:43',NULL),(44,'3333',1,2,'2018-06-04 12:58:46',NULL),(45,'别墅',1,12,'2018-06-05 09:27:35','2018-06-05 09:27:35'),(46,'公寓',1,12,'2018-06-05 09:27:35','2018-06-05 09:27:35'),(47,'普通住宅',1,12,'2018-06-05 09:27:35','2018-06-05 09:27:35'),(48,'大平房',1,12,'2018-06-05 09:27:35','2018-06-05 09:27:35'),(49,'老公房',1,12,'2018-06-05 09:27:35','2018-06-05 09:27:35'),(50,'工装',1,12,'2018-06-05 09:27:35','2018-06-05 09:27:35'),(51,'其他',1,12,'2018-06-05 09:27:35','2018-06-05 09:27:35'),(52,'别墅',1,13,'2018-06-05 12:26:04','2018-06-05 12:26:04'),(53,'公寓',1,13,'2018-06-05 12:26:04','2018-06-05 12:26:04'),(54,'普通住宅',1,13,'2018-06-05 12:26:04','2018-06-05 12:26:04'),(55,'大平房',1,13,'2018-06-05 12:26:04','2018-06-05 12:26:04'),(56,'老公房',1,13,'2018-06-05 12:26:04','2018-06-05 12:26:04'),(57,'工装',1,13,'2018-06-05 12:26:04','2018-06-05 12:26:04'),(58,'其他',1,13,'2018-06-05 12:26:04','2018-06-05 12:26:04'),(59,'别墅',1,14,'2018-06-05 12:35:09','2018-06-05 12:35:09'),(60,'公寓',1,14,'2018-06-05 12:35:09','2018-06-05 12:35:09'),(61,'普通住宅',1,14,'2018-06-05 12:35:09','2018-06-05 12:35:09'),(62,'大平房',1,14,'2018-06-05 12:35:09','2018-06-05 12:35:09'),(63,'老公房',1,14,'2018-06-05 12:35:09','2018-06-05 12:35:09'),(64,'工装',1,14,'2018-06-05 12:35:09','2018-06-05 12:35:09'),(65,'其他',1,14,'2018-06-05 12:35:09','2018-06-05 12:35:09'),(66,'别墅',1,15,'2018-06-05 13:05:17','2018-06-05 13:05:17'),(67,'公寓',1,15,'2018-06-05 13:05:17','2018-06-05 13:05:17'),(68,'普通住宅',1,15,'2018-06-05 13:05:17','2018-06-05 13:05:17'),(69,'大平房',1,15,'2018-06-05 13:05:17','2018-06-05 13:05:17'),(70,'老公房',1,15,'2018-06-05 13:05:17','2018-06-05 13:05:17'),(71,'工装',1,15,'2018-06-05 13:05:17','2018-06-05 13:05:17'),(72,'其他',1,15,'2018-06-05 13:05:17','2018-06-05 13:05:17'),(73,'别墅',1,16,'2018-06-05 13:14:13','2018-06-05 13:14:13'),(74,'公寓',1,16,'2018-06-05 13:14:13','2018-06-05 13:14:13'),(75,'普通住宅',1,16,'2018-06-05 13:14:13','2018-06-05 13:14:13'),(76,'大平房',1,16,'2018-06-05 13:14:13','2018-06-05 13:14:13'),(77,'老公房',1,16,'2018-06-05 13:14:13','2018-06-05 13:14:13'),(78,'工装',1,16,'2018-06-05 13:14:13','2018-06-05 13:14:13'),(79,'其他',1,16,'2018-06-05 13:14:13','2018-06-05 13:14:13'),(80,'别墅',1,17,'2018-06-05 13:46:39','2018-06-05 13:46:39'),(81,'公寓',1,17,'2018-06-05 13:46:39','2018-06-05 13:46:39'),(82,'普通住宅',1,17,'2018-06-05 13:46:39','2018-06-05 13:46:39'),(83,'大平房',1,17,'2018-06-05 13:46:39','2018-06-05 13:46:39'),(84,'老公房',1,17,'2018-06-05 13:46:39','2018-06-05 13:46:39'),(85,'工装',1,17,'2018-06-05 13:46:39','2018-06-05 13:46:39'),(86,'其他',1,17,'2018-06-05 13:46:39','2018-06-05 13:46:39'),(87,'别墅',1,18,'2018-06-05 15:38:10','2018-06-05 15:38:10'),(88,'公寓',1,18,'2018-06-05 15:38:10','2018-06-05 15:38:10'),(89,'普通住宅',1,18,'2018-06-05 15:38:10','2018-06-05 15:38:10'),(90,'大平房',1,18,'2018-06-05 15:38:10','2018-06-05 15:38:10'),(91,'老公房',1,18,'2018-06-05 15:38:10','2018-06-05 15:38:10'),(92,'工装',1,18,'2018-06-05 15:38:10','2018-06-05 15:38:10'),(93,'其他',1,18,'2018-06-05 15:38:10','2018-06-05 15:38:10'),(94,'别墅',1,19,'2018-06-06 15:01:01','2018-06-06 15:01:01'),(95,'公寓',1,19,'2018-06-06 15:01:01','2018-06-06 15:01:01'),(96,'普通住宅',1,19,'2018-06-06 15:01:01','2018-06-06 15:01:01'),(97,'大平房',1,19,'2018-06-06 15:01:01','2018-06-06 15:01:01'),(98,'老公房',1,19,'2018-06-06 15:01:01','2018-06-06 15:01:01'),(99,'工装',1,19,'2018-06-06 15:01:01','2018-06-06 15:01:01'),(100,'其他',1,19,'2018-06-06 15:01:01','2018-06-06 15:01:01'),(101,'别墅',1,20,'2018-06-06 15:11:09','2018-06-06 15:11:09'),(102,'公寓',1,20,'2018-06-06 15:11:09','2018-06-06 15:11:09'),(103,'普通住宅',1,20,'2018-06-06 15:11:09','2018-06-06 15:11:09'),(104,'大平房',1,20,'2018-06-06 15:11:09','2018-06-06 15:11:09'),(105,'老公房',1,20,'2018-06-06 15:11:09','2018-06-06 15:11:09'),(106,'工装',1,20,'2018-06-06 15:11:09','2018-06-06 15:11:09'),(107,'其他',1,20,'2018-06-06 15:11:09','2018-06-06 15:11:09'),(108,'别墅',1,21,'2018-06-06 15:19:30','2018-06-06 15:19:30'),(109,'公寓',1,21,'2018-06-06 15:19:30','2018-06-06 15:19:30'),(110,'普通住宅',1,21,'2018-06-06 15:19:30','2018-06-06 15:19:30'),(111,'大平房',1,21,'2018-06-06 15:19:30','2018-06-06 15:19:30'),(112,'老公房',1,21,'2018-06-06 15:19:30','2018-06-06 15:19:30'),(113,'工装',1,21,'2018-06-06 15:19:30','2018-06-06 15:19:30'),(114,'其他',1,21,'2018-06-06 15:19:30','2018-06-06 15:19:30'),(124,'别墅',1,23,'2018-06-09 09:25:34','2018-06-09 09:25:34'),(117,'别墅',1,22,'2018-06-06 15:49:42','2018-06-06 15:49:42'),(118,'公寓',1,22,'2018-06-06 15:49:42','2018-06-06 15:49:42'),(119,'普通住宅',1,22,'2018-06-06 15:49:42','2018-06-06 15:49:42'),(120,'大平房',1,22,'2018-06-06 15:49:42','2018-06-06 15:49:42'),(121,'老公房',1,22,'2018-06-06 15:49:42','2018-06-06 15:49:42'),(122,'工装',1,22,'2018-06-06 15:49:42','2018-06-06 15:49:42'),(123,'其他',1,22,'2018-06-06 15:49:42','2018-06-06 15:49:42'),(125,'公寓',1,23,'2018-06-09 09:25:34','2018-06-09 09:25:34'),(126,'普通住宅',1,23,'2018-06-09 09:25:34','2018-06-09 09:25:34'),(127,'大平房',1,23,'2018-06-09 09:25:34','2018-06-09 09:25:34'),(128,'老公房',1,23,'2018-06-09 09:25:34','2018-06-09 09:25:34'),(129,'工装',1,23,'2018-06-09 09:25:34','2018-06-09 09:25:34'),(130,'其他',1,23,'2018-06-09 09:25:34','2018-06-09 09:25:34');

/*Table structure for table `fixture_data_select_default` */

DROP TABLE IF EXISTS `fixture_data_select_default`;

CREATE TABLE `fixture_data_select_default` (
  `id` int(11) NOT NULL AUTO_INCREMENT COMMENT '创建时间',
  `name` varchar(255) DEFAULT NULL COMMENT '名称',
  `status` tinyint(1) DEFAULT '1' COMMENT '状态 默认1 ，1启用 0禁用',
  `pid` int(11) DEFAULT NULL COMMENT '父类id 分类id',
  `created_at` datetime DEFAULT NULL COMMENT '创建时间',
  PRIMARY KEY (`id`)
) ENGINE=MyISAM AUTO_INCREMENT=57 DEFAULT CHARSET=utf8 COMMENT='数据源 - 默认数据（ 职位、装修方式、装修风格、户型）';

/*Data for the table `fixture_data_select_default` */

insert  into `fixture_data_select_default`(`id`,`name`,`status`,`pid`,`created_at`) values (1,'装修方式',1,0,'2018-03-19 16:37:09'),(2,'装修风格',1,0,'2018-03-19 16:37:09'),(3,'户型',1,0,'2018-03-19 16:37:09'),(4,'职位',1,0,'2018-03-19 16:37:09'),(5,'清包',1,1,'2018-03-19 16:37:09'),(6,'半包',1,1,'2018-03-19 16:37:09'),(7,'全包',1,1,'2018-03-19 16:37:09'),(8,'拎包入住',1,1,'2018-05-16 10:30:18'),(9,'整装',1,1,'2018-05-16 10:30:20'),(10,'现代',1,2,'2018-05-16 10:30:22'),(11,'中式',1,2,'2018-05-16 10:30:24'),(12,'欧式',1,2,'2018-05-16 10:30:29'),(13,'美式',1,2,'2018-05-16 10:30:31'),(14,'混搭',1,2,'2018-05-16 10:30:33'),(15,'田园',1,2,'2018-05-16 10:30:35'),(16,'新古典',1,2,'2018-05-16 10:30:37'),(17,'简约',1,2,'2018-05-16 10:30:40'),(18,'地中海',1,2,'2018-05-16 10:30:42'),(19,'东南亚',1,2,'2018-05-16 10:30:45'),(20,'别墅',1,3,'2018-05-16 10:31:19'),(21,'公寓',1,3,'2018-05-16 10:31:23'),(22,'普通住宅',1,3,'2018-05-16 10:31:25'),(23,'大平房',1,3,'2018-05-16 10:31:27'),(24,'老公房',1,3,'2018-05-16 10:31:30'),(25,'工装',1,3,'2018-05-16 10:31:32'),(26,'其他',1,3,'2018-05-16 10:31:35'),(27,'项目经理',1,4,'2018-06-05 15:27:32'),(28,'家装顾问',1,4,'2018-06-05 15:27:34'),(29,'项目监理',1,4,'2018-06-05 15:27:36'),(30,'设计师',1,4,'2018-06-05 15:27:38'),(31,'营销主管',1,4,'2018-06-05 15:27:40'),(32,'设计师主管',1,4,'2018-06-05 15:27:43'),(33,'客服主管',1,4,'2018-06-05 15:27:44'),(34,'资深设计师',1,4,'2018-06-05 15:27:47'),(35,'工长',1,4,'2018-06-05 15:27:50'),(36,'水电工',1,4,'2018-06-05 15:27:52'),(37,'设计总监',1,4,'2018-06-05 15:27:54'),(38,'油漆工',1,4,'2018-06-05 15:27:56'),(39,'客服',1,4,'2018-06-05 15:27:58'),(40,'泥工',1,4,'2018-06-05 15:28:17'),(41,'木工',1,4,'2018-06-05 15:28:20'),(42,'总经理',1,4,'2018-06-05 15:28:23'),(43,'瓦工',1,4,'2018-06-05 15:28:25'),(44,'质量总监',1,4,'2018-06-05 15:28:28'),(45,'董事长',1,4,'2018-06-05 15:28:30'),(46,'区域经理',1,4,'2018-06-05 15:28:32'),(47,'工程总监',1,4,'2018-06-05 15:28:35');

/*Table structure for table `fixture_data_source` */

DROP TABLE IF EXISTS `fixture_data_source`;

CREATE TABLE `fixture_data_source` (
  `id` int(11) NOT NULL AUTO_INCREMENT,
  `name` varchar(255) DEFAULT NULL COMMENT '名称',
  `sourcecateid` int(11) DEFAULT NULL COMMENT '来源分类id  对应sourcecate表id',
  `status` tinyint(1) DEFAULT '1' COMMENT '状态 默认1 ，1启用 0禁用',
  `created_at` datetime DEFAULT NULL COMMENT '创建时间',
  PRIMARY KEY (`id`)
) ENGINE=MyISAM AUTO_INCREMENT=6 DEFAULT CHARSET=utf8 COMMENT='数据源 - 客户来源';

/*Data for the table `fixture_data_source` */

insert  into `fixture_data_source`(`id`,`name`,`sourcecateid`,`status`,`created_at`) values (1,'预约参观',1,1,'2018-03-19 16:42:04'),(2,'免费量房',1,1,'2018-03-19 16:42:04'),(3,'我要报名',1,1,'2018-03-19 16:42:04'),(4,'装修报价',1,1,'2018-03-19 16:42:04'),(5,'抽奖活动',2,1,'2018-05-17 10:33:22');

/*Table structure for table `fixture_data_sourcecate` */

DROP TABLE IF EXISTS `fixture_data_sourcecate`;

CREATE TABLE `fixture_data_sourcecate` (
  `id` int(11) NOT NULL AUTO_INCREMENT COMMENT '来源分类',
  `name` varchar(255) DEFAULT NULL COMMENT '名称',
  `status` tinyint(1) DEFAULT '1' COMMENT '状态 默认1 ，1启用 0禁用',
  `created_at` datetime DEFAULT NULL COMMENT '创建时间',
  PRIMARY KEY (`id`)
) ENGINE=MyISAM AUTO_INCREMENT=3 DEFAULT CHARSET=utf8 COMMENT='数据源 - 客户来源分类';

/*Data for the table `fixture_data_sourcecate` */

insert  into `fixture_data_sourcecate`(`id`,`name`,`status`,`created_at`) values (1,'预约',1,'2018-05-17 10:34:00'),(2,'抽奖活动',1,'2018-05-17 10:34:02');

/*Table structure for table `fixture_data_stagetemplate` */

DROP TABLE IF EXISTS `fixture_data_stagetemplate`;

CREATE TABLE `fixture_data_stagetemplate` (
  `id` int(11) NOT NULL AUTO_INCREMENT,
  `uuid` char(32) DEFAULT NULL COMMENT '唯一索引',
  `name` varchar(255) DEFAULT NULL COMMENT '名称',
  `status` tinyint(1) DEFAULT '1' COMMENT '状态 默认1 ，1启用 0禁用',
  `isdefault` tinyint(1) DEFAULT '0' COMMENT '1默认 0不是默认',
  `created_at` datetime DEFAULT NULL COMMENT '创建时间',
  PRIMARY KEY (`id`)
) ENGINE=InnoDB AUTO_INCREMENT=3 DEFAULT CHARSET=utf8 COMMENT='数据源 - 默认阶段模板名称';

/*Data for the table `fixture_data_stagetemplate` */

insert  into `fixture_data_stagetemplate`(`id`,`uuid`,`name`,`status`,`isdefault`,`created_at`) values (1,'0d8455612e8411e8b20154e1adc540fa','标准阶段模板',1,1,'2018-03-23 18:22:15'),(2,'0d8456152e8411e8b20154e1adc540fa','其他阶段模板',1,0,'2018-03-23 18:22:15');

/*Table structure for table `fixture_data_stagetemplate_tag` */

DROP TABLE IF EXISTS `fixture_data_stagetemplate_tag`;

CREATE TABLE `fixture_data_stagetemplate_tag` (
  `id` int(11) NOT NULL AUTO_INCREMENT,
  `uuid` char(32) DEFAULT NULL COMMENT '唯一索引',
  `stagetemplateid` int(11) DEFAULT NULL COMMENT '自动以阶段模板id',
  `name` varchar(100) DEFAULT NULL COMMENT '自定义阶段名称',
  `resume` varchar(100) DEFAULT NULL COMMENT '简述',
  `sort` int(11) DEFAULT NULL COMMENT '排序',
  `status` tinyint(1) DEFAULT '1' COMMENT '状态 默认1 ，1启用 0禁用',
  `created_at` datetime DEFAULT NULL COMMENT '创建时间',
  `updated_at` datetime DEFAULT NULL COMMENT '修改时间',
  PRIMARY KEY (`id`)
) ENGINE=InnoDB AUTO_INCREMENT=23 DEFAULT CHARSET=utf8 COMMENT='数据源 - 默认模板阶段';

/*Data for the table `fixture_data_stagetemplate_tag` */

insert  into `fixture_data_stagetemplate_tag`(`id`,`uuid`,`stagetemplateid`,`name`,`resume`,`sort`,`status`,`created_at`,`updated_at`) values (1,'187c83292e8411e8b20154e1adc540fa',1,'签约','包括了解装修公司等',NULL,1,'2018-03-23 18:22:33',NULL),(2,'187c84152e8411e8b20154e1adc540fa',1,'设计','确定房子风格类型',NULL,1,'2018-03-23 18:22:33',NULL),(11,'187c845f2e8411e8b20154e1adc540fa',1,'拆改','拆墙、砌墙、铲墙皮、拆暖气、换塑钢窗',NULL,1,'2018-03-23 18:22:33',NULL),(12,'187c854c2e8411e8b20154e1adc540fa',1,'水电','开线槽、铺设管道',NULL,1,'2018-03-23 18:22:33',NULL),(13,'187c85ff2e8411e8b20154e1adc540fa',1,'泥木','瓷砖、吊顶',NULL,1,'2018-03-23 18:22:33',NULL),(14,'187c867b2e8411e8b20154e1adc540fa',1,'油漆','油漆',NULL,1,'2018-03-23 18:22:33',NULL),(15,'187c86e82e8411e8b20154e1adc540fa',1,'安装','橱柜、木门等安装',NULL,1,'2018-03-23 18:22:33',NULL),(16,'187c87552e8411e8b20154e1adc540fa',1,'软装','家具家电等',NULL,1,'2018-03-23 18:22:33',NULL),(17,'187c87bc2e8411e8b20154e1adc540fa',1,'入住','入住新房',NULL,1,'2018-03-23 18:22:33',NULL),(18,'187c88372e8411e8b20154e1adc540fa',1,'完工','结束装修',NULL,1,'2018-03-23 18:22:33',NULL),(19,'187c88ab2e8411e8b20154e1adc540fa',2,'签约','包括了解装修公司等',NULL,1,'2018-03-23 18:22:33',NULL),(20,'187c89202e8411e8b20154e1adc540fa',2,'软装','家具家电等',NULL,1,'2018-03-23 18:22:33',NULL),(21,'187c89942e8411e8b20154e1adc540fa',2,'入住','入住新房',NULL,1,'2018-03-23 18:22:33',NULL),(22,'187c8a092e8411e8b20154e1adc540fa',2,'完工','结束装修',NULL,1,'2018-03-23 18:22:33',NULL);

/*Table structure for table `fixture_data_vipmechanism` */

DROP TABLE IF EXISTS `fixture_data_vipmechanism`;

CREATE TABLE `fixture_data_vipmechanism` (
  `id` int(11) NOT NULL AUTO_INCREMENT,
  `name` varchar(255) DEFAULT NULL COMMENT '名称',
  `status` tinyint(1) DEFAULT '1' COMMENT '状态 默认1 ，1启用 0禁用',
  `created_at` datetime DEFAULT NULL COMMENT '创建时间',
  PRIMARY KEY (`id`)
) ENGINE=MyISAM DEFAULT CHARSET=utf8 COMMENT='数据源 - 会员机制';

/*Data for the table `fixture_data_vipmechanism` */

/*Table structure for table `fixture_dynamic` */

DROP TABLE IF EXISTS `fixture_dynamic`;

CREATE TABLE `fixture_dynamic` (
  `id` int(11) NOT NULL AUTO_INCREMENT,
  `uuid` char(32) DEFAULT NULL COMMENT '唯一索引id',
  `companyid` int(11) DEFAULT NULL COMMENT '公司id',
  `storeid` int(11) DEFAULT NULL COMMENT '门店id',
  `sitetid` int(11) DEFAULT NULL COMMENT '工地id',
  `activityid` int(11) DEFAULT NULL COMMENT '活动id',
  `participatoryid` int(11) DEFAULT NULL COMMENT '活动参与方式id ',
  `createuserid` int(11) DEFAULT NULL COMMENT '创建者id 用户 参与者  ',
  `title` varchar(200) DEFAULT NULL COMMENT '标题 活动',
  `resume` varchar(255) DEFAULT NULL COMMENT '简要文本 活动',
  `content` text COMMENT '内容',
  `type` tinyint(1) DEFAULT '0' COMMENT '类型 0工地动态 1活动动态',
  `sitestagename` varchar(255) DEFAULT NULL COMMENT '工地阶段名称',
  `status` tinyint(1) DEFAULT '1' COMMENT '状态 默认1，1显示  0不显示  2只对成员显示',
  `created_at` datetime DEFAULT NULL COMMENT '创建时间',
  PRIMARY KEY (`id`)
) ENGINE=InnoDB AUTO_INCREMENT=109 DEFAULT CHARSET=utf8 COMMENT='动态';

/*Data for the table `fixture_dynamic` */

insert  into `fixture_dynamic`(`id`,`uuid`,`companyid`,`storeid`,`sitetid`,`activityid`,`participatoryid`,`createuserid`,`title`,`resume`,`content`,`type`,`sitestagename`,`status`,`created_at`) values (21,'50bb8352407bc1a2156e66a6fe2702a2',4,0,17,NULL,NULL,17,NULL,NULL,'新建工地：感谢业主大大信任，金色润城今日开工啦。大吉大利，家宅平安!',0,NULL,1,'2018-03-29 03:55:49'),(22,'f16370ba2f8916fc126b5a95745f44f0',4,NULL,17,NULL,NULL,17,NULL,NULL,'分为氛围',0,NULL,1,'2018-03-30 09:07:26'),(26,'308653f32a347b4dabc5342934aeb024',4,0,24,NULL,NULL,17,NULL,NULL,'新建工地：感谢业主大大信任，hdaudh今日开工啦。大吉大利，家宅平安!',0,NULL,1,'2018-05-08 19:14:50'),(28,'3055103262e31b5ef0d958c48e77cb43',4,NULL,25,NULL,NULL,17,NULL,NULL,'fdwefwe',0,NULL,1,'2018-05-09 14:47:26'),(29,'a07e60a35f523d1734a6314533e9e572',4,NULL,24,NULL,NULL,17,NULL,NULL,'的大范围',0,NULL,1,'2018-05-09 14:53:45'),(30,'6548406accf57ed9dfda029269810bd2',4,NULL,24,NULL,NULL,17,NULL,NULL,'是带我去带我去的',0,NULL,1,'2018-05-09 15:37:20'),(31,'31e33f09da267b7524ed22aa08f223a6',4,NULL,22,NULL,NULL,17,NULL,NULL,'得的',0,NULL,1,'2018-05-09 15:41:01'),(32,'e7628b9c378e5ed5c6b825b90bb8003e',4,NULL,22,NULL,NULL,17,NULL,NULL,'嗯我让他吩咐',0,NULL,1,'2018-05-09 15:42:32'),(34,'c1db63168bd7735d7683b9c39436cc20',4,6,19,NULL,NULL,17,NULL,NULL,'新建工地：感谢业主大大信任，测试工地今日开工啦。大吉大利，家宅平安!',0,NULL,1,'2018-05-10 14:53:09'),(35,'ca3716bf1e4ca4f479c0de46f78a1638',4,6,19,NULL,NULL,17,NULL,NULL,'测试跟新',0,NULL,1,'2018-05-10 14:57:13'),(36,'c60e4f92b8ae1e0e69f8478cbf64bf0f',4,6,19,NULL,NULL,17,NULL,NULL,'和AH',0,NULL,1,'2018-05-11 17:02:29'),(38,'4acbf7c976edfe167d8cd4ac06c02201',9,44,23,NULL,NULL,24,NULL,NULL,'哈哈哈哈或或或或或或或或或或或或或或或或或或或或或或或或或或或或或或或或或或或或或或或或或或或或或或或或或或或或或或或否的话或或或或或或或或或或多寻寻寻寻寻寻寻寻寻寻寻寻寻寻寻寻寻寻',0,NULL,1,'2018-05-24 14:12:18'),(39,'157610a1790495c3338e03a038714926',8,43,24,NULL,NULL,25,NULL,NULL,'新建工地：感谢业主大大信任，测试项目01今日开工啦。大吉大利，家宅平安!',0,NULL,1,'2018-05-25 11:25:19'),(40,'376304ed3e25da5394105210c1adcbc6',8,43,24,NULL,NULL,25,NULL,NULL,'我测试了',0,NULL,1,'2018-05-25 11:26:13'),(41,'ceb0cf4afaeb1316c774ede86dba172a',9,44,25,NULL,NULL,24,NULL,NULL,'新建工地：感谢业主大大信任，公园壹号今日开工啦。大吉大利，家宅平安!',0,NULL,1,'2018-05-25 15:24:57'),(42,'1a77aacbd4c42495740c919b277272db',9,44,25,NULL,NULL,24,NULL,NULL,'灌灌灌灌灌过过过过过过过过过过',0,NULL,1,'2018-05-25 15:25:25'),(43,'62f136c06e4ee065ad5d10a83ceafb9a',4,6,19,NULL,NULL,17,'测试工地',NULL,'的武器的',0,'软装',1,'2018-05-30 10:56:33'),(44,'a6079a0a1c57de2214a6643d20b7de7e',7,42,26,NULL,NULL,22,'测试公司',NULL,'新建工地：感谢业主大大信任，测试公司今日开工啦。大吉大利，家宅平安!',0,'拆改',1,'2018-05-30 10:58:35'),(45,'41d4254678974562a7818e815c91d33e',9,50,27,NULL,NULL,24,NULL,NULL,'新建工地：感谢业主大大信任，万科大悦城今日开工啦。大吉大利，家宅平安!',0,NULL,1,'2018-05-30 14:16:22'),(46,'bfc24e0bed9d127b7600cfc0394745e0',9,44,27,NULL,NULL,24,NULL,NULL,'想说点什么，又不知道该说什么',0,NULL,1,'2018-05-30 14:33:42'),(48,'89a3336cd96bf8e2fdbf544fe3b9266c',2,NULL,28,NULL,NULL,2,'sdgsdg',NULL,'rrrrr',0,'mogu阶段2',1,'2018-06-04 13:07:45'),(49,'fa09dbd841504174f6cde11726ff360e',8,53,28,NULL,NULL,25,'dgsadg',NULL,'新建工地：感谢业主大大信任，dgsadg今日开工啦。大吉大利，家宅平安!',0,'55',1,'2018-06-05 10:33:02'),(50,'d5e2f898fcb902682b22767627371579',12,55,29,NULL,NULL,39,'沣东新城',NULL,'新建工地：感谢业主大大信任，沣东新城今日开工啦。大吉大利，家宅平安!',0,'水电',1,'2018-06-05 10:37:10'),(51,'38d3f5a4236135697fbdf9c0cb17c42b',12,54,30,NULL,NULL,39,'公安云壹号',NULL,'新建工地：感谢业主大大信任，公安云壹号今日开工啦。大吉大利，家宅平安!',0,'油漆',1,'2018-06-05 10:39:54'),(52,'6b82b0bff47176cca220cfe37bbaed84',12,54,30,NULL,NULL,39,'公安云壹号',NULL,'灌灌灌灌灌过',0,'水电',1,'2018-06-05 10:43:17'),(53,'3beceffd102160113cf9b300320d7085',12,62,31,NULL,NULL,39,'ggggggggggg',NULL,'新建工地：感谢业主大大信任，ggggggggggg今日开工啦。大吉大利，家宅平安!',0,'33',1,'2018-06-05 15:00:21'),(54,'6df6d6919f8f9e8f57d0b2c103e3fff8',12,66,32,NULL,NULL,39,'hh',NULL,'新建工地：感谢业主大大信任，hh今日开工啦。大吉大利，家宅平安!',0,'设计',1,'2018-06-05 16:01:35'),(55,'1d4b9807ca46863a82b21a66cd43e740',2,47,33,NULL,NULL,2,'CCC',NULL,'新建工地：感谢业主大大信任，CCC今日开工啦。大吉大利，家宅平安!',0,'mogu阶段1',1,'2018-06-05 17:50:58'),(56,'e96039628ebb1fe6d7c51b2230208c72',NULL,NULL,33,NULL,NULL,2,'CCC',NULL,'gggggg',0,'mogu阶段2',1,'2018-06-05 17:51:57'),(57,'f206a024010859fd994a3a1e87503ad4',12,66,34,NULL,NULL,39,'ggg',NULL,'新建工地：感谢业主大大信任，ggg今日开工啦。大吉大利，家宅平安!',0,'入住',1,'2018-06-05 18:02:17'),(58,'cc0c56c53889324b17d2de991d38df12',12,62,35,NULL,NULL,39,'ggg',NULL,'新建工地：感谢业主大大信任，ggg今日开工啦。大吉大利，家宅平安!',0,'拆改',1,'2018-06-05 18:02:55'),(59,'a73852fb32aede72ae5ab6156ad53ea9',12,62,36,NULL,NULL,49,'shuquanfang',NULL,'新建工地：感谢业主大大信任，shuquanfang今日开工啦。大吉大利，家宅平安!',0,'设计',1,'2018-06-06 11:04:51'),(64,'bc304f717e78d1357b0c4724cf57d372',21,70,41,NULL,NULL,52,'dgsdsdg',NULL,'新建工地：感谢业主大大信任，dgsdsdg今日开工啦。大吉大利，家宅平安!',0,'设计',1,'2018-06-06 16:27:22'),(66,'51e4fa6ef94a362449a56b63c085d3ac',21,70,43,NULL,NULL,52,'asdghasd',NULL,'新建工地：感谢业主大大信任，asdghasd今日开工啦。大吉大利，家宅平安!',0,'设计',1,'2018-06-06 17:10:59'),(67,'27b558d6d794848bafbe78195c1fd201',22,72,44,NULL,NULL,54,'万龙广场',NULL,'新建工地：感谢业主大大信任，万龙广场今日开工啦。大吉大利，家宅平安!',0,'签约',1,'2018-06-06 17:23:09'),(68,'00507ea5436302349f7190a495921d54',NULL,NULL,42,NULL,NULL,51,'通西域欧',NULL,'灌灌灌灌灌过过过过过过过过过过过过',0,'22',1,'2018-06-06 17:25:24'),(69,'694648eb52cd52d3f3bb770e71a6d520',NULL,NULL,40,NULL,NULL,51,'我在人民广场吃炸鸡',NULL,'灌灌灌灌灌过过过过过过过过过',0,'11',1,'2018-06-06 17:25:41'),(70,'847b716756ed899886c03973c02d1f3c',NULL,NULL,42,NULL,NULL,51,'通西域欧',NULL,'ggggggggggggggggggggggggggggggggggggggggggggggggggggggggggggggggggggggg',0,'44',1,'2018-06-07 13:54:25'),(71,'58cd4548b9cbe72afa5bad59f9a1acbe',NULL,NULL,40,NULL,NULL,51,'我在人民广场吃炸鸡',NULL,'hgdddddddddddddddddddddddddddddddddd',0,'44',1,'2018-06-07 13:58:54'),(72,'fd73d10402e5a0e7166bec5b684427ae',NULL,NULL,37,NULL,NULL,51,'未央区粗粮王',NULL,'ggggggggggggggggggggggg',0,'55',1,'2018-06-07 14:01:03'),(73,'eaa28f2f06f81573e11ced780df2e86f',NULL,NULL,44,NULL,NULL,54,'万龙广场',NULL,'设计',0,'设计',1,'2018-06-07 14:17:16'),(74,'c13e356aa41bb35e5393a1a92855a39e',NULL,NULL,44,NULL,NULL,54,'万龙广场',NULL,'跟新了',0,'拆改',1,'2018-06-07 14:22:25'),(75,'f88115714faa224f47d008d73678210c',NULL,NULL,44,NULL,NULL,54,'万龙广场',NULL,'受到轻微的',0,'拆改',1,'2018-06-07 14:36:56'),(76,'89cd9831e5c795dc9d646b35ab2c164e',22,72,44,NULL,NULL,54,'万龙广场',NULL,'夹断要跟新了',0,'水电',1,'2018-06-07 14:55:43'),(77,'96271d81ff85a9e9f652a91c974e50e1',20,71,40,NULL,NULL,51,'我在人民广场吃炸鸡',NULL,'房子从最开始毛坯到装修完成后的明亮大气，得感谢认真负责又吃苦耐劳的设计设、项目经理以及身怀各种技艺的装修工人师傅，以及在他们背后默默支持的其他工作人员。装修过程中已经和他们建立了深厚的信任基础，整个装修过程让我感到很顺畅、自然和舒服。这也算是一种难得缘分，谢谢他们。\r\n\r\n接下来是他家的施工过程记录，我们一起来见证整个蜕变的过程吧。\r\n\r\n先是水电验收，10天的时间内，装修师傅们把该砸掉的墙砸掉了，把水、电路做好了。',0,'33',1,'2018-06-07 14:57:29'),(78,'3203a451843701279934482aba634d54',20,69,45,NULL,NULL,51,'上海市浦东新区保利春天',NULL,'新建工地：感谢业主大大信任，上海市浦东新区保利春天今日开工啦。大吉大利，家宅平安!',0,'签约',1,'2018-06-07 17:32:05'),(79,'754ba403933db827b9036b85c6f8b943',20,69,45,NULL,NULL,51,'上海市浦东新区保利春天',NULL,'北欧风格（Nordic style）是指欧洲北部国家挪威、丹麦、瑞典、芬兰及冰岛等国的艺术设计风格（主要指室内设计以及工业产品设计），具有简洁、自然、人性化的特点。\r\n北欧风格在使大众利益得到关注的同时，北欧设计没有缺失对小众的关怀。例如消除残障人士在生活上的不便，为其设计便捷的人性设计，实现社会公平。它们都体现了北欧风格设计对人的周全关心。',0,'设计',1,'2018-06-07 17:36:24'),(80,'9e8b0ccf242e17fcf4c70c8131db837b',20,68,46,NULL,NULL,51,'浦西陆家嘴',NULL,'感谢业主大大信任，浦西陆家嘴今日开工啦。大吉大利，家宅平安!',0,'水电',1,'2018-06-08 11:58:01'),(81,'aade351bd1b7f7d4b1f9123b61398926',20,68,46,NULL,NULL,51,'浦西陆家嘴',NULL,'在正式做泥木工程之前要先把防水层打好，尤其是卫生间这样水汽比较大的地方，目前一般的楼房都是卫生间和浴室是一体的，所以卫生间经常会被水蒸气包围，因此棚顶的防潮非常重要。\r\n\r\n卫生间的管道也偏多，所以地面防水防滑以及墙顶防潮都非常重要。防水层的厚度大概是在1.5毫米以上。最重要的是，做完防水层以后一定要做闭水的测试。',0,'泥木',1,'2018-06-08 15:36:47'),(82,'54a726f1e4ff4886ed5be434b4a85f7d',23,73,47,NULL,NULL,63,'赛格国际购物中心',NULL,'感谢业主大大信任，赛格国际购物中心今日开工啦。大吉大利，家宅平安!',0,'签约',1,'2018-06-09 09:26:34'),(83,'f69cdb30d2215308db3c96f09c09c539',23,73,47,NULL,NULL,63,'赛格国际购物中心',NULL,'为什么装修公司在签约前，拒绝让业主带走预算？作为业主有权利要求人家给你？给你的理由是什么？你交钱了？你是上帝？似乎没有理由，当然这是站在装修公司角度。\r\n再站在业主角度：你不发我咋知道多钱？这是好多业主的理由。\r\n你可以来看呀，预算做出来，那是要讲解的，预算里头怎么做，为什么这么做，这么做有什么好处，所以才报这个价。如果给你发了，你看得懂吗？',0,'签约',1,'2018-06-09 09:31:56'),(84,'f015b5fe950f2a035779380bac5fdfc3',23,73,48,NULL,NULL,63,'华润二十四城',NULL,'感谢业主大大信任，华润二十四城今日开工啦。大吉大利，家宅平安!',0,'签约',1,'2018-06-09 09:33:11'),(85,'9f5a348d454367875c92f6fc3f0b3bc9',23,73,48,NULL,NULL,63,'华润二十四城',NULL,'特别是厚度超过24厘米以上的砖墙，一般都属于承重墙，不能轻易拆除和改造。承重墙承担着着楼盘的重量，维持着整个房屋结构的力的平衡。如果拆除了承重墙，破坏了这个力的平衡，造成的后果恐怕是沉重的、哪个业主都无法承担的生命的威胁。\r\n 家装中，除了承重墙是绝对不能拆的，轻体墙也不一定可以拆。有的轻体墙也承担着房屋的部分重量。比如，横梁下面的轻体墙就不可以拆——因为它也承担着房屋的部分重量。拆了，一样会破坏房屋结构。',0,'拆改',1,'2018-06-09 09:34:00'),(86,'03da3378fd022b2da54eb3e8cc7b8f95',23,73,49,NULL,NULL,63,'龙岗富士康',NULL,'感谢业主大大信任，龙岗富士康今日开工啦。大吉大利，家宅平安!',0,'瓦工',1,'2018-06-09 10:30:49'),(87,'a445e8749cb58c1d489a7585809c3125',23,73,49,NULL,NULL,63,'龙岗富士康',NULL,'、对于“砖混”结构的建筑，凡是钢筋混凝土墙一律不能拆除，也不能开门开窗。厚度超过24厘米以上的砖墙，一般都属于承重墙，不能轻易拆除和改造。\r\n2、门框是嵌在混凝土中的，不宜拆除，如果拆除或改造，就会破坏建筑结构，降低安全系数，重新安装门也比较困难。\r\n3、阳台边的矮墙不能拆除或改变。一般房间与阳台之间的墙上都有一门一窗，这些门窗可以拆除，但窗以下的墙不能拆，因为这段墙是“配重墙”，它就像秤砣一样起着挑起阳台的作用，如果拆除这堵墙，就会使阳台的承重力下降，导致阳台下坠。\r\n4、房间中的梁柱不能改。梁柱是用来支撑上',0,'瓦工',1,'2018-06-09 10:31:38'),(88,'d7cbcda211d3930e3f4b9928721d7a67',23,73,49,NULL,NULL,63,'龙岗富士康',NULL,'你要问我北京什么时候最美，那我告诉你十月的北京最美。天高云淡，凉爽宜人。而此时北京最美的景致，要属香山的秋色说起香山那我太有发言权了，因为每逢周末我们全家都要到香山公园去爬山。可以说我对香山的一草一木，一山一石都十分熟悉。香山地势峻峭，峰峦叠翠，泉沛林茂。主峰香炉峰（俗称鬼见愁）海拔557米。满山的古树名木数不胜数。这里的春天繁花似锦，这里的夏天凉爽宜人，这里的冬天银妆素裹。尤其是深秋时节，香山的秋色更是绚丽多彩，松柏林间点缀着银杏树、枫树，绿黄红相间，色彩斑斓。香山红叶以叶形如卵的黄栌缀着银杏树、枫树，',0,'设计',1,'2018-06-09 14:36:12'),(89,'c353df8e9fdae76628be2bc038560425',20,68,46,NULL,NULL,51,'浦西陆家嘴',NULL,'你要问我北京什么时候最美，那我告诉你十月的北京最美。天高云淡，凉爽宜人。而此时北京最美的景致，要属香山的秋色说起香山那我太有发言权了，因为每逢周末我们全家都要到香山公园去爬山。可以说我对香山的一草一木，一山一石都十分熟悉。香山地势峻峭，峰峦叠翠，泉沛林茂。主峰香炉峰（俗称鬼见愁）海拔557米。满山的古树名木数不胜数。这里的春天繁花似锦，这里的夏天凉爽宜人，这里的冬天银妆素裹。尤其是深秋时节，香山的秋色更是绚丽多彩，松柏林间点缀着银杏树、枫树，绿黄红相间，色彩斑斓。香山红叶以叶形如卵的黄栌缀着银杏树、枫树，',0,'泥木',1,'2018-06-09 14:41:07'),(90,'1e528db65589e5338b5df386da286d25',22,72,50,NULL,NULL,54,'灰熊小区',NULL,'感谢业主大大信任，灰熊小区今日开工啦。大吉大利，家宅平安!',0,'标8',1,'2018-06-09 17:49:05'),(91,'63122370997771718ef68f889bf4207d',22,72,50,NULL,NULL,54,'灰熊小区',NULL,'跟新了',0,'标9',1,'2018-06-09 17:50:29'),(92,'3d8b7b1f5d16d1498e7b785d4b28a11f',20,68,46,NULL,NULL,51,'浦西陆家嘴',NULL,'是软装的每一个区域、每一种产品都是整体环境的有机组成部分。也是在商业空间环境与居住空间环境中所有可移动的元素统称软装，也可称为软装修、软装饰。软装的元素包括家具、装饰画、陶瓷、花艺绿植、布艺、灯饰、其它装饰摆件等；软装范畴包括家庭住宅、商业空间，如酒店、会所、餐厅、酒吧、办公空间等等，只要有人类活动的室内空间都需要软装陈设。\r\n中文名 软装 外文名 Soft Decoration',0,'软装',1,'2018-06-11 09:43:48'),(93,'3e8b01b29847dc2fe034136d18d5d608',20,69,51,NULL,NULL,51,'湘江万达one',NULL,'感谢业主大大信任，湘江万达one今日开工啦。大吉大利，家宅平安!',0,'拆改',1,'2018-06-11 09:57:27'),(95,'386c006262b1cca911a069fb20016594',20,69,52,NULL,NULL,51,'司法所感受到',NULL,'灌灌灌灌灌',0,'水电',1,'2018-06-11 11:07:50'),(97,'ce6cec72601a8ba276a1a613b1da9749',20,68,53,NULL,NULL,51,'ffffff',NULL,'发发发付费付付付付付付付',0,'水电',1,'2018-06-11 11:11:57'),(98,'ce12fcde84456884d3ef854bf5663170',20,68,53,NULL,NULL,51,'ffffff',NULL,'的点点滴滴多多多',0,'泥木',1,'2018-06-11 11:12:06'),(108,'85adbb5a34e3c81e8a11ba1973f5ef3c',20,69,51,NULL,NULL,51,'湘江万达one',NULL,'灌灌灌灌灌过过过过过过过过过过过过v',0,'拆改',1,'2018-06-11 17:37:18');

/*Table structure for table `fixture_dynamic_comment` */

DROP TABLE IF EXISTS `fixture_dynamic_comment`;

CREATE TABLE `fixture_dynamic_comment` (
  `id` int(11) NOT NULL AUTO_INCREMENT,
  `uuid` char(32) DEFAULT NULL COMMENT '唯一索引id',
  `dynamicid` int(11) DEFAULT NULL COMMENT '动态id',
  `siteid` int(11) DEFAULT NULL COMMENT '工地id',
  `content` text COMMENT '内容',
  `createuserid` int(11) DEFAULT NULL COMMENT '评论者id',
  `replyuserid` int(11) DEFAULT NULL COMMENT '回复者id',
  `created_at` datetime DEFAULT NULL COMMENT '创建时间',
  PRIMARY KEY (`id`)
) ENGINE=InnoDB AUTO_INCREMENT=31 DEFAULT CHARSET=utf8 COMMENT='动态 - 评论';

/*Data for the table `fixture_dynamic_comment` */

insert  into `fixture_dynamic_comment`(`id`,`uuid`,`dynamicid`,`siteid`,`content`,`createuserid`,`replyuserid`,`created_at`) values (1,'eeeeee',21,17,'dawdwqddwqd',1,0,NULL),(3,'38cd5bacfdb2c8606a8e09563a2f950d',21,17,'撤往好的的觉悟i的',22,0,'2018-05-22 17:11:33'),(4,'e0b87db2cac4fda8646324ee944427ad',21,17,'撤往好的的觉悟i的',22,0,'2018-05-22 17:11:56'),(5,'a1963ef8b8fff2810fab2ce46fb8b036',21,17,'撤往好的的觉悟i的',25,0,'2018-05-24 11:54:09'),(6,'e0b87db2cac4fda8646324ee94442788',40,24,'带我去带我去的',25,0,NULL),(7,'0d2398a8aa2f4d3ebb8d13223e16ddfa',67,44,'终于开始了好期待！',56,0,'2018-06-06 19:33:02'),(9,'9bd8855388dc6e652d3f163a7efa19bb',67,44,'进度如何～',56,0,'2018-06-06 19:49:00'),(12,'1639a0bdb0fd0352f49ef226df517fc7',67,44,'啦咯啦咯啦咯',61,0,'2018-06-07 14:14:57'),(15,'26ab1f7d4d0d6167108a730b930bcea0',79,45,'棒棒哒',60,0,'2018-06-07 17:37:09'),(16,'8b6d9563b8c997ff1b10356fc7b95599',79,45,'啦咯啦咯啦咯啦',60,0,'2018-06-07 17:37:16'),(17,'fa6d471ba257a67b0c4daa5a0fccc9b7',79,45,'KKK噢噢噢哦哦',60,0,'2018-06-07 17:37:25'),(18,'1b3ecd08ba6bee09cf36a58cf2494428',85,48,'nhjnh',65,0,'2018-06-09 14:25:56'),(19,'78991b2a2dd43379761427a2eeb01039',89,46,'啦咯啦咯啦咯',60,0,'2018-06-09 17:47:05'),(20,'2a7f00e0a0e2c77594038e0a1030040d',89,46,'KKK噢噢噢哦哦',60,0,'2018-06-09 17:47:12'),(21,'aae90bd897d570c893ad732caa8f63de',89,46,'KKK噢噢噢哦哦',60,0,'2018-06-09 17:47:17'),(22,'866a096f2e6d6285417dfa390a619cc2',89,19,'啦咯啦咯啦咯',60,60,'2018-06-09 17:47:22'),(23,'83859861bc29af419108470c5ddebbee',89,20,'啦咯啦咯啦咯',60,60,'2018-06-09 17:47:30'),(24,'4da1b1577f97b762f6fcc185ee6ff2b3',92,46,'啦咯啦咯啦咯',60,0,'2018-06-11 09:44:08'),(25,'71ae48603d0d3cf86cb6d64702cf0132',93,51,'11562',60,0,'2018-06-11 09:58:26'),(26,'7f4c6d92ba3db4c4ac419e750c7db273',91,50,'哈哈哈',56,0,'2018-06-11 10:21:05'),(27,'146bc1c9636fbb00fd45290266ef3f04',92,46,'啦咯啦咯啦咯',60,0,'2018-06-11 11:25:49'),(28,'df190264fb8d15c4347cbab6bdf7c87b',93,51,'啦咯啦咯啦咯啦',60,0,'2018-06-11 17:36:52'),(29,'b2d8d36d88b2713f8c17644bf5185241',108,51,'KKK',60,0,'2018-06-11 17:37:26'),(30,'7877908324ddc8fb16b8cd89935bb845',91,50,'1',61,0,'2018-06-11 18:02:54');

/*Table structure for table `fixture_dynamic_images` */

DROP TABLE IF EXISTS `fixture_dynamic_images`;

CREATE TABLE `fixture_dynamic_images` (
  `id` int(11) NOT NULL AUTO_INCREMENT,
  `dynamicid` int(11) DEFAULT NULL COMMENT '动态id',
  `ossurl` longtext COMMENT '图片oss地址  最多9张图片 或 1个小视频',
  `type` tinyint(1) DEFAULT '0' COMMENT '文件类型 ，默认0，0图片 1视频',
  `created_at` datetime DEFAULT NULL COMMENT '创建时间',
  PRIMARY KEY (`id`)
) ENGINE=InnoDB AUTO_INCREMENT=157 DEFAULT CHARSET=utf8 COMMENT='动态-图片视频';

/*Data for the table `fixture_dynamic_images` */

insert  into `fixture_dynamic_images`(`id`,`dynamicid`,`ossurl`,`type`,`created_at`) values (1,28,'site/28/dynamic/Fa0MmqDUdjyV8FFm4UEmnWHYFBSyOItfbVhYq6Jh.jpeg',0,'2018-05-09 14:47:26'),(2,28,'site/28/dynamic/M0Ej6VCceeRU634rhInLu9RpoBpe6vCFPg1H7H63.jpeg',0,'2018-05-09 14:47:26'),(3,30,'site/6548406accf57ed9dfda029269810bd2/dynamic/Plzs9caqXfhI7vZJlFvMdbtaBg1Q2tmWvishWNmP.jpeg',0,'2018-05-09 15:37:20'),(4,31,'site/31/dynamic/OqRfMMTCARvWmqW3Y490iYn9WZsndlQE8Y6znwCy.jpeg',0,'2018-05-09 15:41:01'),(5,32,'site/e7628b9c378e5ed5c6b825b90bb8003e/dynamic/TirOHAqSxHINd0jjCtTSOvx7f4w6jkxXwmr6Bd1w.jpeg',0,'2018-05-09 15:42:33'),(6,35,'site/8198a8edea026af729baa9bce46f9574/dynamic/wNjYjSeDvafkuPmXwlRnA6AtfuFz9cF8zR4uABx3.jpeg',0,'2018-05-10 14:57:13'),(7,38,'site/370248ef1e581b3adf14f5134a8c8df3/dynamic/jdWqSXdWYOVHtEhxu3p8U0BDWD1Zc3FNTDzhiT8V.jpeg',0,'2018-05-24 14:12:18'),(8,38,'site/370248ef1e581b3adf14f5134a8c8df3/dynamic/HpcEkEgyIiPQaAAldgsxco7NeJSnclnHPYSqs3Sx.jpeg',0,'2018-05-24 14:12:18'),(9,38,'site/370248ef1e581b3adf14f5134a8c8df3/dynamic/BWH2fIhdCHKV07qjWx2EJYXfTTAilZBJDP5tvRBu.jpeg',0,'2018-05-24 14:12:18'),(10,38,'site/370248ef1e581b3adf14f5134a8c8df3/dynamic/yNYePQhLouQd6oAucI3uiaL1QhY6IXAxA71ejMfz.jpeg',0,'2018-05-24 14:12:18'),(11,38,'site/370248ef1e581b3adf14f5134a8c8df3/dynamic/LIpgFtvVrceJgfSrJkfr76ENzcGYqnJM33xQGw2R.jpeg',0,'2018-05-24 14:12:18'),(12,38,'site/370248ef1e581b3adf14f5134a8c8df3/dynamic/jxRxeviOiE03QZePxnlPDDslSL2HECYeZFYMfZZc.jpeg',0,'2018-05-24 14:12:18'),(13,38,'site/370248ef1e581b3adf14f5134a8c8df3/dynamic/2izQGhiI8yON7CRgDg8FlbzADl4bPG681DG5w0vo.jpeg',0,'2018-05-24 14:12:18'),(14,42,'site/31b74809d38b678c8bcf3a5b818bab65/dynamic/ur2QxgTpiKpzt6FxRDHf5GBGjexsl7GynEprHVqV.jpeg',0,'2018-05-25 15:25:25'),(15,42,'site/31b74809d38b678c8bcf3a5b818bab65/dynamic/8K1VhwtovyZ1TFjNZIUPViBLI9NdW5ZcP5bcSHkw.jpeg',0,'2018-05-25 15:25:25'),(16,42,'site/31b74809d38b678c8bcf3a5b818bab65/dynamic/Y2qhOrJUWzz64SfWiVLJXeAwR08G1pb4qiQDiHB2.jpeg',0,'2018-05-25 15:25:25'),(17,42,'site/31b74809d38b678c8bcf3a5b818bab65/dynamic/zA14mDk0gdXl72mYR7qlsmTGNPMYusmfsuvMQUVL.jpeg',0,'2018-05-25 15:25:25'),(18,42,'site/31b74809d38b678c8bcf3a5b818bab65/dynamic/BTdYpQWv8h67Z3L4Al2h5S82VJ1Np9n3AhUaWsZH.jpeg',0,'2018-05-25 15:25:25'),(19,42,'site/31b74809d38b678c8bcf3a5b818bab65/dynamic/v0udLEti6ly9XCGY1y4gXpAHfqlzOeUBu7Kqu5cE.jpeg',0,'2018-05-25 15:25:25'),(20,42,'site/31b74809d38b678c8bcf3a5b818bab65/dynamic/WptNZvGU6faTuPcy9rHnx0ZKMdnrvF5oQOmWtfkA.jpeg',0,'2018-05-25 15:25:25'),(21,46,'site/006e6d478b11010f9440117dd6d0f228/dynamic/rjfcRNXQpgMah4X8d8FJ3RFmztCuyWfsBmA8gvFV.jpeg',0,'2018-05-30 14:33:42'),(22,46,'site/006e6d478b11010f9440117dd6d0f228/dynamic/hdonuwtRhDLjYKNPdF655VQSqhUMmnF6ivJLRYJe.jpeg',0,'2018-05-30 14:33:42'),(23,46,'site/006e6d478b11010f9440117dd6d0f228/dynamic/CEvxGgPTRNZgQzBoKBZ6CXIUSiizeVTq4BZPUYkN.jpeg',0,'2018-05-30 14:33:42'),(24,46,'site/006e6d478b11010f9440117dd6d0f228/dynamic/NmHVhlcbfEIGvqC5xPKxRgXzgSD3voKjAJL7qEgx.jpeg',0,'2018-05-30 14:33:42'),(25,46,'site/006e6d478b11010f9440117dd6d0f228/dynamic/b4JxHq5muJKfIoij9vjmRlKSJzFan78vMKlvezYB.jpeg',0,'2018-05-30 14:33:42'),(26,46,'site/006e6d478b11010f9440117dd6d0f228/dynamic/IzelxvHZXaSjJnSyNYXefyh8SKY6F0l2gJkXTR2D.jpeg',0,'2018-05-30 14:33:42'),(27,48,'site/60250c0ed4d36c5d5540437933429223/dynamic/ZPGnYaf5U1PmaaMj12ueVJZEOS0xUBhgCH9fhZnR.jpeg',0,'2018-06-04 13:07:45'),(28,48,'site/60250c0ed4d36c5d5540437933429223/dynamic/jz3OT5B0BOTsYFbapTongPVeSz33kgtFIy0Ze4Vw.jpeg',0,'2018-06-04 13:07:45'),(29,48,'site/60250c0ed4d36c5d5540437933429223/dynamic/OsNdDQINKEn5hSb3kWDU44iPcJ54Lo3TVKs9bYMl.jpeg',0,'2018-06-04 13:07:45'),(30,48,'site/60250c0ed4d36c5d5540437933429223/dynamic/jOToHHk5w25qKBnxXdQGsMQVdQ6n8tS4jtXYRRjQ.jpeg',0,'2018-06-04 13:07:45'),(31,52,'site/3964b4147b771c617166e855a6d4a5c3/dynamic/9jQbWyXawLtjcTp7DHvzSltF7os5ECQEdMhqT8aF.jpeg',0,'2018-06-05 10:43:17'),(32,52,'site/3964b4147b771c617166e855a6d4a5c3/dynamic/toeL5rARHOmJWI4eYgFkZ4tEDLjpEQfpussZZUBe.jpeg',0,'2018-06-05 10:43:17'),(33,52,'site/3964b4147b771c617166e855a6d4a5c3/dynamic/6b18wiqX8FJzbmNgl36G8D9Qq9C5f7sg5Ss2u29M.jpeg',0,'2018-06-05 10:43:17'),(34,52,'site/3964b4147b771c617166e855a6d4a5c3/dynamic/A0o0tzpz2Y1wOkrKmnehkcQwM4oO5gIYedZiAtQ6.jpeg',0,'2018-06-05 10:43:17'),(35,52,'site/3964b4147b771c617166e855a6d4a5c3/dynamic/5kEhQKaf7jXdeL5atizVSd0S5UcVwuK114BurZUJ.jpeg',0,'2018-06-05 10:43:17'),(36,52,'site/3964b4147b771c617166e855a6d4a5c3/dynamic/H2WfGHzFeopyVapUc6McJ0eFWHyiayVtWM4zDldX.jpeg',0,'2018-06-05 10:43:18'),(37,56,'site/9b653e60edcc50d1d19dfb3233a2c7dc/dynamic/CaArTsIjQ6ffFBwBRgDUq59sjvF7Bzjp19fHOJmk.jpeg',0,'2018-06-05 17:51:57'),(38,69,'site/6dca908d593bbbf0d039d3621f8c42c7/dynamic/04H0WIJxG9BzoUh434r0YMmtaMLYZOThOnSNpKdu.jpeg',0,'2018-06-06 17:25:41'),(39,69,'site/6dca908d593bbbf0d039d3621f8c42c7/dynamic/C2QLCrtoH3uCExtrFqJQkq1ZiYjKuYiBH58yjWL2.jpeg',0,'2018-06-06 17:25:41'),(40,69,'site/6dca908d593bbbf0d039d3621f8c42c7/dynamic/DD90KVVAVhMEhrsxkncRNGDkLxNpB7EAzfgPJtfu.jpeg',0,'2018-06-06 17:25:41'),(41,69,'site/6dca908d593bbbf0d039d3621f8c42c7/dynamic/yOjiDBFJHB5lDDRtjhFngYmqTDnqb99jg4Oj8Dlz.jpeg',0,'2018-06-06 17:25:41'),(42,70,'site/a2e7a6c00dc459863213643e7f4ebb02/dynamic/AfURMiSx7oVRJd6OTtjA4DsyxDcpqfAqPOQz1s8m.jpeg',0,'2018-06-07 13:54:25'),(43,70,'site/a2e7a6c00dc459863213643e7f4ebb02/dynamic/dAUmxrMYZdmizPYfNqEIJZ9lTKQqIObICx243Zzz.jpeg',0,'2018-06-07 13:54:25'),(44,70,'site/a2e7a6c00dc459863213643e7f4ebb02/dynamic/yGMxbyw07MNbWu092Cxv080nyahjOD8Sgh0deAHd.jpeg',0,'2018-06-07 13:54:25'),(45,70,'site/a2e7a6c00dc459863213643e7f4ebb02/dynamic/UgboXF2sXvrBUbWgWWQ9cxCRahsQM8gZrSzS9BoM.jpeg',0,'2018-06-07 13:54:25'),(46,70,'site/a2e7a6c00dc459863213643e7f4ebb02/dynamic/QzobOjxAZzH1pwxAuaf78n1bZlC6K4tnXHj3snav.jpeg',0,'2018-06-07 13:54:25'),(47,70,'site/a2e7a6c00dc459863213643e7f4ebb02/dynamic/pfzWDv5xC0dFkdmwqFE28yuNXvnFbjx1CIlNF9m7.jpeg',0,'2018-06-07 13:54:25'),(48,70,'site/a2e7a6c00dc459863213643e7f4ebb02/dynamic/6ON2e79H6tnQpTEc654mIsLGfjkk8QfXuBn5lORs.jpeg',0,'2018-06-07 13:54:25'),(49,71,'site/6dca908d593bbbf0d039d3621f8c42c7/dynamic/G19wsUA0ruMRMwz4LanZigPt7MIYRbGx36jrYBZE.jpeg',0,'2018-06-07 13:58:54'),(50,71,'site/6dca908d593bbbf0d039d3621f8c42c7/dynamic/fcBWEH2YEecgkG66GMLCbIGSaJfjrjbz3GSJ01Wy.jpeg',0,'2018-06-07 13:58:54'),(51,71,'site/6dca908d593bbbf0d039d3621f8c42c7/dynamic/FhItfS3TLOQ5BZcCvyDwcLXhzB8oBf4SakVBaIsi.jpeg',0,'2018-06-07 13:58:54'),(52,71,'site/6dca908d593bbbf0d039d3621f8c42c7/dynamic/XJQOfNryezqgWgV6TMHmk81jOTY936tTglvWczAu.jpeg',0,'2018-06-07 13:58:54'),(53,71,'site/6dca908d593bbbf0d039d3621f8c42c7/dynamic/ebrGlVudjrmOiGifmkOLwVsLPeqnkp1cqP71yLpV.jpeg',0,'2018-06-07 13:58:54'),(54,71,'site/6dca908d593bbbf0d039d3621f8c42c7/dynamic/hMbviPbrPHNNt6F1Rb4HRplzoWp91FHa84tj6u8z.jpeg',0,'2018-06-07 13:58:54'),(55,71,'site/6dca908d593bbbf0d039d3621f8c42c7/dynamic/46QcNpkgJ69eIEMGUaNvDzV3fXTScqymDt8qljVP.jpeg',0,'2018-06-07 13:58:54'),(56,72,'site/6c76204bbf51893ad84128f118bb9d30/dynamic/UAHK9jItwC5Jf3tQqLeW3UXGkBU3jxGaLbEZ4ZYF.jpeg',0,'2018-06-07 14:01:03'),(57,72,'site/6c76204bbf51893ad84128f118bb9d30/dynamic/F9nPjCZwummGP5iJekeqyijWtjS7F2VkIAADJCRV.jpeg',0,'2018-06-07 14:01:03'),(58,72,'site/6c76204bbf51893ad84128f118bb9d30/dynamic/MzYJd9763VKde0B8j9FpKyMxZgcJ6cPK52MowNWX.jpeg',0,'2018-06-07 14:01:03'),(59,72,'site/6c76204bbf51893ad84128f118bb9d30/dynamic/7ndeRSMzMMsopZUUJAm1aER69OwhltFRDq4EbwRI.jpeg',0,'2018-06-07 14:01:03'),(60,72,'site/6c76204bbf51893ad84128f118bb9d30/dynamic/uoV1fBNg3v0qbXbv92Ai79LxMbJsxvtXNegYgHUp.jpeg',0,'2018-06-07 14:01:03'),(61,72,'site/6c76204bbf51893ad84128f118bb9d30/dynamic/ZehBMFpmr9AZVxP7sFS3LEwGFq27RnrBASe2BRlW.jpeg',0,'2018-06-07 14:01:03'),(62,72,'site/6c76204bbf51893ad84128f118bb9d30/dynamic/j5NqhXAR8GZ4lBaUWZryG05Iw8YP0IPBUaa5gUvQ.jpeg',0,'2018-06-07 14:01:03'),(63,73,'site/841bd37cc5bc8e8f323a8c6caff0cee1/dynamic/r9CXFIMfmDvzq08PI5DSoBhgkcJGHr8zLakYQX8t.jpeg',0,'2018-06-07 14:17:16'),(64,73,'site/841bd37cc5bc8e8f323a8c6caff0cee1/dynamic/PwA4dXYjxMUmXdWcKePWsF7IkzzBOSmnDjJCM5qh.jpeg',0,'2018-06-07 14:17:16'),(65,75,'site/841bd37cc5bc8e8f323a8c6caff0cee1/dynamic/aPcOCLu3kNBJ82vcj46KFEKSVskUFYv2h9g48O7F.jpeg',0,'2018-06-07 14:36:56'),(66,75,'site/841bd37cc5bc8e8f323a8c6caff0cee1/dynamic/JIEpOppxG8R8dWtUkjffKT323ik1LYGftCcLR6Jj.jpeg',0,'2018-06-07 14:36:56'),(67,76,'site/841bd37cc5bc8e8f323a8c6caff0cee1/dynamic/VjXeIG6nD1HuxA02IgnhdEQ8eImI67MsLgIwc2Im.jpeg',0,'2018-06-07 14:55:43'),(68,76,'site/841bd37cc5bc8e8f323a8c6caff0cee1/dynamic/kCgjM2GcUldiod4OWUFP8kLevrZv74IM2tyzorUE.jpeg',0,'2018-06-07 14:55:43'),(69,76,'site/841bd37cc5bc8e8f323a8c6caff0cee1/dynamic/c3RrlZXFXL1sQLFBB4ywMeZjvZ82GiJLzd97TDB6.jpeg',0,'2018-06-07 14:55:43'),(70,77,'site/6dca908d593bbbf0d039d3621f8c42c7/dynamic/RR6KCpx6gKwq04ZaXJASl2MNRzwHcn3uSX46XDSm.jpeg',0,'2018-06-07 14:57:29'),(71,77,'site/6dca908d593bbbf0d039d3621f8c42c7/dynamic/7L1vPWqxOKMJak957Cf6Ru3fGrZncU62yPI8DqsJ.jpeg',0,'2018-06-07 14:57:29'),(72,77,'site/6dca908d593bbbf0d039d3621f8c42c7/dynamic/sPxpcUhi1N5ZzOVv1OfrAoqKF8YAhyJ7Ef7jqG5C.jpeg',0,'2018-06-07 14:57:29'),(73,77,'site/6dca908d593bbbf0d039d3621f8c42c7/dynamic/BmiXjkMaZrkjkLMhaGx2eps1pWDYD7YGdauQXeS6.jpeg',0,'2018-06-07 14:57:29'),(74,77,'site/6dca908d593bbbf0d039d3621f8c42c7/dynamic/Qjcf5i173I9wFUgFFc3vzxLXuH5FpH7ihO2Dzj7r.jpeg',0,'2018-06-07 14:57:29'),(75,77,'site/6dca908d593bbbf0d039d3621f8c42c7/dynamic/Q95rl9qDelxCADewa3hM85d2mA7U8uEM76r8S3i5.jpeg',0,'2018-06-07 14:57:29'),(76,77,'site/6dca908d593bbbf0d039d3621f8c42c7/dynamic/68OtMPW33YAl9dkFCvXBim8zyioS6xX5198ejmqc.jpeg',0,'2018-06-07 14:57:29'),(77,79,'site/2ef926f9b63e77913fdfcb6c98b92b7f/dynamic/xmFmkC0o8MOLSPuRBJXppdoTZlaLJmJiJn8545Qc.jpeg',0,'2018-06-07 17:36:24'),(78,79,'site/2ef926f9b63e77913fdfcb6c98b92b7f/dynamic/zStyzvMuGoQtTdmRc13cXMoA6w8t5BwfSDVeD0q5.jpeg',0,'2018-06-07 17:36:24'),(79,79,'site/2ef926f9b63e77913fdfcb6c98b92b7f/dynamic/RwjrcsL2WGYBZ7IzVYtIEeBBb0yKpbVOqneyxDCS.jpeg',0,'2018-06-07 17:36:24'),(80,79,'site/2ef926f9b63e77913fdfcb6c98b92b7f/dynamic/VYvjQ23IXdyD1FawuYL5dekeItHoVZJ2JaqZyhSb.jpeg',0,'2018-06-07 17:36:24'),(81,79,'site/2ef926f9b63e77913fdfcb6c98b92b7f/dynamic/DyGsQRQ81LJEfY8FnAbaeyHcdvttGMxfMzNgzwBy.jpeg',0,'2018-06-07 17:36:24'),(82,79,'site/2ef926f9b63e77913fdfcb6c98b92b7f/dynamic/BCYrg7sP7QxaxWAyY7o1B0HSYSdD6CUk4LHPd63b.jpeg',0,'2018-06-07 17:36:24'),(83,79,'site/2ef926f9b63e77913fdfcb6c98b92b7f/dynamic/29w7K1gLMHyPrtHKoDscgOKNbyhK7nvlueRypujf.jpeg',0,'2018-06-07 17:36:24'),(84,79,'site/2ef926f9b63e77913fdfcb6c98b92b7f/dynamic/tvdLLEcXVmk22WaQMl4jQad19ht0nQ2TfDOD1d8E.jpeg',0,'2018-06-07 17:36:24'),(85,79,'site/2ef926f9b63e77913fdfcb6c98b92b7f/dynamic/sjjlNE9KO3a72IIfSV1xDrYUADYdeAIAfEdjn0lo.jpeg',0,'2018-06-07 17:36:24'),(86,81,'site/332e936a3a02ad5ea4adb40293adab40/dynamic/Z7saXEjI3UjvhlBbxho1p5ilnBSgMa1rvCJbzwyn.jpeg',0,'2018-06-08 15:36:47'),(87,81,'site/332e936a3a02ad5ea4adb40293adab40/dynamic/WMy8v2OQfjSnlC00kaMeOCjkHPD1DKccT29pQ7Iw.jpeg',0,'2018-06-08 15:36:47'),(88,81,'site/332e936a3a02ad5ea4adb40293adab40/dynamic/UNTRbfGAT8GYtpT6wctXMroB0zpofnZrJMMUzllg.jpeg',0,'2018-06-08 15:36:47'),(89,81,'site/332e936a3a02ad5ea4adb40293adab40/dynamic/e6lQcMVVFOW4rq5ggO2psYr4m5G4wEQGypwK1YfR.jpeg',0,'2018-06-08 15:36:47'),(90,81,'site/332e936a3a02ad5ea4adb40293adab40/dynamic/CMsJ02aSEReXeEs0gvgzaMshnn8rw0nKQG8UAi1M.jpeg',0,'2018-06-08 15:36:47'),(91,81,'site/332e936a3a02ad5ea4adb40293adab40/dynamic/Yyw7jrwI1a19fcmbbBD9EkWrfbi478Kp8EdOYq8W.jpeg',0,'2018-06-08 15:36:47'),(92,81,'site/332e936a3a02ad5ea4adb40293adab40/dynamic/CSSWrnf8ORkrR6PqwT9jRCfpzT8izJe4Ffpvm2XZ.jpeg',0,'2018-06-08 15:36:47'),(93,81,'site/332e936a3a02ad5ea4adb40293adab40/dynamic/nrk4DS9B7VF3CfHJMXCAeXNu3z7LalIXSH36zHvP.jpeg',0,'2018-06-08 15:36:47'),(94,81,'site/332e936a3a02ad5ea4adb40293adab40/dynamic/wtMkOOlVcivKPVzIh5Guso2z9Pjn7LzhfcEv77Hj.jpeg',0,'2018-06-08 15:36:47'),(95,83,'site/4ad458a558c9f362888b4912491dcb7e/dynamic/Pvm9RXXP6Wx0jemnfBLYV87Ra6CQKc4TyywKs6J4.jpeg',0,'2018-06-09 09:31:56'),(96,83,'site/4ad458a558c9f362888b4912491dcb7e/dynamic/MgKinuXIgisqFfr9psLgaXTxKOz6F8UBycxpp4Vw.jpeg',0,'2018-06-09 09:31:56'),(97,83,'site/4ad458a558c9f362888b4912491dcb7e/dynamic/93p3peuRQaW2zC7driOu5OrGWOUbo38YpoScCeCT.jpeg',0,'2018-06-09 09:31:56'),(98,83,'site/4ad458a558c9f362888b4912491dcb7e/dynamic/7yEXL8VLBdNGiUZG8CNXzHpFx8MBOFh5vJIegiwe.jpeg',0,'2018-06-09 09:31:56'),(99,83,'site/4ad458a558c9f362888b4912491dcb7e/dynamic/2eddpL1yQoX633YOermaGY2BAD4dXTJLyhlA9oYq.jpeg',0,'2018-06-09 09:31:56'),(100,83,'site/4ad458a558c9f362888b4912491dcb7e/dynamic/pQbUQ0zyhPI37TSWS1RQdvcSq8yJvSUUztrLxM2I.jpeg',0,'2018-06-09 09:31:56'),(101,83,'site/4ad458a558c9f362888b4912491dcb7e/dynamic/5Gc56IWeVD4Abfz4kByjd8MnmsEomKIwW2dF7JZ0.jpeg',0,'2018-06-09 09:31:56'),(102,83,'site/4ad458a558c9f362888b4912491dcb7e/dynamic/beZrP562o2Md2mEe28iBGIBC5tpmf2xpkZmxHApY.jpeg',0,'2018-06-09 09:31:56'),(103,83,'site/4ad458a558c9f362888b4912491dcb7e/dynamic/iOsi0OMwY68tbTRMJNHKGVIOkIwqTGBVp7Af3Ccj.jpeg',0,'2018-06-09 09:31:56'),(104,85,'site/94ccf7123b1b045912cbb36b8cf7ca6d/dynamic/fn5oOnrI3nxfult5ZcbcptxJzcu9BJmV2wLlZ1WK.jpeg',0,'2018-06-09 09:34:00'),(105,85,'site/94ccf7123b1b045912cbb36b8cf7ca6d/dynamic/Th7iIBdEVdkUkvNymMVNmKUmvQnnAli7hiMDWx5w.jpeg',0,'2018-06-09 09:34:00'),(106,85,'site/94ccf7123b1b045912cbb36b8cf7ca6d/dynamic/CMJRSKCZj1sFFM8mWe9J0ZwJrxuyjEII4H3kwiza.jpeg',0,'2018-06-09 09:34:00'),(107,85,'site/94ccf7123b1b045912cbb36b8cf7ca6d/dynamic/9YDDAa3FneZl6oAd6Dc1p9Oy4cASvxlzQ9xBpveF.jpeg',0,'2018-06-09 09:34:00'),(108,85,'site/94ccf7123b1b045912cbb36b8cf7ca6d/dynamic/x5f81hZkTa5boERZDK9CZXUnX9zbHsyndUyzmrcu.jpeg',0,'2018-06-09 09:34:00'),(109,85,'site/94ccf7123b1b045912cbb36b8cf7ca6d/dynamic/ruiljfWJWBQgthfFyV8qHnovCq3Vsr2Htz2FsCPE.jpeg',0,'2018-06-09 09:34:00'),(110,85,'site/94ccf7123b1b045912cbb36b8cf7ca6d/dynamic/af3tbjg0Rktv2cebCI0zAKp1jnbOxOurkBqe6b3q.jpeg',0,'2018-06-09 09:34:00'),(111,85,'site/94ccf7123b1b045912cbb36b8cf7ca6d/dynamic/xFzGVn4pJiB0P7whKpQP760gsooLvWiIElaSS36z.jpeg',0,'2018-06-09 09:34:00'),(112,85,'site/94ccf7123b1b045912cbb36b8cf7ca6d/dynamic/ixEdSJXTUKFGE8nHihBSvXoBecpWoibt9qLzUXIt.jpeg',0,'2018-06-09 09:34:00'),(113,87,'site/b89e6079ef724126064fc5b333d6e9bf/dynamic/WzZ1IHh6nFZCzBWI93ENGAbYocW4eMb2OdZBFXhX.jpeg',0,'2018-06-09 10:31:38'),(114,87,'site/b89e6079ef724126064fc5b333d6e9bf/dynamic/A3gCocfNVKFBJXTGuCjhk7y6yeatzAK8Ae0WzOvV.jpeg',0,'2018-06-09 10:31:38'),(115,87,'site/b89e6079ef724126064fc5b333d6e9bf/dynamic/Lmjaed0pe55dIPK2unHuDbJnsM7IKb4D9OWPzUcj.jpeg',0,'2018-06-09 10:31:38'),(116,87,'site/b89e6079ef724126064fc5b333d6e9bf/dynamic/xO6WBT3W3IXOx5s5PRxdoYxVdRBT5cwMaCzEVM99.jpeg',0,'2018-06-09 10:31:38'),(117,87,'site/b89e6079ef724126064fc5b333d6e9bf/dynamic/ROdvKWgjdpAsnYMIDRpz0iwAAr9DeV5wPRL1qgSK.jpeg',0,'2018-06-09 10:31:38'),(118,87,'site/b89e6079ef724126064fc5b333d6e9bf/dynamic/rxBjRmvoYZN546QpRyWxQPbmRfLyhRIV3yVcjM8c.jpeg',0,'2018-06-09 10:31:38'),(119,87,'site/b89e6079ef724126064fc5b333d6e9bf/dynamic/GDJzW7kF4w6iDwr5JCjFKdeTMGxpSju8vd62pNCV.jpeg',0,'2018-06-09 10:31:38'),(120,87,'site/b89e6079ef724126064fc5b333d6e9bf/dynamic/D9q24Lachu3j4LyqxVBHPwURSVn7HfWEt418OrcH.jpeg',0,'2018-06-09 10:31:38'),(121,87,'site/b89e6079ef724126064fc5b333d6e9bf/dynamic/YgWIDgXFVvGNSoMW4g4loh327pIeXDQRv7KDrFnD.jpeg',0,'2018-06-09 10:31:38'),(122,88,'site/b89e6079ef724126064fc5b333d6e9bf/dynamic/f28LBbJ875LW3K1jwa8zxCqnNvrjQ59BngA9B9Y7.jpeg',0,'2018-06-09 14:36:12'),(123,88,'site/b89e6079ef724126064fc5b333d6e9bf/dynamic/TgnR5nv4m8VcPRoA8RFITflTd0mptfvNfvjoklVf.jpeg',0,'2018-06-09 14:36:12'),(124,88,'site/b89e6079ef724126064fc5b333d6e9bf/dynamic/zEe6JJUDZ3eurgwDJDmAj2Ah2zNfFGXnDMx2fbHq.jpeg',0,'2018-06-09 14:36:12'),(125,88,'site/b89e6079ef724126064fc5b333d6e9bf/dynamic/4otjgLqNJ8t1QsAj2yJZF8oN0CsJ794cF5nErEtK.jpeg',0,'2018-06-09 14:36:12'),(126,88,'site/b89e6079ef724126064fc5b333d6e9bf/dynamic/aUXLIGMk42Voiphko6ZQ1bgWiImtRDLX4fm3Zgod.jpeg',0,'2018-06-09 14:36:12'),(127,88,'site/b89e6079ef724126064fc5b333d6e9bf/dynamic/2IrS33pc63xfBL3GuLDcdzpEjeJ36VFUUV9LTQgH.jpeg',0,'2018-06-09 14:36:12'),(128,88,'site/b89e6079ef724126064fc5b333d6e9bf/dynamic/zw9tU5bGsE9FL7FnnMPrbBLALgaHnLY9bfnIFN3S.jpeg',0,'2018-06-09 14:36:12'),(129,89,'site/332e936a3a02ad5ea4adb40293adab40/dynamic/oB9NA1C1SBZB069rBSSOk1DAcUV2K98erAbrel8C.jpeg',0,'2018-06-09 14:41:07'),(130,89,'site/332e936a3a02ad5ea4adb40293adab40/dynamic/E00U2Rg3CAL8Wmr4oEHCK4uwzeZKzX83ULgWt3Ue.jpeg',0,'2018-06-09 14:41:07'),(131,89,'site/332e936a3a02ad5ea4adb40293adab40/dynamic/ElFNyHc7SZSXWLPqdL4Cyloa7Oz80oibdk7iUCRk.jpeg',0,'2018-06-09 14:41:07'),(132,89,'site/332e936a3a02ad5ea4adb40293adab40/dynamic/FFPhP3ea1oEd9Txy7sm2BjUJkP9Ouwuf5xPBzyM6.jpeg',0,'2018-06-09 14:41:07'),(133,89,'site/332e936a3a02ad5ea4adb40293adab40/dynamic/gAhtjjYipy0X0VfIodrSleEkkLcfV4p9aqCWatA1.jpeg',0,'2018-06-09 14:41:07'),(134,89,'site/332e936a3a02ad5ea4adb40293adab40/dynamic/PVAnjzJCx2EHCK9ewbYLy3G2CIfNHqjEW0zrauPY.png',0,'2018-06-09 14:41:07'),(135,89,'site/332e936a3a02ad5ea4adb40293adab40/dynamic/9GI4O1hdXxY278R6F0SJP2MshnGgwzTVqMmIsCeK.jpeg',0,'2018-06-09 14:41:07'),(136,89,'site/332e936a3a02ad5ea4adb40293adab40/dynamic/fptGFSZNv3597KTwgZB9wIwYg5DXBG1rRWIqUW8t.jpeg',0,'2018-06-09 14:41:07'),(137,89,'site/332e936a3a02ad5ea4adb40293adab40/dynamic/ncYDbZpLiCePoRbRwXfn6XjNUe3TGLIuaTM1ygpG.jpeg',0,'2018-06-09 14:41:07'),(138,91,'site/32728576e397919feb66ea91688061ca/dynamic/sLKr3Wpg5uJPERLsioclEY1bVS22i3sQqFYaXSEU.jpeg',0,'2018-06-09 17:50:29'),(139,91,'site/32728576e397919feb66ea91688061ca/dynamic/9sn8acuizGmy8D8epDYdK3OEeXFjMhB8Vsk7u7Xt.jpeg',0,'2018-06-09 17:50:29'),(140,92,'site/332e936a3a02ad5ea4adb40293adab40/dynamic/S3221j4FgZNfHSeK11JcHykzpAukAdxlZJpSfvrz.jpeg',0,'2018-06-11 09:43:48'),(141,92,'site/332e936a3a02ad5ea4adb40293adab40/dynamic/PHW411KqcBlOy7fFnsePvX7rqd3kjOXryVordH7I.jpeg',0,'2018-06-11 09:43:48'),(142,92,'site/332e936a3a02ad5ea4adb40293adab40/dynamic/TXWRWCf1hhghJavHKhqcgsIjkMO5WrH9tOgFZKUn.jpeg',0,'2018-06-11 09:43:48'),(143,92,'site/332e936a3a02ad5ea4adb40293adab40/dynamic/903nqEI52QLWx2XwbkKQUqBesFlj6VaiczuNBNmx.jpeg',0,'2018-06-11 09:43:48'),(144,92,'site/332e936a3a02ad5ea4adb40293adab40/dynamic/kM9V25GORogu1EYhCvQd0ZcJqGfhK2OqqAoCHL1z.jpeg',0,'2018-06-11 09:43:48'),(145,92,'site/332e936a3a02ad5ea4adb40293adab40/dynamic/xOg1iW5sdq2aMGTUByg3MJPmM6SxVBkYvX5lOC2y.jpeg',0,'2018-06-11 09:43:48'),(146,92,'site/332e936a3a02ad5ea4adb40293adab40/dynamic/Ffnqs0s5Uq50xFcG36xLsP3FOn77Ow7uxG8upsbg.jpeg',0,'2018-06-11 09:43:48'),(147,92,'site/332e936a3a02ad5ea4adb40293adab40/dynamic/xmKanEkws3ly79MKJm4sbIqq7o0nk829umoGv46D.jpeg',0,'2018-06-11 09:43:48'),(148,92,'site/332e936a3a02ad5ea4adb40293adab40/dynamic/YRMZWvpUBIi47ilZxbtsmLS3fn8hz8eklR3RJOu9.png',0,'2018-06-11 09:43:48'),(149,95,'site/cb52b2645f0843bd0d436adece3bc6f9/dynamic/AcyzG02HYc4XRXsg17aEKBIY3W22Qu2ZonBSKwUr.jpeg',0,'2018-06-11 11:07:50'),(150,97,'site/0fa0fddf5389945d2dfb3adbdc7d3b4b/dynamic/JXu6LA1hfKpTrJ5Y0zpKkeaOos57Yuz4irPsBQRk.jpeg',0,'2018-06-11 11:11:57'),(151,98,'site/0fa0fddf5389945d2dfb3adbdc7d3b4b/dynamic/YuL78pB40WskhzN4Ma85NUbckBBgqMfVVg4tMRL1.jpeg',0,'2018-06-11 11:12:06'),(156,108,'site/f01ae4d0fbe53e8f5289819f0affad86/dynamic/iS7j7B8ZXrczsFiIZqKhuQphADglohnVSiOqFEqm.jpeg',0,'2018-06-11 17:37:18');

/*Table structure for table `fixture_dynamic_statistics` */

DROP TABLE IF EXISTS `fixture_dynamic_statistics`;

CREATE TABLE `fixture_dynamic_statistics` (
  `id` int(11) NOT NULL AUTO_INCREMENT,
  `dynamicid` int(11) DEFAULT NULL COMMENT '动态id',
  `siteid` int(11) DEFAULT NULL COMMENT '工地id',
  `linkednum` int(11) DEFAULT NULL COMMENT '浏览量 =进入页面次数',
  `commentnum` int(11) DEFAULT NULL COMMENT '评论数和回复数',
  `thumbsupnum` int(11) DEFAULT NULL COMMENT '点赞数，只可增加。',
  `follownum` int(11) DEFAULT NULL COMMENT '关注数=观光团围观数',
  PRIMARY KEY (`id`)
) ENGINE=InnoDB DEFAULT CHARSET=utf8 COMMENT='动态 - 统计';

/*Data for the table `fixture_dynamic_statistics` */

/*Table structure for table `fixture_filter_function` */

DROP TABLE IF EXISTS `fixture_filter_function`;

CREATE TABLE `fixture_filter_function` (
  `id` int(11) NOT NULL COMMENT '编号',
  `uuid` char(32) COLLATE utf8mb4_unicode_ci DEFAULT NULL COMMENT '姓名',
  `name` varchar(100) COLLATE utf8mb4_unicode_ci DEFAULT NULL COMMENT '名称',
  `pid` int(11) DEFAULT NULL COMMENT '父类id',
  `sort` int(11) DEFAULT '0' COMMENT '排序',
  `ismenu` tinyint(1) DEFAULT NULL COMMENT '是否菜单显示 1显示 0不显示',
  `menuname` varchar(100) COLLATE utf8mb4_unicode_ci DEFAULT NULL COMMENT '菜单显示名称',
  `level` tinyint(1) DEFAULT NULL COMMENT '层级',
  `controller` varchar(100) COLLATE utf8mb4_unicode_ci DEFAULT NULL COMMENT '接口地址  和真实一样',
  `url` varchar(255) COLLATE utf8mb4_unicode_ci DEFAULT NULL COMMENT '访问地址',
  `status` tinyint(1) DEFAULT '1' COMMENT '状态 1可用 0 不可用',
  `created_at` datetime DEFAULT NULL,
  PRIMARY KEY (`id`)
) ENGINE=InnoDB DEFAULT CHARSET=utf8mb4 COLLATE=utf8mb4_unicode_ci COMMENT='过滤 - 功能';

/*Data for the table `fixture_filter_function` */

insert  into `fixture_filter_function`(`id`,`uuid`,`name`,`pid`,`sort`,`ismenu`,`menuname`,`level`,`controller`,`url`,`status`,`created_at`) values (1,'a62045a65ff211e889fa94de807e34a0','活动管理',0,1,1,'活动管理',1,'',NULL,1,'2018-05-25 16:07:00'),(2,'a620486f5ff211e889fa94de807e34a0','项目管理',0,2,1,'项目管理',1,'',NULL,1,'2018-05-25 16:07:00'),(3,'a620498d5ff211e889fa94de807e34a0','客户管理',0,3,1,'客户管理',1,'',NULL,1,'2018-05-25 16:07:00'),(4,'a6204aa75ff211e889fa94de807e34a0','门店管理',0,4,1,'门店管理',1,'StoreController','store-index',1,'2018-05-25 16:07:00'),(5,'a6204b8e5ff211e889fa94de807e34a0','角色管理',0,5,1,'角色管理',1,'RolesController','roles-index',1,'2018-05-25 16:07:00'),(6,'a6204c755ff211e889fa94de807e34a0','用户管理',0,6,1,'用户管理',1,'AdminController','admin-index',1,'2018-05-25 16:07:00'),(7,'a6204d5f5ff211e889fa94de807e34a0','系统属性',0,7,1,'系统属性',1,'DataController','data-index',1,'2018-05-25 16:07:00'),(101,'a6204e405ff211e889fa94de807e34a0','幸运抽奖',1,1,1,'幸运抽奖',2,'ActivityLuckyController','lucky-index',1,'2018-05-25 16:07:00'),(201,'a62055235ff211e889fa94de807e34a0','项目列表',2,1,1,'项目列表',2,'SiteController','site.index',1,'2018-05-25 16:07:00'),(202,'a62056155ff211e889fa94de807e34a0','新建项目',2,2,1,'新建项目',2,'SiteController','site.create',1,'2018-05-25 16:07:00'),(203,'a62056f55ff211e889fa94de807e34a0','阶段模板',2,3,1,'阶段模板',2,'SiteTemplateController','site-template.index',1,'2018-05-25 16:07:00'),(301,'a6205c485ff211e889fa94de807e34a0','预约客户',3,1,1,'预约客户',3,'ClientController','client.index',1,'2018-05-25 16:07:00'),(302,'a6205d325ff211e889fa94de807e34a0','抽奖客户',3,2,1,'抽奖客户',3,'ClientController','lucky-client',1,'2018-05-25 16:07:00');

/*Table structure for table `fixture_filter_role` */

DROP TABLE IF EXISTS `fixture_filter_role`;

CREATE TABLE `fixture_filter_role` (
  `id` int(11) NOT NULL AUTO_INCREMENT,
  `uuid` char(32) COLLATE utf8mb4_unicode_ci DEFAULT NULL COMMENT '姓名',
  `name` varchar(100) COLLATE utf8mb4_unicode_ci DEFAULT NULL COMMENT '公司id 对应公司表company的id',
  `status` tinyint(1) DEFAULT '1' COMMENT '状态 1可用 0 不可用',
  `isdefault` tinyint(1) DEFAULT '0' COMMENT '是否默认 1默认 0非默认 ， 默认的不能删除',
  `companyid` int(11) DEFAULT NULL COMMENT '公司id',
  `storeid` int(11) DEFAULT NULL COMMENT '门店id',
  `cityid` int(11) DEFAULT NULL COMMENT '市id',
  `userid` int(11) DEFAULT NULL COMMENT '创建者id,对应用户user表id',
  `created_at` datetime DEFAULT NULL,
  `updated_at` datetime DEFAULT NULL COMMENT '更新时间',
  PRIMARY KEY (`id`)
) ENGINE=InnoDB AUTO_INCREMENT=53 DEFAULT CHARSET=utf8mb4 COLLATE=utf8mb4_unicode_ci COMMENT='过滤 - 角色';

/*Data for the table `fixture_filter_role` */

insert  into `fixture_filter_role`(`id`,`uuid`,`name`,`status`,`isdefault`,`companyid`,`storeid`,`cityid`,`userid`,`created_at`,`updated_at`) values (1,'4a7fd8cb371511e89ce094de807e34a0','管理员',1,1,NULL,NULL,NULL,NULL,'2018-04-03 16:02:01',NULL),(2,'4a800506371511e89ce094de807e34a0','门店管理员',1,1,NULL,NULL,NULL,NULL,'2018-04-03 16:02:01','0000-00-00 00:00:00'),(32,'bc6f3e38dd19753a848c5e3cc09abe48','操作员',1,0,NULL,NULL,NULL,NULL,'2018-05-10 20:49:45','2018-05-10 20:50:45'),(33,'ae5f2c77bc709e7e84cd51b9c66b3f9c','测试的角色',1,0,NULL,NULL,NULL,NULL,'2018-05-24 11:46:59',NULL),(34,'15c83a1ae8c79c8683bc9a9b180e4d8f','测试的角色4',1,0,NULL,NULL,NULL,NULL,'2018-05-24 11:47:17',NULL),(35,'85d2699289cba70423ca5ccdcb28e32e','角2-1',1,0,2,NULL,610100,2,'2018-05-24 17:51:40',NULL),(36,'451b6b68210a493dc03a7541df488179','角2-2',1,0,2,NULL,610100,2,'2018-05-24 17:53:47',NULL),(37,'d00e5f4106d750af88364f42fda85d65','角2-3',1,0,2,NULL,610100,2,'2018-05-24 17:53:54',NULL),(38,'9af57266ff008f8f71ff6f57d285caf1','角2-4',1,0,2,NULL,610100,2,'2018-05-24 17:54:00',NULL),(39,'2eec752e097d448e788c3e1e92133437','角2-5',1,0,2,NULL,610100,2,'2018-05-24 17:54:05',NULL),(41,'f11d9d9bfbb92f172a70e0fdd8d5a3ef','ff',1,0,2,NULL,610100,2,'2018-05-24 17:56:51',NULL),(42,'1180e4ab0dada39e2428d1c42869e78a','测试',1,0,9,44,610100,24,'2018-05-25 10:20:41','2018-06-04 17:48:26'),(43,'fcec71acabff0f0300044611bc5acede','复测2',1,0,9,44,210100,24,'2018-05-25 15:29:47','2018-06-04 17:48:32'),(44,'2acc03a2a34f3eca8da533ecb2b6da3a','测试234',1,0,9,44,210100,24,'2018-05-30 16:03:03','2018-06-04 17:48:38'),(45,'ba698b79609bb7bd62f83d1c22c7da73','工地管理',1,0,8,43,110100,25,'2018-06-04 15:06:41',NULL),(47,'3895cc3d67758108d18beabae72e5fa7','啊啊啊',1,0,16,60,150600,44,'2018-06-05 13:28:06',NULL),(48,'0e43562760d1b16ceaec4cb4c73a1848','门店管理员',1,0,12,54,610100,39,'2018-06-05 13:56:51',NULL),(49,'412bc9beb4436c67fcb07812ecbfe61c','chengshicehi',1,0,12,54,610100,39,'2018-06-05 15:47:13',NULL),(50,'7e358809f36d245506cc5d11475f3700','城市',1,0,20,68,610100,51,'2018-06-06 15:16:09','2018-06-06 16:06:49'),(51,'0a8c05bd7b482a479ab06f178baed9bd','角色1',1,0,21,70,120100,52,'2018-06-06 15:20:39',NULL),(52,'0679b3d7f508e826e8b8000cf4aa7ef5','门店',1,0,20,68,610100,51,'2018-06-06 15:45:26',NULL);

/*Table structure for table `fixture_filter_role_function` */

DROP TABLE IF EXISTS `fixture_filter_role_function`;

CREATE TABLE `fixture_filter_role_function` (
  `id` bigint(11) NOT NULL AUTO_INCREMENT,
  `uuid` char(32) COLLATE utf8mb4_unicode_ci DEFAULT NULL COMMENT '姓名',
  `roleid` int(11) DEFAULT NULL COMMENT '角色id 对应role表id',
  `functionid` int(11) DEFAULT NULL COMMENT '功能id 对应功能表function的id',
  `islook` tinyint(1) DEFAULT '1' COMMENT '视野范围，默认3,1全部 2城市 3门店 4部分门店',
  `created_at` datetime DEFAULT NULL,
  PRIMARY KEY (`id`)
) ENGINE=InnoDB AUTO_INCREMENT=162 DEFAULT CHARSET=utf8mb4 COLLATE=utf8mb4_unicode_ci COMMENT='过滤 - 角色功能';

/*Data for the table `fixture_filter_role_function` */

insert  into `fixture_filter_role_function`(`id`,`uuid`,`roleid`,`functionid`,`islook`,`created_at`) values (1,'87dbd8e06a5526b6ee98f8788a834047',35,4,1,'2018-05-25 17:37:52'),(2,'7caa252d8588dbc5527189bcbf27c472',35,5,1,'2018-05-25 17:37:52'),(3,'93dda9aa700f80ae9bd0e2ec7c2cd7d2',35,6,1,'2018-05-25 17:37:52'),(4,'847c079a55d967842a35c6fc8e52be0d',35,7,1,'2018-05-25 17:37:52'),(5,'fca12533e261f77aeb9ce606de0d88d8',35,2,1,'2018-05-25 17:37:52'),(6,'f0d27ff84ec870c6414cc17371c92b07',35,201,1,'2018-05-25 17:37:52'),(15,NULL,35,202,1,NULL),(16,NULL,35,203,1,NULL),(17,NULL,35,3,1,NULL),(18,NULL,35,301,1,NULL),(19,NULL,35,302,1,NULL),(20,NULL,35,1,1,NULL),(21,NULL,35,101,1,NULL),(28,'3c4f69fda6dd172f4032ef0dd106cefb',37,4,2,'2018-06-02 17:21:54'),(44,'ab88e2b4c978ed463cfc6b476cddd854',45,2,3,'2018-06-04 15:15:03'),(45,'e3e8c11837715eded0c586126ee73fea',45,201,3,'2018-06-04 15:15:03'),(46,'424b03d6431d8a07328ede308511450d',45,202,3,'2018-06-04 15:15:03'),(47,'67bfdc33947ca094051d12d839fbd652',45,203,3,'2018-06-04 15:15:03'),(48,'2fe6403cf2f61d92d5e284e3e507539e',45,3,3,'2018-06-04 15:15:03'),(49,'6c16be311d4fe39c398a7ca2ce3a33c3',45,301,3,'2018-06-04 15:15:03'),(50,'ba382dc54219838f38cb469ed8cbe901',45,302,3,'2018-06-04 15:15:03'),(65,'250d26953a397e760c3a4a83621b766c',47,1,1,'2018-06-05 13:30:26'),(66,'47923af6134f6c0affdf00c35ea175b5',47,101,1,'2018-06-05 13:30:26'),(67,'f823dc54c2ca66e9a201c395512348b1',47,2,1,'2018-06-05 13:30:26'),(68,'a068e75d216c831fa205634f6a0e5425',47,201,1,'2018-06-05 13:30:26'),(69,'085488f1bca076dc853c1f05560d0233',47,202,1,'2018-06-05 13:30:26'),(70,'c15d160261a591d3565187c719515960',47,203,1,'2018-06-05 13:30:26'),(104,'4f536ff9465cd9da5bd251dd422af0ef',48,1,3,'2018-06-05 14:53:56'),(105,'125f5cc5c4d7096e1a65e7937e223967',48,101,3,'2018-06-05 14:53:56'),(106,'b44bb27ecef56bed4351f3ce95eb17ff',48,2,3,'2018-06-05 14:53:56'),(107,'c73f5413fbe5d46b136f4a699d382dfb',48,201,3,'2018-06-05 14:53:56'),(108,'378082bda022385b3eff21321550dc06',48,202,3,'2018-06-05 14:53:56'),(109,'c70818558bfccc7ae0ce32c2f8a67b56',48,203,3,'2018-06-05 14:53:56'),(110,'2b7e23ad9738a9b17841e18e767e25a9',48,3,3,'2018-06-05 14:53:56'),(111,'b3700ed280807b36451ad62a4bf31bbc',48,301,3,'2018-06-05 14:53:56'),(112,'03979911e9e3cad3a01311737448a7c8',48,302,3,'2018-06-05 14:53:56'),(113,'4cdcdaa931b6eadcaac5dd69a1c65653',48,4,3,'2018-06-05 14:53:56'),(114,'e276eae154418149a0a06a2a05ebe306',48,5,3,'2018-06-05 14:53:56'),(115,'213791b06128e2650b0a10de56701c43',48,6,3,'2018-06-05 14:53:56'),(116,'f5f8079068768bca867a9217b363a5f8',48,7,3,'2018-06-05 14:53:56'),(117,'c71aa2c7668e24b3b1058771f6dff53a',49,1,2,'2018-06-05 15:47:37'),(118,'804c2ff4bf43d8a4883fe2a362b57269',49,101,2,'2018-06-05 15:47:37'),(119,'d38a68c74c46272707b625152048bd7e',49,2,2,'2018-06-05 15:47:37'),(120,'20741e90bab485a113b855a272b723a5',49,201,2,'2018-06-05 15:47:37'),(121,'a4c4f12dcba775195f8049cd6c42d78f',49,202,2,'2018-06-05 15:47:37'),(122,'35643d06752ba4c1c66aa89dd0d20504',49,203,2,'2018-06-05 15:47:37'),(123,'e30fdd0e1a94fff946001e770a3ab5eb',49,3,2,'2018-06-05 15:47:37'),(124,'3adf01c08b7577b1b71982412233d90f',49,301,2,'2018-06-05 15:47:37'),(125,'c8190eee813cb3538157a92cac81bac7',49,302,2,'2018-06-05 15:47:37'),(126,'ccfe474c7c2b1d9b05efd96fe069dbe2',49,4,2,'2018-06-05 15:47:37'),(127,'5649f5b8f714539fcb3b4a868cf6121d',49,5,2,'2018-06-05 15:47:37'),(128,'8bf996d1e43e325c344e712e0609e267',49,6,2,'2018-06-05 15:47:37'),(129,'ceab7d8ed72649d10d485bbe50a0c648',49,7,2,'2018-06-05 15:47:37'),(130,'39afd70302b12573390e50588153dc62',36,1,2,'2018-06-05 17:16:26'),(131,'c7db01b3862d03438394267c3d8429a8',36,101,2,'2018-06-05 17:16:26'),(132,'d3309bc658115a29d8a2bf261da5acc3',36,2,1,'2018-06-05 17:16:26'),(133,'d1eb126f30df72bd1847c8a0b8d262b1',36,201,1,'2018-06-05 17:16:26'),(134,'352c4596456453b7ac8d038115c0b684',36,202,1,'2018-06-05 17:16:26'),(135,'280f81f2208a2cf97ac766ea861e3b6b',36,203,1,'2018-06-05 17:16:26'),(136,'03921e24aca1f2ab17afc4d72ed321c8',50,1,2,'2018-06-06 15:16:26'),(137,'d4b26e61b25199615a941fbc36a25c8d',50,101,2,'2018-06-06 15:16:26'),(138,'8a7a88508592f3744a36613780b49960',50,2,2,'2018-06-06 15:16:26'),(139,'d448d376502cd3dc1b9a053236bba1e8',50,201,2,'2018-06-06 15:16:26'),(140,'cf600984ddec754db3ff912de6e28bc3',50,202,2,'2018-06-06 15:16:26'),(141,'58f65494cdcf3cb9336b1c896e3edd44',50,203,2,'2018-06-06 15:16:26'),(142,'24af3c674532f1c1faee5526c02a851d',50,3,2,'2018-06-06 15:16:26'),(143,'2338a545f91de8023baf1d0483db6bbc',50,301,2,'2018-06-06 15:16:26'),(144,'57f77609d0939cc855135b5a4d601515',50,302,2,'2018-06-06 15:16:26'),(145,'65a60a46a57b5ce21a6f69f37c4251f3',50,4,2,'2018-06-06 15:16:26'),(146,'649fdb94f17bc7d1b863ee2558a19865',50,5,2,'2018-06-06 15:16:26'),(147,'9762a1bb59e1dd757137ec3c34e4be3a',50,6,2,'2018-06-06 15:16:26'),(148,'3f7f64977a48d392f7c7074da67a0160',50,7,2,'2018-06-06 15:16:26'),(149,'4420d023f3956b0a6ef19bed3f88a21e',52,1,3,'2018-06-06 15:45:47'),(150,'96faa209bd0fa231dda3f6d7c08d8451',52,101,3,'2018-06-06 15:45:47'),(151,'60dd6382268542ce2e3680341fc30950',52,2,3,'2018-06-06 15:45:47'),(152,'62650082ba7d6f481eb84db5deca59ec',52,201,3,'2018-06-06 15:45:47'),(153,'44ab61f7fc210f6ea42e8744cef75e6c',52,202,3,'2018-06-06 15:45:47'),(154,'8556f3b43beeb4cc62cc981cc92b5071',52,203,3,'2018-06-06 15:45:47'),(155,'86d1944f88806356bd0ca11268e99f47',52,3,3,'2018-06-06 15:45:47'),(156,'d2fd99ee54c10bdc374ab52325080d01',52,301,3,'2018-06-06 15:45:47'),(157,'52fcdf739b42d72f93f70401d7da4258',52,302,3,'2018-06-06 15:45:47'),(158,'5cb92df1130d49e6aafca37bf839471f',52,4,3,'2018-06-06 15:45:47'),(159,'dc6bd838d57fa45e346fa3dd2bd24658',52,5,3,'2018-06-06 15:45:47'),(160,'b036575ca23b3b87a08a8233e0f35c3d',52,6,3,'2018-06-06 15:45:47'),(161,'53774f5018014a78120bd42d0c1d9a11',52,7,3,'2018-06-06 15:45:47');

/*Table structure for table `fixture_log_notice` */

DROP TABLE IF EXISTS `fixture_log_notice`;

CREATE TABLE `fixture_log_notice` (
  `id` int(11) NOT NULL AUTO_INCREMENT,
  `uuid` char(32) COLLATE utf8mb4_unicode_ci DEFAULT NULL,
  `companyid` int(11) DEFAULT NULL COMMENT '公司id',
  `cityid` int(11) DEFAULT NULL COMMENT '城市id',
  `storeid` int(11) DEFAULT NULL COMMENT '门店id',
  `nickname` varchar(200) COLLATE utf8mb4_unicode_ci DEFAULT NULL COMMENT '微信昵称',
  `faceimg` varchar(255) COLLATE utf8mb4_unicode_ci DEFAULT NULL COMMENT '微信图像',
  `typeid` tinyint(4) DEFAULT NULL COMMENT '1关注  、2赞、3评论、4客户预约',
  `typename` varchar(20) COLLATE utf8mb4_unicode_ci DEFAULT NULL COMMENT '关注  、赞、评论、客户预约',
  `dynamicid` int(11) DEFAULT NULL COMMENT '动态id',
  `siteid` int(11) DEFAULT NULL COMMENT '工地id',
  `activityid` int(11) DEFAULT NULL COMMENT '活动id',
  `title` varchar(255) COLLATE utf8mb4_unicode_ci DEFAULT NULL COMMENT '标题',
  `content` varchar(255) COLLATE utf8mb4_unicode_ci DEFAULT NULL COMMENT '内容',
  `isread` tinyint(1) DEFAULT '0' COMMENT '是否已读 1已读 0未读',
  `userid` int(11) DEFAULT NULL COMMENT '用户id，对应用户表id',
  `iscreate` tinyint(4) DEFAULT '0' COMMENT '是否是创建者（触发者）1是 0不是',
  `created_at` datetime DEFAULT NULL COMMENT '创建时间',
  `updated_at` datetime DEFAULT NULL COMMENT '修改时间',
  PRIMARY KEY (`id`)
) ENGINE=InnoDB AUTO_INCREMENT=42 DEFAULT CHARSET=utf8mb4 COLLATE=utf8mb4_unicode_ci COMMENT='消息 - 通知';

/*Data for the table `fixture_log_notice` */

insert  into `fixture_log_notice`(`id`,`uuid`,`companyid`,`cityid`,`storeid`,`nickname`,`faceimg`,`typeid`,`typename`,`dynamicid`,`siteid`,`activityid`,`title`,`content`,`isread`,`userid`,`iscreate`,`created_at`,`updated_at`) values (1,NULL,2,140200,1,'GGG',NULL,1,'关注',NULL,NULL,NULL,'GDDSGa',NULL,1,2,1,'2018-05-23 18:20:04','2018-06-04 10:36:03'),(2,NULL,2,140200,1,'DGga',NULL,2,'点赞',NULL,NULL,NULL,'sdg',NULL,1,NULL,1,'2018-05-23 18:20:04','2018-06-04 10:36:03'),(3,NULL,2,140200,1,'asdg',NULL,2,'点赞',NULL,NULL,NULL,'asdg',NULL,1,NULL,1,'2018-05-23 18:20:04','2018-06-04 10:36:03'),(4,NULL,2,140200,1,'asdg',NULL,2,'点赞',NULL,NULL,NULL,'sadgsa',NULL,1,NULL,1,'2018-05-23 18:20:04','2018-06-04 10:36:03'),(5,NULL,2,140200,1,'dfh',NULL,3,'评论',NULL,NULL,NULL,'dgsadg',NULL,1,NULL,1,'2018-05-23 18:20:04','2018-06-04 10:36:03'),(6,NULL,2,140200,1,'sfhds',NULL,1,'关注',NULL,NULL,NULL,'sadg',NULL,1,NULL,1,'2018-05-23 18:20:04','2018-06-04 10:36:03'),(7,NULL,2,140200,1,'sd',NULL,2,'点赞',NULL,NULL,NULL,'dasga',NULL,1,NULL,1,'2018-05-23 18:20:04','2018-06-04 10:36:03'),(8,NULL,2,140200,1,'sddg',NULL,2,'点赞',NULL,NULL,NULL,'sdgas',NULL,1,NULL,1,'2018-05-23 18:20:04','2018-06-04 10:36:03'),(9,NULL,2,140200,1,'adg',NULL,2,'点赞',NULL,NULL,NULL,'dadg',NULL,1,NULL,1,'2018-05-23 18:20:04','2018-06-04 10:36:03'),(10,NULL,8,140200,1,'sad',NULL,3,'评论',NULL,NULL,NULL,'asdg',NULL,1,25,1,'2018-05-23 18:20:04','2018-06-04 14:00:02'),(11,NULL,8,140200,1,'asdg',NULL,3,'评论',NULL,NULL,NULL,'sadg',NULL,1,25,1,'2018-05-23 18:20:04','2018-06-04 14:00:02'),(12,'48974a6342090a191b98825788f8b51d',22,NULL,NULL,NULL,NULL,4,'客户预约',NULL,0,NULL,'预约参观','您好，感谢您预约灰熊家族万龙广场，我们的工作人员会尽快联系您，请保持电话畅通。',0,56,1,'2018-06-06 17:29:34','2018-06-06 17:29:34'),(13,'5fc170ff822d599ac28a3a45216e36c7',22,NULL,NULL,NULL,NULL,3,'评论',67,44,NULL,NULL,'评论了万龙广场：终于开始了...',0,56,0,'2018-06-06 19:33:02','2018-06-06 19:33:02'),(14,'bf81e4c867576789c7734be47c378210',22,NULL,NULL,'......','https://wx.qlogo.cn/mmopen/vi_32/qEQR9l7ATR25Rcjxu82XGzGOAx1X0053uTHVsa7Yz0OaE2kuG5fINrCIRIj4xchgoM6IYcaZf9u0NvraoSJHvA/132',3,'评论',62,39,NULL,NULL,'......评论了公园壹号：开业大吉',0,56,0,'2018-06-06 19:36:44','2018-06-06 19:36:44'),(15,'846baadce23f211fe4abe809c7a772d5',22,NULL,NULL,'......','https://wx.qlogo.cn/mmopen/vi_32/qEQR9l7ATR25Rcjxu82XGzGOAx1X0053uTHVsa7Yz0OaE2kuG5fINrCIRIj4xchgoM6IYcaZf9u0NvraoSJHvA/132',3,'评论',67,44,NULL,NULL,'......评论了万龙广场：进度如何～',1,56,0,'2018-06-06 19:49:00','2018-06-11 11:05:58'),(16,'d77895ed790989769f90a3d94e1993dc',20,NULL,NULL,'Мǐп','https://wx.qlogo.cn/mmopen/vi_32/Kgdf8dfRsSDmnuEkROlM78iaNrNZXKTNTTPbxPY3CEvHadHfPNZ1jngiaRjD6DOGl9oZibFMXOhTW4cademS2MQlg/132',3,'评论',61,38,NULL,NULL,'Мǐп评论了度假区：啦咯啦咯啦...',1,60,0,'2018-06-07 13:53:37','2018-06-11 10:18:12'),(17,'95455e642ce4f7b9a3469474d9ee1f87',20,NULL,NULL,'Мǐп','https://wx.qlogo.cn/mmopen/vi_32/Kgdf8dfRsSDmnuEkROlM78iaNrNZXKTNTTPbxPY3CEvHadHfPNZ1jngiaRjD6DOGl9oZibFMXOhTW4cademS2MQlg/132',3,'评论',65,42,NULL,NULL,'Мǐп评论了通西域欧：啦咯啦咯啦...',1,60,0,'2018-06-07 13:57:00','2018-06-11 10:18:12'),(18,'5abb329ac6a09cca0112f2f4899923ed',22,NULL,NULL,'Мǐп','https://wx.qlogo.cn/mmopen/vi_32/A05VL7zkPzVcWrK44D1zN1OYZmrxMOTscehbfvul7WKDjwMuCrjyFuIcL8ry5syzE21zia0YLxR3riaaictWSAFyA/132',3,'评论',67,44,NULL,NULL,'Мǐп评论了万龙广场：啦咯啦咯啦...',1,61,0,'2018-06-07 14:14:57','2018-06-07 14:15:05'),(19,'ed190f10ca18fe2299c6ddce530ac6d6',20,NULL,NULL,'Мǐп','https://wx.qlogo.cn/mmopen/vi_32/Kgdf8dfRsSDmnuEkROlM78iaNrNZXKTNTTPbxPY3CEvHadHfPNZ1jngiaRjD6DOGl9oZibFMXOhTW4cademS2MQlg/132',3,'评论',65,42,NULL,NULL,'Мǐп评论了通西域欧：啦咯啦咯啦...',1,60,0,'2018-06-07 14:18:02','2018-06-11 10:18:12'),(20,'56fa39c82ff0c1b87c1a0a9811127ee1',20,NULL,NULL,'Мǐп','https://wx.qlogo.cn/mmopen/vi_32/Kgdf8dfRsSDmnuEkROlM78iaNrNZXKTNTTPbxPY3CEvHadHfPNZ1jngiaRjD6DOGl9oZibFMXOhTW4cademS2MQlg/132',3,'评论',65,42,NULL,NULL,'Мǐп评论了通西域欧：啦咯看监控',1,60,0,'2018-06-07 14:21:21','2018-06-11 10:18:12'),(21,'c9971fcf69d6cf7064c2ad2b9a791b09',20,NULL,NULL,'Мǐп','https://wx.qlogo.cn/mmopen/vi_32/Kgdf8dfRsSDmnuEkROlM78iaNrNZXKTNTTPbxPY3CEvHadHfPNZ1jngiaRjD6DOGl9oZibFMXOhTW4cademS2MQlg/132',3,'评论',79,45,NULL,NULL,'Мǐп评论了上海市浦东新区保利春天：棒棒哒',1,60,0,'2018-06-07 17:37:09','2018-06-11 10:18:12'),(22,'810294fa332ef99bdefe1b8bace7620e',20,NULL,NULL,'Мǐп','https://wx.qlogo.cn/mmopen/vi_32/Kgdf8dfRsSDmnuEkROlM78iaNrNZXKTNTTPbxPY3CEvHadHfPNZ1jngiaRjD6DOGl9oZibFMXOhTW4cademS2MQlg/132',3,'评论',79,45,NULL,NULL,'Мǐп评论了上海市浦东新区保利春天：啦咯啦咯啦...',1,60,0,'2018-06-07 17:37:16','2018-06-11 10:18:12'),(23,'7ad2e8a0baaf284e92e28ac08a500273',20,NULL,NULL,'Мǐп','https://wx.qlogo.cn/mmopen/vi_32/Kgdf8dfRsSDmnuEkROlM78iaNrNZXKTNTTPbxPY3CEvHadHfPNZ1jngiaRjD6DOGl9oZibFMXOhTW4cademS2MQlg/132',3,'评论',79,45,NULL,NULL,'Мǐп评论了上海市浦东新区保利春天：KKK噢噢噢...',1,60,0,'2018-06-07 17:37:25','2018-06-11 10:18:12'),(24,'2bac87f150603d9486a4e48e35f5919d',20,NULL,NULL,'Мǐп','https://wx.qlogo.cn/mmopen/vi_32/Kgdf8dfRsSDmnuEkROlM78iaNrNZXKTNTTPbxPY3CEvHadHfPNZ1jngiaRjD6DOGl9oZibFMXOhTW4cademS2MQlg/132',4,'客户预约',NULL,0,NULL,'预约参观','您好，感谢您预约粗粮王浦西陆家嘴，我们的工作人员会尽快联系您，请保持电话畅通。',1,60,1,'2018-06-09 11:24:23','2018-06-11 10:18:12'),(25,'5b50ce194cb011d976af0f9f6c80bad9',23,NULL,NULL,NULL,NULL,3,'评论',85,48,NULL,NULL,'评论了华润二十四城：nhjnh',0,65,0,'2018-06-09 14:25:56','2018-06-09 14:25:56'),(26,'1ebbc26808ce29b6484e1855dcffbe99',20,NULL,NULL,'Мǐп','https://wx.qlogo.cn/mmopen/vi_32/Kgdf8dfRsSDmnuEkROlM78iaNrNZXKTNTTPbxPY3CEvHadHfPNZ1jngiaRjD6DOGl9oZibFMXOhTW4cademS2MQlg/132',3,'评论',89,46,NULL,NULL,'Мǐп评论了浦西陆家嘴：啦咯啦咯啦...',1,60,0,'2018-06-09 17:47:05','2018-06-11 10:18:12'),(27,'13a22923c238e525d576f835331e13b7',20,NULL,NULL,'Мǐп','https://wx.qlogo.cn/mmopen/vi_32/Kgdf8dfRsSDmnuEkROlM78iaNrNZXKTNTTPbxPY3CEvHadHfPNZ1jngiaRjD6DOGl9oZibFMXOhTW4cademS2MQlg/132',3,'评论',89,46,NULL,NULL,'Мǐп评论了浦西陆家嘴：KKK噢噢噢...',1,60,0,'2018-06-09 17:47:12','2018-06-11 10:18:12'),(28,'8110986202f3580f913ab9c79d173df4',20,NULL,NULL,'Мǐп','https://wx.qlogo.cn/mmopen/vi_32/Kgdf8dfRsSDmnuEkROlM78iaNrNZXKTNTTPbxPY3CEvHadHfPNZ1jngiaRjD6DOGl9oZibFMXOhTW4cademS2MQlg/132',3,'评论',89,46,NULL,NULL,'Мǐп评论了浦西陆家嘴：KKK噢噢噢...',1,60,0,'2018-06-09 17:47:17','2018-06-11 10:18:12'),(29,'7379d8aaa55158c7fe9e35a7230783db',20,NULL,NULL,'Мǐп','https://wx.qlogo.cn/mmopen/vi_32/Kgdf8dfRsSDmnuEkROlM78iaNrNZXKTNTTPbxPY3CEvHadHfPNZ1jngiaRjD6DOGl9oZibFMXOhTW4cademS2MQlg/132',3,'评论',89,19,NULL,NULL,'Мǐп评论了浦西陆家嘴：啦咯啦咯啦...',1,60,0,'2018-06-09 17:47:22','2018-06-11 10:18:12'),(30,'6bdea11c28636bea7c4750d21d7b66e2',20,NULL,NULL,'Мǐп','https://wx.qlogo.cn/mmopen/vi_32/Kgdf8dfRsSDmnuEkROlM78iaNrNZXKTNTTPbxPY3CEvHadHfPNZ1jngiaRjD6DOGl9oZibFMXOhTW4cademS2MQlg/132',3,'评论',89,20,NULL,NULL,'Мǐп评论了浦西陆家嘴：啦咯啦咯啦...',1,60,0,'2018-06-09 17:47:30','2018-06-11 10:18:12'),(31,'591d04c6a103d22fe12a6bafd4766499',20,NULL,NULL,'Мǐп','https://wx.qlogo.cn/mmopen/vi_32/Kgdf8dfRsSDmnuEkROlM78iaNrNZXKTNTTPbxPY3CEvHadHfPNZ1jngiaRjD6DOGl9oZibFMXOhTW4cademS2MQlg/132',3,'评论',92,46,NULL,NULL,'Мǐп评论了浦西陆家嘴：啦咯啦咯啦...',1,60,0,'2018-06-11 09:44:08','2018-06-11 10:18:12'),(32,'e9e2cf24012e1f6bc015cacd530692e9',20,NULL,NULL,'Мǐп','https://wx.qlogo.cn/mmopen/vi_32/Kgdf8dfRsSDmnuEkROlM78iaNrNZXKTNTTPbxPY3CEvHadHfPNZ1jngiaRjD6DOGl9oZibFMXOhTW4cademS2MQlg/132',3,'评论',93,51,NULL,NULL,'Мǐп评论了湘江万达one：11562',1,60,0,'2018-06-11 09:58:26','2018-06-11 10:18:12'),(33,'258106b98ede5f5d458b7cbedee99142',22,NULL,NULL,'......','https://wx.qlogo.cn/mmopen/vi_32/qEQR9l7ATR25Rcjxu82XGzGOAx1X0053uTHVsa7Yz0OaE2kuG5fINrCIRIj4xchgoM6IYcaZf9u0NvraoSJHvA/132',3,'评论',91,50,NULL,NULL,'......评论了灰熊小区：哈哈哈',1,56,0,'2018-06-11 10:21:05','2018-06-11 16:11:57'),(34,'43f9b15b5858f1e150cf080c5e7fc2ab',20,NULL,NULL,'Мǐп','https://wx.qlogo.cn/mmopen/vi_32/Kgdf8dfRsSDmnuEkROlM78iaNrNZXKTNTTPbxPY3CEvHadHfPNZ1jngiaRjD6DOGl9oZibFMXOhTW4cademS2MQlg/132',3,'评论',92,46,NULL,NULL,'Мǐп评论了浦西陆家嘴：啦咯啦咯啦...',0,60,0,'2018-06-11 11:25:49','2018-06-11 11:25:49'),(35,'0f9ddea3fc7de5d30eb58d03ede785cf',22,NULL,NULL,'......','https://wx.qlogo.cn/mmopen/vi_32/qEQR9l7ATR25Rcjxu82XGzGOAx1X0053uTHVsa7Yz0OaE2kuG5fINrCIRIj4xchgoM6IYcaZf9u0NvraoSJHvA/132',4,'客户预约',NULL,0,NULL,'预约参观','您好，感谢您预约灰熊家族灰熊小区，我们的工作人员会尽快联系您，请保持电话畅通。',1,56,1,'2018-06-11 13:59:52','2018-06-11 14:10:40'),(36,'b24cc28b6960dacdbee52f9c67db61cf',22,NULL,NULL,'......','https://wx.qlogo.cn/mmopen/vi_32/qEQR9l7ATR25Rcjxu82XGzGOAx1X0053uTHVsa7Yz0OaE2kuG5fINrCIRIj4xchgoM6IYcaZf9u0NvraoSJHvA/132',4,'客户预约',NULL,0,NULL,'预约参观','您好，感谢您预约灰熊家族灰熊小区，我们的工作人员会尽快联系您，请保持电话畅通。',0,56,1,'2018-06-11 14:11:50','2018-06-11 14:11:50'),(37,'306c3cedd0a751b447f84f081c4f52a4',22,NULL,NULL,'......','https://wx.qlogo.cn/mmopen/vi_32/qEQR9l7ATR25Rcjxu82XGzGOAx1X0053uTHVsa7Yz0OaE2kuG5fINrCIRIj4xchgoM6IYcaZf9u0NvraoSJHvA/132',4,'客户预约',NULL,50,NULL,'预约参观','您好，感谢您预约灰熊家族灰熊小区，我们的工作人员会尽快联系您，请保持电话畅通。',0,56,1,'2018-06-11 14:18:14','2018-06-11 14:18:14'),(38,'e46b54097f667e17a08cdf7a3af2115f',20,NULL,NULL,'Мǐп','https://wx.qlogo.cn/mmopen/vi_32/Kgdf8dfRsSDmnuEkROlM78iaNrNZXKTNTTPbxPY3CEvHadHfPNZ1jngiaRjD6DOGl9oZibFMXOhTW4cademS2MQlg/132',4,'客户预约',NULL,0,NULL,'免费量房','您好，感谢您预约粗粮王免费量房服务，我们的工作人员会尽快联系您，请保持电话畅通。',0,60,1,'2018-06-11 16:11:34','2018-06-11 16:11:34'),(39,'ec3f6565e4c1aad5565a1c1ee89e347d',20,NULL,NULL,'Мǐп','https://wx.qlogo.cn/mmopen/vi_32/Kgdf8dfRsSDmnuEkROlM78iaNrNZXKTNTTPbxPY3CEvHadHfPNZ1jngiaRjD6DOGl9oZibFMXOhTW4cademS2MQlg/132',3,'评论',93,51,NULL,NULL,'Мǐп评论了湘江万达one：啦咯啦咯啦...',0,60,0,'2018-06-11 17:36:52','2018-06-11 17:36:52'),(40,'0f3d4c84e745c375aad2ddafed07e50b',20,NULL,NULL,'Мǐп','https://wx.qlogo.cn/mmopen/vi_32/Kgdf8dfRsSDmnuEkROlM78iaNrNZXKTNTTPbxPY3CEvHadHfPNZ1jngiaRjD6DOGl9oZibFMXOhTW4cademS2MQlg/132',3,'评论',108,51,NULL,NULL,'Мǐп评论了湘江万达one：KKK',0,60,0,'2018-06-11 17:37:26','2018-06-11 17:37:26'),(41,'0bc240b36189010ac87310187fc0673d',22,NULL,NULL,'Мǐп','https://wx.qlogo.cn/mmopen/vi_32/A05VL7zkPzVcWrK44D1zN1OYZmrxMOTscehbfvul7WKDjwMuCrjyFuIcL8ry5syzE21zia0YLxR3riaaictWSAFyA/132',3,'评论',91,50,NULL,NULL,'Мǐп评论了灰熊小区：1',0,61,0,'2018-06-11 18:02:54','2018-06-11 18:02:54');

/*Table structure for table `fixture_log_vipupgrade` */

DROP TABLE IF EXISTS `fixture_log_vipupgrade`;

CREATE TABLE `fixture_log_vipupgrade` (
  `id` int(11) NOT NULL AUTO_INCREMENT,
  `uuid` char(32) DEFAULT NULL COMMENT '唯一索引',
  `companyid` int(11) DEFAULT NULL COMMENT '公司id',
  `vipmechanismid` int(11) DEFAULT NULL COMMENT '会员机制id，默认 标准版',
  `deadline` datetime DEFAULT NULL COMMENT '过期时间',
  `created_at` datetime DEFAULT NULL COMMENT '创建时间',
  PRIMARY KEY (`id`)
) ENGINE=InnoDB DEFAULT CHARSET=utf8 COMMENT='会员机制升级记录';

/*Data for the table `fixture_log_vipupgrade` */

/*Table structure for table `fixture_qa_feedback` */

DROP TABLE IF EXISTS `fixture_qa_feedback`;

CREATE TABLE `fixture_qa_feedback` (
  `id` int(11) NOT NULL AUTO_INCREMENT,
  `uuid` char(32) DEFAULT NULL,
  `phone` varchar(30) DEFAULT NULL,
  `content` text,
  `isdealit` tinyint(1) DEFAULT '0' COMMENT '是否处理，默认0，0未处理  1已处理',
  `created_at` datetime DEFAULT NULL COMMENT '创建时间',
  PRIMARY KEY (`id`)
) ENGINE=InnoDB AUTO_INCREMENT=5 DEFAULT CHARSET=utf8 COMMENT='问题 - 反馈';

/*Data for the table `fixture_qa_feedback` */

insert  into `fixture_qa_feedback`(`id`,`uuid`,`phone`,`content`,`isdealit`,`created_at`) values (1,'dbd7fd6f37717f353621ed3348f84f06','15094014770','17',0,'2018-05-25 17:00:00'),(2,'d33b35a9e4720132e1241cc8f2353357','','17',0,'2018-05-25 17:00:00'),(3,'d000d251b1ba627eb0f7b1a24e6b477d','','17',0,'2018-05-28 15:00:00'),(4,'96b39842399b197f8631969d77ec548c','15996324752','哈哈',0,'2018-06-09 22:00:00');

/*Table structure for table `fixture_site` */

DROP TABLE IF EXISTS `fixture_site`;

CREATE TABLE `fixture_site` (
  `id` int(11) NOT NULL AUTO_INCREMENT,
  `uuid` char(32) DEFAULT NULL COMMENT '唯一索引id',
  `companyid` int(11) DEFAULT NULL COMMENT '公司id',
  `storeid` int(11) DEFAULT NULL COMMENT '门店id',
  `cityid` int(11) DEFAULT NULL COMMENT '市id',
  `stageid` int(11) DEFAULT NULL COMMENT '阶段id （最新一次）  ',
  `stagetemplateid` int(11) DEFAULT NULL COMMENT '阶段模板id',
  `roomtypeid` int(11) DEFAULT NULL COMMENT '户型id',
  `roomstyleid` int(11) DEFAULT NULL COMMENT '风格id',
  `renovationmodeid` int(11) DEFAULT NULL COMMENT '装修方式id',
  `budget` int(11) DEFAULT NULL COMMENT '预算 单位万元',
  `housename` int(11) DEFAULT NULL COMMENT '楼盘名称 地图自动解析',
  `name` varchar(255) DEFAULT NULL COMMENT '名称',
  `addr` varchar(255) DEFAULT NULL COMMENT '详细地址',
  `lng` varchar(30) DEFAULT NULL COMMENT '经度',
  `lat` varchar(30) DEFAULT NULL COMMENT '维度',
  `doornumber` varchar(100) DEFAULT NULL COMMENT '门牌',
  `acreage` decimal(5,2) DEFAULT NULL COMMENT '面积-平方米 不包含单位',
  `roomshap` varchar(20) DEFAULT NULL COMMENT '房型 几室几厅几厨几卫',
  `explodedossurl` varchar(255) DEFAULT NULL COMMENT '展示图',
  `codeimg` varchar(255) DEFAULT NULL,
  `isopen` tinyint(1) DEFAULT '1' COMMENT '是否公开（允许项目被其他人发现）默认1,1公开 0不公开',
  `stagetype` tinyint(1) DEFAULT '0' COMMENT '更新阶段者类型，默认0， 0用户 1参与者 （最新一次） ',
  `isfinish` tinyint(1) DEFAULT '0' COMMENT '是否完工，默认0， 1完工 0未完工',
  `createuserid` int(11) DEFAULT NULL COMMENT '创建者id 对应user表id',
  `created_at` datetime DEFAULT NULL COMMENT '创建时间',
  `updated_at` datetime DEFAULT NULL COMMENT '修改时间',
  PRIMARY KEY (`id`)
) ENGINE=InnoDB AUTO_INCREMENT=57 DEFAULT CHARSET=utf8 COMMENT='工地';

/*Data for the table `fixture_site` */

insert  into `fixture_site`(`id`,`uuid`,`companyid`,`storeid`,`cityid`,`stageid`,`stagetemplateid`,`roomtypeid`,`roomstyleid`,`renovationmodeid`,`budget`,`housename`,`name`,`addr`,`lng`,`lat`,`doornumber`,`acreage`,`roomshap`,`explodedossurl`,`codeimg`,`isopen`,`stagetype`,`isfinish`,`createuserid`,`created_at`,`updated_at`) values (1,'8535cee4506ab19f7699a2edc4cf4f26',NULL,6,NULL,NULL,1,1,2,2,111,NULL,NULL,'二分五分',NULL,NULL,'范围范围发','11.00','1室1厅1厨1卫',NULL,NULL,0,0,0,17,'2018-03-25 09:27:51','2018-05-23 16:16:54'),(17,'919af2486be879365be7dcd4430bb33e',4,6,NULL,2,1,4,4,1,13,NULL,'金色润城','龙首南路101',NULL,NULL,'202','80.00','3室1厅1厨1卫','site/919af2486be879365be7dcd4430bb33e/info/bmk9XtuCIFhDkfRRvPWZMfg6dcr7WKF6N2EzHGk0.jpeg',NULL,1,0,0,17,'2018-03-29 03:55:49','2018-05-11 17:56:03'),(19,'8198a8edea026af729baa9bce46f9574',4,6,1,113,26,2,1,1,30,NULL,'测试工地','陕西省西安市新城区龙首中路龙首东北住宅小区(宫园1号东)','108.950134277','34.290740967','208','202.00','1室1厅1厨1卫','site/8198a8edea026af729baa9bce46f9574/info/E0WMzmwvzfcXV9x0Ud2Mfg1w9bkSsbUXkJlAZPxs.jpeg',NULL,1,0,0,17,'2018-05-10 14:53:09','2018-05-11 17:02:37'),(24,'5cd891fdc417305849a8011c19b74d2e',8,43,110100,142,30,15,21,30,98,NULL,'测试项目01','湖北省武汉市江夏区庙山社区(阳光二路北)','114.37164','30.39767','202','22.00','1室1厅1厨1卫','site/5cd891fdc417305849a8011c19b74d2e/info/dfdkGIne2zU3N1qABX1IeFhu7TQw6OOrvW5N7WF6.jpeg',NULL,1,0,0,25,'2018-05-25 11:25:19','2018-06-05 11:27:58'),(25,'31b74809d38b678c8bcf3a5b818bab65',9,44,210100,153,31,23,31,36,23,NULL,'公园壹号','广东省汕头市龙湖区龙湖公寓1栋','116.714627445','23.373848285','56','45.00','1室1厅1厨1卫','site/31b74809d38b678c8bcf3a5b818bab65/info/7XjS0TiA2WAozZ7rfRXyCt1LSlg3SfpRr8AjyYxX.jpeg',NULL,1,0,0,24,'2018-05-25 15:24:57','2018-05-30 14:34:02'),(26,'d0df411eef66eba4b28eda680bd04ec7',7,42,120100,132,29,8,11,25,111,NULL,'测试公司','的武器的','','','122','11.00','1室1厅1厨1卫',NULL,NULL,1,0,0,22,'2018-05-30 10:58:35','2018-05-30 10:58:35'),(27,'006e6d478b11010f9440117dd6d0f228',9,50,210100,169,33,23,34,39,34,NULL,'万科大悦城','河南省周口市鹿邑县郭小集附近','115.51324','33.91649','5号楼405','23.00','1室1厅1厨1卫','site/006e6d478b11010f9440117dd6d0f228/info/b7AJBuV8MdWbnarLc3lOCZfagjPNIsDwE1cLMc54.jpeg',NULL,1,0,0,24,'2018-05-30 14:16:22','2018-05-30 14:33:42'),(28,'d6cdc251ad596bc3b4c258350dd95f88',8,53,110100,208,41,16,23,30,44,NULL,'dgsadg','河南省洛阳市洛龙区龙门大道436号','112.4697','34.62754','333','3.00','2室1厅1厨1卫','site/d6cdc251ad596bc3b4c258350dd95f88/info/RtRYYjhIFkwWgRo0v6qtDacs2NrG4CsEFprBswwa.jpeg',NULL,1,0,0,25,'2018-06-05 10:33:02','2018-06-05 11:28:00'),(29,'51660ddb77627795e128f3a7c6701753',12,55,610100,214,42,47,63,56,34,NULL,'沣东新城','河南省周口市鹿邑县郭小集附近','','','5号楼405','30.00','1室0厅0厨0卫','site/51660ddb77627795e128f3a7c6701753/info/eiw5bY6gNyYqLHIC1pCk1yyXDO8DggUPaYPvB2ZD.jpeg',NULL,1,0,0,39,'2018-06-05 10:37:10','2018-06-05 11:10:56'),(30,'3964b4147b771c617166e855a6d4a5c3',12,54,610100,212,42,45,66,56,44,NULL,'公安云壹号','陕西省西安市高陵区长庆龙凤园','108.9986','34.44661','5号楼405','45.00','1室1厅0厨0卫','site/3964b4147b771c617166e855a6d4a5c3/info/0cvbjIxjY5TyTV48WLuWOhBzDQ9yoHJMndyozOCK.jpeg',NULL,1,0,0,39,'2018-06-05 10:39:54','2018-06-05 11:11:28'),(31,'104da38df5cdaeb2ab602f0fdd41433c',12,62,610100,228,44,46,63,57,44,NULL,'ggggggggggg','五道口金融中心','','','hhhhh','45.00','1室2厅0厨0卫','site/104da38df5cdaeb2ab602f0fdd41433c/info/JBsogga14mjTUUckcVkFNASGH90pI4EazaBa0PEE.jpeg',NULL,1,0,0,39,'2018-06-05 15:00:21','2018-06-05 15:00:21'),(32,'396f83f6df7647da633611a938dc840e',12,66,610100,212,42,45,64,57,56,NULL,'hh','江苏省南通市启东市银河路555','121.63309','31.81673','hh','67.00','34室0厅0厨0卫','site/396f83f6df7647da633611a938dc840e/info/efffdJzLNvQZeQMtUcmi4ESTsJaMnDcPScQxhRyZ.jpeg',NULL,1,0,0,39,'2018-06-05 16:01:35','2018-06-05 16:01:35'),(33,'9b653e60edcc50d1d19dfb3233a2c7dc',2,47,610200,19,3,43,61,6,11,NULL,'CCC','陕西省铜川市王益区铜川矿务局川口小区(川口路西)','109.05897','35.05841','23','11.00','1室1厅1厨1卫','site/9b653e60edcc50d1d19dfb3233a2c7dc/info/Ye34f8Bj8qcYqT8ft6A5FC1NAcUlPkQFnxguoyQE.jpeg',NULL,1,0,0,2,'2018-06-05 17:50:58','2018-06-05 17:51:57'),(34,'5985ab1d81e1cfc58a936f2264532ae2',12,66,210200,223,43,45,64,56,34,NULL,'ggg','湖北省武汉市洪山区光谷公共服务中心(高新大道北)','114.49672','30.49004','ggg','45.00','1室1厅32厨1卫','site/5985ab1d81e1cfc58a936f2264532ae2/info/50rpt4Lc9t8ohasQrlbWLpdxrqExkgw3enC7fVwj.jpeg',NULL,1,0,0,39,'2018-06-05 18:02:17','2018-06-06 11:14:44'),(35,'fa0960b90a7339b15f4b6c24191de143',12,62,210200,213,42,46,63,56,12,NULL,'ggg','天津市东丽区昆仑北路快速路与满江东道交口前行100米','117.27476','39.1649','ggg','34.00','1室1厅1厨1卫','site/fa0960b90a7339b15f4b6c24191de143/info/vZEnjZ6G7ylfaLyK0xqKGZ6IXFRdviYAdvun2YjW.jpeg',NULL,1,0,0,39,'2018-06-05 18:02:55','2018-06-06 11:14:37'),(36,'cc803b11d77d1ee3cda41ea6a7daa331',12,62,210200,213,42,45,63,56,33,NULL,'铝扣板','广西壮族自治区南宁市兴宁区明秀东路88号','108.3335','22.85494','3对对对','33.00','1室1厅1厨1卫','site/cc803b11d77d1ee3cda41ea6a7daa331/info/cfaprZxC41dGJgXzh7PMx7piKy3Rw7SSRM3YOqLy.jpeg',NULL,1,0,0,49,'2018-06-06 11:04:51','2018-06-06 11:20:30'),(41,'b507748f2ce5906c2d85afac72009d20',21,70,120100,316,54,0,0,0,0,NULL,'dgsdsdg','湖北省武汉市洪山区珞瑜路766号','114.405354','30.506394','','0.00','','site/b507748f2ce5906c2d85afac72009d20/info/vrLsnwkiwt0eb4XzOJ39CdFOMcY91CjKnW659o43.jpeg',NULL,1,0,0,52,'2018-06-06 16:27:22','2018-06-06 17:20:44'),(43,'faa224408477cdb22756cd5b1fe4fb65',21,70,120100,316,54,0,0,0,0,NULL,'asdghasd','广东省深圳市福田区华强北路1002','114.08764','22.54129','','0.00','','site/faa224408477cdb22756cd5b1fe4fb65/info/c9FTEaWccsqmK5Af9fXlQQpbaDSYIEqFr5S3MjtJ.jpeg',NULL,1,0,0,52,'2018-06-06 17:10:59','2018-06-06 17:11:05'),(44,'841bd37cc5bc8e8f323a8c6caff0cee1',22,72,610100,331,56,0,0,0,20,NULL,'万龙广场','陕西省西安市新城区环城北路东段17号','108.970820457','34.277713586','101','50.00','1室1厅1厨1卫','site/841bd37cc5bc8e8f323a8c6caff0cee1/info/ojFazqG1tVnuY97jLeApUKO8oIjmQpkJltPqKJCR.jpeg',NULL,1,0,0,54,'2018-06-06 17:23:09','2018-06-07 14:55:43'),(45,'2ef926f9b63e77913fdfcb6c98b92b7f',20,69,310100,301,52,102,146,98,23,NULL,'上海市浦东新区保利春天','陕西省西安市未央区陕科大西安校区附近','108.97875','34.3831','5号楼808室','34.00','1室1厨1卫','site/2ef926f9b63e77913fdfcb6c98b92b7f/info/WfN4rUMUOkl848cfRV5ywwxgZ5Jr6fNihyjmZxFw.jpeg',NULL,1,0,0,51,'2018-06-07 17:32:05','2018-06-07 17:36:24'),(46,'332e936a3a02ad5ea4adb40293adab40',20,68,610100,307,52,102,143,97,34,NULL,'浦西陆家嘴','上海市松江区古楼公路1858弄1～232号','121.23414','31.10638','','23.00','1室1厅1厨1卫','site/332e936a3a02ad5ea4adb40293adab40/info/hKxhACPdPTLJAkXyuuqVsaxmr9c9LR78k296R2sv.jpeg',NULL,1,0,0,51,'2018-06-08 11:58:01','2018-06-11 09:43:48'),(47,'4ad458a558c9f362888b4912491dcb7e',23,73,410100,338,57,125,173,113,45,NULL,'赛格国际购物中心','陕西省西安市雁塔区翠华路陕西师范大学雁塔校区3号公寓楼附近','108.95584','34.20469','5号楼405','23.00','1室1厅1厨1卫','site/4ad458a558c9f362888b4912491dcb7e/info/79CK1hKVqlc8bbTfLFxywe2PyqxfStYJStXl3RZ0.jpeg',NULL,1,0,0,63,'2018-06-09 09:26:34','2018-06-09 09:26:34'),(48,'94ccf7123b1b045912cbb36b8cf7ca6d',23,73,410100,340,57,125,173,0,0,NULL,'华润二十四城','广东省深圳市龙岗区惠华路与新厦大道交汇处南侧','114.12056','22.701292','5号楼808室','34.00','1室1厅1厨1卫','site/94ccf7123b1b045912cbb36b8cf7ca6d/info/yl0ckLA4kOmqnHXOr6QBHTQ77g5t607nG6hnwgOi.jpeg',NULL,1,0,0,63,'2018-06-09 09:33:11','2018-06-09 09:34:00'),(49,'b89e6079ef724126064fc5b333d6e9bf',23,73,410100,349,58,125,0,0,0,NULL,'龙岗富士康','广东省深圳市龙岗区惠华路与新厦大道交汇处南侧','114.12056','22.701292','5号楼709室','34.00','1室1厅1厨1卫','site/b89e6079ef724126064fc5b333d6e9bf/info/l79XNnor2xEPv3lWdSCbbgQvhfS66DuTUvmnXEy4.jpeg',NULL,1,0,0,63,'2018-06-09 10:30:49','2018-06-09 14:36:12'),(50,'32728576e397919feb66ea91688061ca',22,72,610100,368,59,0,0,0,0,NULL,'灰熊小区','广西壮族自治区南宁市西乡塘区明秀西路170号','108.28341','22.81558','0706','0.00','1室12厅1厨1卫','site/32728576e397919feb66ea91688061ca/info/C07XX2FcRBQPQMxg6tVp8Cc924UAVfVtQdGGgwAz.jpeg','site/32728576e397919feb66ea91688061ca/code/1528719168.png',1,0,0,54,'2018-06-09 17:49:05','2018-06-11 20:16:34'),(51,'f01ae4d0fbe53e8f5289819f0affad86',20,69,310100,302,52,103,144,0,56,NULL,'湘江万达one','江苏省南京市江宁区汤山高新技术产业园(宁峰路南)','119.05282','32.00573','5号楼90','23.00','1室1厅1厨1卫','site/f01ae4d0fbe53e8f5289819f0affad86/info/hreoHau5KQvU89qKA4qMmzcorv8Jii3rBVyCYfvp.jpeg',NULL,1,0,0,51,'2018-06-11 09:57:27','2018-06-11 17:39:50');

/*Table structure for table `fixture_site_followrecord` */

DROP TABLE IF EXISTS `fixture_site_followrecord`;

CREATE TABLE `fixture_site_followrecord` (
  `id` int(11) NOT NULL AUTO_INCREMENT,
  `uuid` char(32) DEFAULT NULL COMMENT '唯一索引id',
  `companyid` int(11) DEFAULT NULL COMMENT '公司id',
  `storeid` int(11) DEFAULT NULL COMMENT '门店id',
  `siteid` int(11) DEFAULT NULL COMMENT '工地id',
  `cityid` int(11) DEFAULT NULL COMMENT '市id',
  `userid` int(11) DEFAULT NULL COMMENT '观光团id，对应用户user表id',
  `created_at` datetime DEFAULT NULL COMMENT '创建时间',
  PRIMARY KEY (`id`)
) ENGINE=InnoDB DEFAULT CHARSET=utf8 COMMENT='观光团关注的工地';

/*Data for the table `fixture_site_followrecord` */

/*Table structure for table `fixture_site_invitation` */

DROP TABLE IF EXISTS `fixture_site_invitation`;

CREATE TABLE `fixture_site_invitation` (
  `id` int(11) NOT NULL AUTO_INCREMENT,
  `uuid` char(32) DEFAULT NULL COMMENT '唯一索引id',
  `companyid` int(11) DEFAULT NULL COMMENT '公司id',
  `storeid` int(11) DEFAULT NULL COMMENT '门店id',
  `cityid` int(11) DEFAULT NULL COMMENT '市id',
  `siteid` int(11) DEFAULT NULL COMMENT '工地id',
  `userid` int(11) DEFAULT NULL COMMENT '邀请者id，对应用户user表id',
  `created_at` datetime DEFAULT NULL COMMENT '创建时间',
  PRIMARY KEY (`id`)
) ENGINE=InnoDB AUTO_INCREMENT=2 DEFAULT CHARSET=utf8 COMMENT='参与者被邀请的工地';

/*Data for the table `fixture_site_invitation` */

insert  into `fixture_site_invitation`(`id`,`uuid`,`companyid`,`storeid`,`cityid`,`siteid`,`userid`,`created_at`) values (1,NULL,8,NULL,NULL,24,25,NULL);

/*Table structure for table `fixture_site_stageschedule` */

DROP TABLE IF EXISTS `fixture_site_stageschedule`;

CREATE TABLE `fixture_site_stageschedule` (
  `id` int(11) NOT NULL AUTO_INCREMENT,
  `uuid` char(32) DEFAULT NULL COMMENT '唯一索引id',
  `dynamicid` int(11) DEFAULT NULL COMMENT '动态id',
  `siteid` int(11) DEFAULT NULL COMMENT '工地id',
  `stagetagid` int(11) DEFAULT NULL COMMENT '阶段id',
  `tablesign` tinyint(1) DEFAULT NULL COMMENT '表 1用户  2参与者  ',
  `stageuserid` int(11) DEFAULT NULL COMMENT '更新着id  用户表 和参与者表',
  `positionid` int(11) DEFAULT NULL COMMENT '阶段更新者职位id',
  `created_at` datetime DEFAULT NULL COMMENT '创建时间',
  PRIMARY KEY (`id`)
) ENGINE=InnoDB AUTO_INCREMENT=88 DEFAULT CHARSET=utf8 COMMENT='工地阶段进度记录';

/*Data for the table `fixture_site_stageschedule` */

insert  into `fixture_site_stageschedule`(`id`,`uuid`,`dynamicid`,`siteid`,`stagetagid`,`tablesign`,`stageuserid`,`positionid`,`created_at`) values (13,'2f5410ec7c0822250d87a8e2254cac3d',21,17,12,1,17,17,'2018-03-29 03:55:49'),(14,'41527906932cabb2532d3b8729a05e3e',22,17,2,1,17,NULL,'2018-03-30 09:07:26'),(15,'6ed24d7bfa496677bff6f5c414402e4d',34,19,112,1,17,17,'2018-05-10 14:53:09'),(16,'ba19375b1f310758f34a7da1d7756030',35,19,113,1,17,NULL,'2018-05-10 14:57:13'),(17,'46e29562dcc5c02fcac10281d61fc829',36,19,114,1,17,NULL,'2018-05-11 17:02:29'),(20,'a27153090a126d35891841caa97a16ad',39,24,141,NULL,25,25,'2018-05-25 11:25:19'),(21,'3ed41d0e33b137e4f149969103e2cf2f',40,24,142,NULL,25,NULL,'2018-05-25 11:26:13'),(22,'6a716de28466f952991cc5b9ca09007d',41,25,151,NULL,24,24,'2018-05-25 15:24:57'),(23,'2d75ceb315b26d0d349bf29c4f396f15',42,25,153,NULL,24,NULL,'2018-05-25 15:25:25'),(24,'f3853131d1b7c6f8c6c5c65cd6f0cd6e',43,19,113,NULL,17,NULL,'2018-05-30 10:56:33'),(25,'edd471df31d67fa8343d5a04a0069836',44,26,132,NULL,22,22,'2018-05-30 10:58:35'),(26,'4ebfa71ae1197446e9808f53a60f5ec8',45,27,168,NULL,24,24,'2018-05-30 14:16:22'),(27,'b10f6812e3ee7b268fa8b2f93caf9559',46,27,169,NULL,24,NULL,'2018-05-30 14:33:42'),(28,'b512ce8ecf8d421c3ec3c47513ecf033',49,28,208,NULL,25,25,'2018-06-05 10:33:02'),(29,'9e37e6f0b1f3a121279a598f2cfc1a16',50,29,214,NULL,39,39,'2018-06-05 10:37:10'),(30,'ae7ef38a243279e1372e030d317d99c5',51,30,216,NULL,39,39,'2018-06-05 10:39:54'),(31,'478eacd7c91a953b96dc51e2dcca0426',52,30,214,NULL,39,NULL,'2018-06-05 10:43:17'),(32,'70992cbbb39b3fc26750b6c3ec7dde9f',53,31,228,NULL,39,39,'2018-06-05 15:00:21'),(33,'cde98a1fc066228651d7036345cba780',54,32,212,NULL,39,39,'2018-06-05 16:01:35'),(34,'53b0fb8c4f6ea361c5a276d3efa17f23',55,33,18,NULL,2,2,'2018-06-05 17:50:58'),(35,'ba59059751363bce4a949800521b8130',56,33,19,NULL,2,NULL,'2018-06-05 17:51:57'),(36,'585a3ec28970db7c0b26c26a7abbd196',57,34,223,NULL,39,39,'2018-06-05 18:02:17'),(37,'7cce2122de0faf8894fd4738dd377c0a',58,35,213,NULL,39,39,'2018-06-05 18:02:55'),(38,'d67039feab5ccdf7eec840cd70454635',59,36,212,NULL,49,49,'2018-06-06 11:04:51'),(43,'8740b6ac371f2b0868d80bd3cee24a42',64,41,316,NULL,52,52,'2018-06-06 16:27:22'),(45,'d2d26640f79ea4dd00e5fb7990790547',66,43,316,NULL,52,52,'2018-06-06 17:10:59'),(46,'12eada06e4adddfbf5494de7b0fe0b47',67,44,328,NULL,54,54,'2018-06-06 17:23:09'),(52,'e648b0f5106b9d2347a436de56b1ba67',73,44,329,NULL,54,NULL,'2018-06-07 14:17:16'),(53,'932a7aae0dbc680cbb90bbc242c7560b',74,44,330,NULL,54,NULL,'2018-06-07 14:22:25'),(54,'aa112571eeeaaaa7a88deccc85c8c0c8',75,44,330,NULL,54,NULL,'2018-06-07 14:36:56'),(55,'b564437cc93c315cb157f33e4db19441',76,44,331,NULL,54,NULL,'2018-06-07 14:55:43'),(57,'ed769eccc1aa4ef8e64e759a14b6d638',78,45,300,NULL,51,51,'2018-06-07 17:32:05'),(58,'6c29edd7daf466fe1aff89f84f22818a',79,45,301,NULL,51,NULL,'2018-06-07 17:36:24'),(59,'37d8620933b1ea97a56fb4e9fa02d7a1',80,46,303,NULL,51,51,'2018-06-08 11:58:01'),(60,'439f127c061e3bfc8e58b7465c262e88',81,46,304,NULL,51,NULL,'2018-06-08 15:36:47'),(61,'f80969b14012d4cfac4f98f6866ba802',82,47,338,NULL,63,63,'2018-06-09 09:26:34'),(62,'992c908c939d87c63e7576fdee5637d0',83,47,338,NULL,63,NULL,'2018-06-09 09:31:56'),(63,'da1c4e70fd0ceeeb65caca627e7873ed',84,48,338,NULL,63,63,'2018-06-09 09:33:11'),(64,'2b97c8cf6a177efd9419d232cd95de5b',85,48,340,NULL,63,NULL,'2018-06-09 09:34:00'),(65,'bd11c75db8bce34c25fb722e2ab2087e',86,49,355,NULL,63,63,'2018-06-09 10:30:49'),(66,'f56423ee7e9b603db609cc9cafc36582',87,49,355,NULL,63,NULL,'2018-06-09 10:31:38'),(67,'3d89f0ef4afc21dc2c8f1be1c61cb350',88,49,349,NULL,63,NULL,'2018-06-09 14:36:12'),(68,'6da1c7d520242c6a38326d70a108672a',89,46,304,NULL,51,NULL,'2018-06-09 14:41:07'),(69,'dc6184f2646a414263a281c31eeaf1f4',90,50,367,NULL,54,54,'2018-06-09 17:49:05'),(70,'374ee34d83b07ef5a3b8a4e95ca68c62',91,50,368,NULL,54,NULL,'2018-06-09 17:50:29'),(71,'906a35eb8264d903786dfccf56768cec',92,46,307,NULL,51,NULL,'2018-06-11 09:43:48'),(72,'fc569b1eb9cabece9bc9fa40abe7a70e',93,51,302,NULL,51,51,'2018-06-11 09:57:27'),(87,'ff7b405194c4726efc1a6d07d6bbd7f3',108,51,302,NULL,51,NULL,'2018-06-11 17:37:18');

/*Table structure for table `fixture_small_program` */

DROP TABLE IF EXISTS `fixture_small_program`;

CREATE TABLE `fixture_small_program` (
  `id` int(11) NOT NULL AUTO_INCREMENT,
  `companyid` int(11) NOT NULL COMMENT '公司id',
  `token` char(32) COLLATE utf8mb4_unicode_ci DEFAULT NULL COMMENT 'token',
  `EncodingAESKey` char(43) COLLATE utf8mb4_unicode_ci DEFAULT NULL COMMENT '消息加密密钥',
  `authorization_info` text COLLATE utf8mb4_unicode_ci COMMENT '授权信息',
  `authorizer_info` text COLLATE utf8mb4_unicode_ci COMMENT '小程序信息',
  `authorizer_appid` varchar(255) COLLATE utf8mb4_unicode_ci DEFAULT NULL COMMENT '授权方appid',
  `authorizer_appid_secret` varchar(255) COLLATE utf8mb4_unicode_ci DEFAULT NULL COMMENT '小程序密钥',
  `type` tinyint(1) DEFAULT '0' COMMENT '0第三方授权1.独立部署',
  `authorizer_access_token` varchar(255) COLLATE utf8mb4_unicode_ci DEFAULT NULL COMMENT '授权方接口调用凭据（在授权的公众号或小程序具备API权限时，才有此返回值），也简称为令牌',
  `expires_in` varchar(255) COLLATE utf8mb4_unicode_ci DEFAULT NULL COMMENT '有效期（在授权的公众号或小程序具备API权限时，才有此返回值）',
  `authorizer_refresh_token` varchar(255) COLLATE utf8mb4_unicode_ci DEFAULT NULL COMMENT '接口调用凭据刷新令牌（在授权的公众号具备API权限时，才有此返回值），刷新令牌主要用于第三方平台获取和刷新已授权用户的access_token，只会在授权时刻提供，请妥善保存。 一旦丢失，只能让用户重新授权，才能再次拿到新的刷新令牌',
  `func_info` text COLLATE utf8mb4_unicode_ci COMMENT '授权给开发者的权限集列表，ID为1到26分别代表： 1、消息管理权限 2、用户管理权限 3、帐号服务权限 4、网页服务权限 5、微信小店权限 6、微信多客服权限 7、群发与通知权限 8、微信卡券权限 9、微信扫一扫权限 10、微信连WIFI权限 11、素材管理权限 12、微信摇周边权限 13、微信门店权限 14、微信支付权限 15、自定义菜单权限 16、获取认证状态及信息 17、帐号管理权限（小程序） 18、开发管理与数据分析权限（小程序） 19、客服消息管理权限（小程序） 20、微信登录权限（小程序） 21、数据分析权限（小程序） 22、城市服务接口权限 23、广告管理权限 24、开放平台帐号管理权限 25、 开放平台帐号管理权限（小程序） 26、微信电子发票权限 请注意： 1）该字段的返回不会考虑公众号是否具备该权限集的权限（因为可能部分具备），请根据公众号的帐号类型和认证情况，来判断公众号的接口权限。',
  `nick_name` varchar(255) COLLATE utf8mb4_unicode_ci DEFAULT NULL COMMENT '授权方昵称',
  `head_img` varchar(255) COLLATE utf8mb4_unicode_ci DEFAULT NULL COMMENT '授权方头像',
  `qrcode_url` varchar(255) COLLATE utf8mb4_unicode_ci DEFAULT NULL COMMENT '二维码',
  `verify_type_info` varchar(2) COLLATE utf8mb4_unicode_ci DEFAULT NULL COMMENT '授权方认证类型，-1代表未认证，0代表微信认证',
  `user_name` varchar(255) COLLATE utf8mb4_unicode_ci DEFAULT NULL COMMENT '小程序的原始ID',
  `principal_name` varchar(255) COLLATE utf8mb4_unicode_ci DEFAULT NULL COMMENT '小程序的主体名称',
  `status` tinyint(1) DEFAULT NULL COMMENT '认证状态 0.授权成功通 1取消授权 2.更新授权 ',
  `verify_ticket` varchar(255) COLLATE utf8mb4_unicode_ci DEFAULT NULL COMMENT '每隔10分钟定时推送',
  `seturl` tinyint(1) DEFAULT NULL COMMENT '1设置url成功 0设置失败',
  `uploadcode` tinyint(1) DEFAULT NULL COMMENT '1代码上传成功 0代码上传失败',
  `sourcecode` tinyint(1) DEFAULT NULL COMMENT '1审核成功 0代码提交失败 2.审核中',
  `errmsg` varchar(255) COLLATE utf8mb4_unicode_ci DEFAULT NULL COMMENT '发布小程序信息',
  `auditid` varchar(50) COLLATE utf8mb4_unicode_ci DEFAULT NULL COMMENT '发布小程序审核编号',
  `created_at` datetime DEFAULT NULL,
  `updated_at` datetime DEFAULT NULL,
  PRIMARY KEY (`id`)
) ENGINE=InnoDB AUTO_INCREMENT=4 DEFAULT CHARSET=utf8mb4 COLLATE=utf8mb4_unicode_ci COMMENT='小程序应用授权';

/*Data for the table `fixture_small_program` */

insert  into `fixture_small_program`(`id`,`companyid`,`token`,`EncodingAESKey`,`authorization_info`,`authorizer_info`,`authorizer_appid`,`authorizer_appid_secret`,`type`,`authorizer_access_token`,`expires_in`,`authorizer_refresh_token`,`func_info`,`nick_name`,`head_img`,`qrcode_url`,`verify_type_info`,`user_name`,`principal_name`,`status`,`verify_ticket`,`seturl`,`uploadcode`,`sourcecode`,`errmsg`,`auditid`,`created_at`,`updated_at`) values (1,22,'yswxRM48Hy9GCEe3Wsu5VSCjGKmFDaie','rcFFzbL1TE1tAq2Dj5glpMXGjctoE6nPVJ5zHl0O5R8','{\"authorizer_appid\":\"wx676c383c431ecc6e\",\"authorizer_access_token\":\"10_zOMoCk5O-96SmjFHfPoWpCNout49hAImus5SP0WqyiJQxiqo_2k94kEiAvXhN20s0CC75xIuQtwagM89kMPkS3zjhJ_Ex1yaP4DzDD6h-bLrd3bTyO7fsxNlal0EGm0Xl_jQe0sxUF7LHxk_FYHeAMDMFO\",\"expires_in\":7200,\"authorizer_refresh_token\":\"refreshtoken@@@u66z9RPqfQ1TJFoAuuJ8UYKvbmgtVKid61HoIbXM_VQ\",\"func_info\":[{\"funcscope_category\":{\"id\":17}},{\"funcscope_category\":{\"id\":18},\"confirm_info\":{\"need_confirm\":0,\"already_confirm\":0,\"can_confirm\":0}},{\"funcscope_category\":{\"id\":19}},{\"funcscope_category\":{\"id\":25},\"confirm_info\":{\"need_confirm\":0,\"already_confirm\":0,\"can_confirm\":0}},{\"funcscope_category\":{\"id\":30},\"confirm_info\":{\"need_confirm\":0,\"already_confirm\":0,\"can_confirm\":0}},{\"funcscope_category\":{\"id\":31},\"confirm_info\":{\"need_confirm\":0,\"already_confirm\":0,\"can_confirm\":0}},{\"funcscope_category\":{\"id\":37}}]}','{\"nick_name\":\"\\u5c0f\\u8212168\",\"head_img\":\"http:\\/\\/wx.qlogo.cn\\/mmopen\\/HgJEbuLDuR0pdRYQZsejI1weBw4jAOaB3jZMc8BRaqCaINibe57u8I0mHgnMyljdVpsmyib3W5x4h2dwYusfibCb04bprqpFKph\\/0\",\"service_type_info\":{\"id\":0},\"verify_type_info\":{\"id\":-1},\"user_name\":\"gh_ff4186f6fa13\",\"alias\":\"\",\"qrcode_url\":\"http:\\/\\/mmbiz.qpic.cn\\/mmbiz_jpg\\/MMKd1OyC4RLdJrhCLEZTOjytsUUkdXmatUevpO22uUrPQibSNgSAVGfudZwSXJyGjaRQdJa9Bicdl3lM7MAvJX1A\\/0\",\"business_info\":{\"open_pay\":0,\"open_shake\":0,\"open_scan\":0,\"open_card\":0,\"open_store\":0},\"idc\":1,\"principal_name\":\"\\u4e2a\\u4eba\",\"signature\":\"\\u8d44\\u6599\\u5206\\u4eab\",\"MiniProgramInfo\":{\"network\":{\"RequestDomain\":[\"https:\\/\\/fixture.yygsoft.com\"],\"WsRequestDomain\":[\"wss:\\/\\/fixture.yygsoft.com\"],\"UploadDomain\":[\"https:\\/\\/fixture.yygsoft.com\"],\"DownloadDomain\":[\"https:\\/\\/fixture.yygsoft.com\"],\"BizDomain\":[]},\"categories\":[],\"visit_status\":0}}','wx676c383c431ecc6e',NULL,1,'10_85xvFAv_ubA01H5R-2ju1WMvaJUT4NXvfed5MW5h87Q517Y0OUlYKORRRc0QRhIcbVFPdiGuxlE3IDWv4RA9kNgdHK8AjfYGje2BD_nGVdP7Kz3hRq09dOSVs1RLc61yHeNpjiYzQUFNv9ElCSEfAFDNDP','1528726658','refreshtoken@@@u66z9RPqfQ1TJFoAuuJ8UYKvbmgtVKid61HoIbXM_VQ','[{\"funcscope_category\":{\"id\":17}},{\"funcscope_category\":{\"id\":18},\"confirm_info\":{\"need_confirm\":0,\"already_confirm\":0,\"can_confirm\":0}},{\"funcscope_category\":{\"id\":19}},{\"funcscope_category\":{\"id\":25},\"confirm_info\":{\"need_confirm\":0,\"already_confirm\":0,\"can_confirm\":0}},{\"funcscope_category\":{\"id\":30},\"confirm_info\":{\"need_confirm\":0,\"already_confirm\":0,\"can_confirm\":0}},{\"funcscope_category\":{\"id\":31},\"confirm_info\":{\"need_confirm\":0,\"already_confirm\":0,\"can_confirm\":0}},{\"funcscope_category\":{\"id\":37}}]','小舒168','http://wx.qlogo.cn/mmopen/HgJEbuLDuR0pdRYQZsejI1weBw4jAOaB3jZMc8BRaqCaINibe57u8I0mHgnMyljdVpsmyib3W5x4h2dwYusfibCb04bprqpFKph/0','http://mmbiz.qpic.cn/mmbiz_jpg/MMKd1OyC4RLdJrhCLEZTOjytsUUkdXmatUevpO22uUrPQibSNgSAVGfudZwSXJyGjaRQdJa9Bicdl3lM7MAvJX1A/0','-1','gh_ff4186f6fa13','个人',0,NULL,1,1,2,'审核中','418649011','2018-06-06 15:50:32','2018-06-11 20:17:38'),(2,20,'P5VzqHf6CXnllngsl0YtGAh3CwI7yngq','6Z4CYIgs5wfcZ0waV0dX4al5rbReIRxLsdYIRf1yL2Q','{\"authorizer_appid\":\"wxfd3f4f342c2eab2d\",\"authorizer_access_token\":\"10_uaq29CoQ3gdLmhRwnwkAdnhP0UgNuuaZmb5XblRXpJsp2-rABcVpk0LrcNu7dagV7qrpP4HsLcaLU5J0SKuDnFU9wOXYGuxlAUTyx0nuGAs3NRFlsUwyLhw9tQpUq27Umc6L_Hq0P5--QKxBPEEcAJDCRR\",\"expires_in\":7200,\"authorizer_refresh_token\":\"refreshtoken@@@jxkB5RjlULmJxu8iDvl3igj_Du6lmru_iAe3XPdqoIc\",\"func_info\":[{\"funcscope_category\":{\"id\":17}},{\"funcscope_category\":{\"id\":18},\"confirm_info\":{\"need_confirm\":0,\"already_confirm\":0,\"can_confirm\":0}},{\"funcscope_category\":{\"id\":19}},{\"funcscope_category\":{\"id\":25},\"confirm_info\":{\"need_confirm\":0,\"already_confirm\":0,\"can_confirm\":0}},{\"funcscope_category\":{\"id\":30},\"confirm_info\":{\"need_confirm\":0,\"already_confirm\":0,\"can_confirm\":0}},{\"funcscope_category\":{\"id\":31},\"confirm_info\":{\"need_confirm\":0,\"already_confirm\":0,\"can_confirm\":0}},{\"funcscope_category\":{\"id\":37}}]}','{\"nick_name\":\"\\u7530\\u7530\\u5bb6\\u7684\\u88c5\\u4fee\",\"head_img\":\"http:\\/\\/wx.qlogo.cn\\/mmopen\\/RWVGV7bXLhp2C5pEcbWsQ3MkOxuoiaQicDXev3HcTYgJ7kaqqLTmwgO423xjnH6RtQAV7iaFxv5UKqgb4jm6tuXlqhicPeZHk5cr\\/0\",\"service_type_info\":{\"id\":0},\"verify_type_info\":{\"id\":-1},\"user_name\":\"gh_b376dc07a732\",\"alias\":\"\",\"qrcode_url\":\"http:\\/\\/mmbiz.qpic.cn\\/mmbiz_jpg\\/sfVCvLcP8sbafo0iaGfZn3kCrCwiahzdMUZPwlpNM36Nsibs9O8x97vueeakxe6vZxnWg9CW04HHdaTwIIqEJmBjA\\/0\",\"business_info\":{\"open_pay\":0,\"open_shake\":0,\"open_scan\":0,\"open_card\":0,\"open_store\":0},\"idc\":1,\"principal_name\":\"\\u4e2a\\u4eba\",\"signature\":\"\\u88c5\\u4fee\\u884c\\u4e1a\\u7684\\u8425\\u9500\\u76f4\\u64ad\\uff0c\\u53d1\\u5e03\\u88c5\\u4fee\\u8fdb\\u5ea6\",\"MiniProgramInfo\":{\"network\":{\"RequestDomain\":[\"https:\\/\\/fixture.yygsoft.com\"],\"WsRequestDomain\":[\"wss:\\/\\/fixture.yygsoft.com\"],\"UploadDomain\":[\"https:\\/\\/fixture.yygsoft.com\"],\"DownloadDomain\":[\"https:\\/\\/fixture.yygsoft.com\"],\"BizDomain\":[]},\"categories\":[],\"visit_status\":0}}','wxfd3f4f342c2eab2d',NULL,1,'10_YEYthaly65is6r38FQ1yD23iNnAYxlFix1rL0TGRjnps3w9OEgF5VyB9W3wyTPAOoZb_F-C6xGdCGNPb33yQmatiOC95ErtFzByCNwH5Wd3RJUuiCvO2IWNFLndCW2oT4e1s5EQ0i8PuRf_KALFfAIDEPJ','1528716959','refreshtoken@@@jxkB5RjlULmJxu8iDvl3igj_Du6lmru_iAe3XPdqoIc','[{\"funcscope_category\":{\"id\":17}},{\"funcscope_category\":{\"id\":18},\"confirm_info\":{\"need_confirm\":0,\"already_confirm\":0,\"can_confirm\":0}},{\"funcscope_category\":{\"id\":19}},{\"funcscope_category\":{\"id\":25},\"confirm_info\":{\"need_confirm\":0,\"already_confirm\":0,\"can_confirm\":0}},{\"funcscope_category\":{\"id\":30},\"confirm_info\":{\"need_confirm\":0,\"already_confirm\":0,\"can_confirm\":0}},{\"funcscope_category\":{\"id\":31},\"confirm_info\":{\"need_confirm\":0,\"already_confirm\":0,\"can_confirm\":0}},{\"funcscope_category\":{\"id\":37}}]','田田家的装修','http://wx.qlogo.cn/mmopen/RWVGV7bXLhp2C5pEcbWsQ3MkOxuoiaQicDXev3HcTYgJ7kaqqLTmwgO423xjnH6RtQAV7iaFxv5UKqgb4jm6tuXlqhicPeZHk5cr/0','http://mmbiz.qpic.cn/mmbiz_jpg/sfVCvLcP8sbafo0iaGfZn3kCrCwiahzdMUZPwlpNM36Nsibs9O8x97vueeakxe6vZxnWg9CW04HHdaTwIIqEJmBjA/0','-1','gh_b376dc07a732','个人',0,NULL,1,1,2,'审核中','461744015','2018-06-07 11:05:32','2018-06-11 17:35:59'),(3,23,NULL,NULL,'{\"authorizer_appid\":\"wxdfc8074ae1a8c61a\",\"authorizer_access_token\":\"10_ZUcjeLoqd3J_2iBloYAyQfPEPIAvzsEgBQ_YHJCpH7xEqtXARdSKjzvoI00ab_KT2RpMBLd5w3PGg77VbLtu567LSzafq_-PK_yXifvNWdFEGjdcx_zTCiBF9jfoG2lJ0TQ_X67ZRRWo3AaqTKRbAMDKBI\",\"expires_in\":7200,\"authorizer_refresh_token\":\"refreshtoken@@@g98bJi7ytj-Ecm5NWc69UwRMVZS5Egso_J2mqQ0dvU4\",\"func_info\":[{\"funcscope_category\":{\"id\":17}},{\"funcscope_category\":{\"id\":18},\"confirm_info\":{\"need_confirm\":0,\"already_confirm\":0,\"can_confirm\":0}},{\"funcscope_category\":{\"id\":19}},{\"funcscope_category\":{\"id\":25},\"confirm_info\":{\"need_confirm\":0,\"already_confirm\":0,\"can_confirm\":0}},{\"funcscope_category\":{\"id\":30},\"confirm_info\":{\"need_confirm\":0,\"already_confirm\":0,\"can_confirm\":0}},{\"funcscope_category\":{\"id\":31},\"confirm_info\":{\"need_confirm\":0,\"already_confirm\":0,\"can_confirm\":0}},{\"funcscope_category\":{\"id\":37}}]}','{\"nick_name\":\"\",\"service_type_info\":{\"id\":0},\"verify_type_info\":{\"id\":-1},\"user_name\":\"gh_3caa1c29e827\",\"alias\":\"\",\"qrcode_url\":\"http:\\/\\/mmbiz.qpic.cn\\/mmbiz_jpg\\/xibXibXfARrXY6rnSWUakko0c6P8yedHoV9kibrnvRnuNyBwWJLFibTHEK1Rcqj1TAlKL5VIYzYd5pPqBY50rYVZ4g\\/0\",\"business_info\":{\"open_pay\":0,\"open_shake\":0,\"open_scan\":0,\"open_card\":0,\"open_store\":0},\"idc\":1,\"principal_name\":\"\\u4e2a\\u4eba\",\"signature\":\"\",\"MiniProgramInfo\":{\"network\":{\"RequestDomain\":[\"https:\\/\\/m.qpic.cn\",\"https:\\/\\/fixture.yygsoft.com\"],\"WsRequestDomain\":[\"wss:\\/\\/m.qpic.cn\",\"wss:\\/\\/fixture.yygsoft.com\"],\"UploadDomain\":[\"https:\\/\\/m.qpic.cn\",\"https:\\/\\/fixture.yygsoft.com\"],\"DownloadDomain\":[\"https:\\/\\/m.qpic.cn\",\"https:\\/\\/fixture.yygsoft.com\"],\"BizDomain\":[]},\"categories\":[],\"visit_status\":0}}','wxdfc8074ae1a8c61a',NULL,0,'10_ZUcjeLoqd3J_2iBloYAyQfPEPIAvzsEgBQ_YHJCpH7xEqtXARdSKjzvoI00ab_KT2RpMBLd5w3PGg77VbLtu567LSzafq_-PK_yXifvNWdFEGjdcx_zTCiBF9jfoG2lJ0TQ_X67ZRRWo3AaqTKRbAMDKBI','1528515049','refreshtoken@@@g98bJi7ytj-Ecm5NWc69UwRMVZS5Egso_J2mqQ0dvU4','[{\"funcscope_category\":{\"id\":17}},{\"funcscope_category\":{\"id\":18},\"confirm_info\":{\"need_confirm\":0,\"already_confirm\":0,\"can_confirm\":0}},{\"funcscope_category\":{\"id\":19}},{\"funcscope_category\":{\"id\":25},\"confirm_info\":{\"need_confirm\":0,\"already_confirm\":0,\"can_confirm\":0}},{\"funcscope_category\":{\"id\":30},\"confirm_info\":{\"need_confirm\":0,\"already_confirm\":0,\"can_confirm\":0}},{\"funcscope_category\":{\"id\":31},\"confirm_info\":{\"need_confirm\":0,\"already_confirm\":0,\"can_confirm\":0}},{\"funcscope_category\":{\"id\":37}}]','','','http://mmbiz.qpic.cn/mmbiz_jpg/xibXibXfARrXY6rnSWUakko0c6P8yedHoV9kibrnvRnuNyBwWJLFibTHEK1Rcqj1TAlKL5VIYzYd5pPqBY50rYVZ4g/0','-1','gh_3caa1c29e827','个人',0,NULL,1,1,2,'审核中','428088607','2018-06-09 09:30:49','2018-06-09 09:56:18');

/*Table structure for table `fixture_sms_history` */

DROP TABLE IF EXISTS `fixture_sms_history`;

CREATE TABLE `fixture_sms_history` (
  `id` int(11) NOT NULL AUTO_INCREMENT,
  `companyid` int(11) DEFAULT NULL COMMENT '公司id',
  `userid` int(11) DEFAULT NULL COMMENT '用户id',
  `type` tinyint(1) DEFAULT '0' COMMENT '1用户发送 0 系统后台发送',
  `content` varchar(255) COLLATE utf8mb4_unicode_ci DEFAULT NULL COMMENT '发送短信内容',
  `code` int(6) NOT NULL COMMENT '验证码',
  `phone` char(11) COLLATE utf8mb4_unicode_ci NOT NULL COMMENT '手机号码',
  `created_at` datetime NOT NULL COMMENT '发送时间',
  PRIMARY KEY (`id`)
) ENGINE=InnoDB AUTO_INCREMENT=90 DEFAULT CHARSET=utf8mb4 COLLATE=utf8mb4_unicode_ci COMMENT='发送短息表';

/*Data for the table `fixture_sms_history` */

insert  into `fixture_sms_history`(`id`,`companyid`,`userid`,`type`,`content`,`code`,`phone`,`created_at`) values (1,4,NULL,1,'温馨提示:您修改手机号码的验证码为：864966请勿向他人泄露！',864966,'2147483647','2018-05-11 14:25:04'),(2,4,NULL,1,'温馨提示:您修改手机号码的验证码为：272636请勿向他人泄露！',272636,'2147483647','2018-05-11 14:26:23'),(3,4,NULL,1,'温馨提示:您修改手机号码的验证码为：920843请勿向他人泄露！',920843,'15094014770','2018-05-11 14:27:27'),(4,4,NULL,1,'温馨提示:您修改手机号码的验证码为：186661请勿向他人泄露！',186661,'15094014770','2018-05-11 14:31:06'),(5,4,NULL,1,'温馨提示:您修改手机号码的验证码为：092115请勿向他人泄露！',92115,'15094014770','2018-05-11 15:44:02'),(6,4,NULL,1,'温馨提示:您修改手机号码的验证码为：7784请勿向他人泄露！',7784,'15094014770','2018-05-11 15:45:03'),(7,4,NULL,1,'温馨提示:您修改手机号码的验证码为：0418请勿向他人泄露！',418,'15094014770','2018-05-11 15:46:45'),(8,4,NULL,1,'温馨提示:您修改手机号码的验证码为：2162请勿向他人泄露！',2162,'15094014770','2018-05-11 15:49:47'),(9,4,NULL,1,'温馨提示:您修改手机号码的验证码为：9743请勿向他人泄露！',9743,'15094014770','2018-05-11 15:51:53'),(10,4,NULL,1,'温馨提示:您修改手机号码的验证码为：6819请勿向他人泄露！',6819,'15094014770','2018-05-11 15:57:38'),(11,4,NULL,1,'温馨提示:您修改手机号码的验证码为：7510请勿向他人泄露！',7510,'15094014770','2018-05-11 16:01:40'),(12,4,NULL,1,'温馨提示:您修改密码的验证码为：4815请勿向他人泄露！',4815,'15094014770','2018-05-11 16:16:25'),(13,4,17,1,'温馨提示:您修改密码的验证码为：8318请勿向他人泄露！',8318,'15094014770','2018-05-11 16:24:40'),(14,4,17,1,'温馨提示:您修改密码的验证码为：7293请勿向他人泄露！',7293,'15094014770','2018-05-11 16:26:33'),(15,4,17,1,'温馨提示:您修改密码的验证码为：5224请勿向他人泄露！',5224,'15094014770','2018-05-11 16:27:23'),(16,4,17,1,'温馨提示:您修改密码的验证码为：9270请勿向他人泄露！',9270,'15094014770','2018-05-11 16:28:09'),(17,4,17,1,'温馨提示:您修改密码的验证码为：7266请勿向他人泄露！',7266,'15094014770','2018-05-11 16:30:35'),(18,4,17,1,'温馨提示:您修改密码的验证码为：5821请勿向他人泄露！',5821,'15094014770','2018-05-11 16:31:17'),(19,4,17,1,'温馨提示:您修改密码的验证码为：4467请勿向他人泄露！',4467,'15094014770','2018-05-11 16:34:30'),(20,4,17,1,'温馨提示:您修改密码的验证码为：7568请勿向他人泄露！',7568,'15094014770','2018-05-11 16:34:42'),(21,4,17,1,'温馨提示:您修改密码的验证码为：4812请勿向他人泄露！',4812,'15094014770','2018-05-11 16:44:37'),(22,0,0,1,'温馨提示:您登陆的验证码为：7010请勿向他人泄露！',7010,'15094014770','2018-05-11 17:32:23'),(23,0,0,1,'温馨提示:您登陆的验证码为：4476请勿向他人泄露！',4476,'15094014770','2018-05-11 17:40:25'),(24,0,0,1,'温馨提示:您登陆的验证码为：3613请勿向他人泄露！',3613,'15094014770','2018-05-11 17:51:08'),(25,0,0,1,'温馨提示:您登陆的验证码为：7796请勿向他人泄露！',7796,'15094014770','2018-05-14 12:01:45'),(26,0,0,1,'温馨提示:您登陆的验证码为：4203请勿向他人泄露！',4203,'15094014770','2018-05-14 13:48:43'),(27,0,0,1,'您本次的验证码是2682，请于10分钟内填写。请勿泄露。',2682,'15094014770','2018-05-14 15:03:39'),(28,4,17,1,'您本次的验证码是3951，请于10分钟内填写。请勿泄露。',3951,'15094014770','2018-05-14 15:04:21'),(29,0,0,1,'您本次的验证码是2514，请于10分钟内填写。请勿泄露。',2514,'15094014770','2018-05-14 15:07:00'),(30,0,0,1,'您本次的验证码是2322，请于10分钟内填写。请勿泄露。',2322,'15094014771','2018-05-14 15:11:27'),(31,0,0,1,'您本次的验证码是1445，请于10分钟内填写。请勿泄露。',1445,'15094014771','2018-05-14 15:11:37'),(32,0,0,1,'您本次的验证码是7378，请于10分钟内填写。请勿泄露。',7378,'15094014771','2018-05-14 15:11:57'),(33,0,0,1,'您本次的验证码是8163，请于10分钟内填写。请勿泄露。',8163,'15094014771','2018-05-14 15:12:01'),(34,0,0,1,'您本次的验证码是4421，请于10分钟内填写。请勿泄露。',4421,'15094014771','2018-05-14 15:14:16'),(35,0,0,1,'您本次的验证码是8330，请于10分钟内填写。请勿泄露。',8330,'15094014771','2018-05-14 15:14:37'),(36,0,0,1,'您本次的验证码是5359，请于10分钟内填写。请勿泄露。',5359,'15094014771','2018-05-14 15:17:18'),(37,0,0,1,'您本次的验证码是4391，请于10分钟内填写。请勿泄露。',4391,'15094014771','2018-05-14 15:18:01'),(38,NULL,21,1,'您本次的验证码是1283，请于10分钟内填写。请勿泄露。',1283,'15094014772','2018-05-14 15:20:51'),(39,0,0,1,'您本次的验证码是1497，请于10分钟内填写。请勿泄露。',1497,'15094014770','2018-05-15 09:33:12'),(40,0,0,1,'您本次的验证码是7873，请于10分钟内填写。请勿泄露。',7873,'15094014778','2018-05-16 17:34:56'),(41,7,22,1,'您本次的验证码是6552，请于10分钟内填写。请勿泄露。',6552,'15094014778','2018-05-16 19:21:23'),(42,0,0,1,'您本次的验证码是6983，请于10分钟内填写。请勿泄露。',6983,'18191337035','2018-05-23 16:10:24'),(43,0,0,1,'您本次的验证码是9218，请于10分钟内填写。请勿泄露。',9218,'13201698755','2018-05-23 17:48:16'),(44,9,24,1,'您本次的验证码是3596，请于10分钟内填写。请勿泄露。',3596,'18191337035','2018-06-02 09:11:22'),(45,9,24,1,'您本次的验证码是6064，请于10分钟内填写。请勿泄露。',6064,'18191337035','2018-06-02 09:11:29'),(46,9,24,1,'您本次的验证码是5682，请于10分钟内填写。请勿泄露。',5682,'18191337035','2018-06-02 09:13:26'),(47,0,0,1,'您本次的验证码是4472，请于10分钟内填写。请勿泄露。',4472,'18092013097','2018-06-02 09:42:00'),(48,0,0,1,'您本次的验证码是9007，请于10分钟内填写。请勿泄露。',9007,'18092013097','2018-06-02 09:43:24'),(49,0,0,1,'您本次的验证码是6152，请于10分钟内填写。请勿泄露。',6152,'18092013097','2018-06-02 09:45:21'),(50,0,0,1,'您本次的验证码是4657，请于10分钟内填写。请勿泄露。',4657,'18092013097','2018-06-02 09:45:38'),(51,0,0,1,'您本次的验证码是3114，请于10分钟内填写。请勿泄露。',3114,'18092013097','2018-06-02 09:45:46'),(52,0,0,1,'您本次的验证码是7353，请于10分钟内填写。请勿泄露。',7353,'18092013097','2018-06-02 09:46:39'),(53,0,0,1,'您本次的验证码是2377，请于10分钟内填写。请勿泄露。',2377,'18092013097','2018-06-02 09:53:56'),(54,0,0,1,'您本次的验证码是2483，请于10分钟内填写。请勿泄露。',2483,'18092013097','2018-06-02 09:54:05'),(55,0,0,1,'您本次的验证码是4460，请于10分钟内填写。请勿泄露。',4460,'18092013097','2018-06-02 09:55:58'),(56,0,0,1,'您本次的验证码是2526，请于10分钟内填写。请勿泄露。',2526,'18092013097','2018-06-02 09:57:14'),(57,0,0,1,'您本次的验证码是6108，请于10分钟内填写。请勿泄露。',6108,'18092013097','2018-06-02 09:59:31'),(58,0,0,1,'您本次的验证码是3979，请于10分钟内填写。请勿泄露。',3979,'18092013097','2018-06-02 10:08:47'),(59,0,0,1,'您本次的验证码是5924，请于10分钟内填写。请勿泄露。',5924,'18092013097','2018-06-02 10:56:11'),(60,0,0,1,'您本次的验证码是1022，请于10分钟内填写。请勿泄露。',1022,'18092013097','2018-06-02 10:56:45'),(61,0,0,1,'您本次的验证码是5677，请于10分钟内填写。请勿泄露。',5677,'18092013097','2018-06-02 13:58:13'),(62,2,2,1,'您本次的验证码是9593，请于10分钟内填写。请勿泄露。',9593,'15002960399','2018-06-04 10:52:01'),(63,2,2,1,'您本次的验证码是8162，请于10分钟内填写。请勿泄露。',8162,'15002960399','2018-06-04 10:56:04'),(64,2,2,1,'您本次的验证码是1560，请于10分钟内填写。请勿泄露。',1560,'15002960399','2018-06-04 10:56:55'),(65,2,2,1,'您本次的验证码是9898，请于10分钟内填写。请勿泄露。',9898,'15002960399','2018-06-04 10:58:42'),(66,2,2,1,'您本次的验证码是9581，请于10分钟内填写。请勿泄露。',9581,'15002960399','2018-06-04 10:58:55'),(67,2,2,1,'您本次的验证码是2298，请于10分钟内填写。请勿泄露。',2298,'15002960399','2018-06-04 10:59:28'),(68,2,2,1,'您本次的验证码是8546，请于10分钟内填写。请勿泄露。',8546,'15002960399','2018-06-04 10:59:42'),(69,2,2,1,'您本次的验证码是9480，请于10分钟内填写。请勿泄露。',9480,'15002960399','2018-06-04 11:00:16'),(70,2,2,1,'您本次的验证码是6853，请于10分钟内填写。请勿泄露。',6853,'15002960399','2018-06-04 11:00:23'),(71,2,2,1,'您本次的验证码是2076，请于10分钟内填写。请勿泄露。',2076,'15002960399','2018-06-04 11:01:52'),(72,2,2,1,'您本次的验证码是8894，请于10分钟内填写。请勿泄露。',8894,'15002960399','2018-06-04 11:02:22'),(73,2,2,1,'您本次的验证码是5084，请于10分钟内填写。请勿泄露。',5084,'15002960399','2018-06-04 11:02:58'),(74,2,2,1,'您本次的验证码是4166，请于10分钟内填写。请勿泄露。',4166,'15002960399','2018-06-04 11:03:41'),(75,2,2,1,'您本次的验证码是8368，请于10分钟内填写。请勿泄露。',8368,'15002960399','2018-06-04 11:06:31'),(76,9,24,1,'您本次的验证码是6114，请于10分钟内填写。请勿泄露。',6114,'18191337035','2018-06-04 11:30:49'),(77,9,24,1,'您本次的验证码是5778，请于10分钟内填写。请勿泄露。',5778,'18191337035','2018-06-04 13:41:51'),(78,0,0,1,'您本次的验证码是9621，请于10分钟内填写。请勿泄露。',9621,'18191337035','2018-06-05 09:19:57'),(79,0,0,1,'您本次的验证码是4045，请于10分钟内填写。请勿泄露。',4045,'15002960374','2018-06-05 13:43:30'),(80,12,39,1,'您本次的验证码是3508，请于10分钟内填写。请勿泄露。',3508,'18291846993','2018-06-05 13:58:52'),(81,12,39,1,'您本次的验证码是7370，请于10分钟内填写。请勿泄露。',7370,'18191337035','2018-06-05 14:00:57'),(82,0,0,1,'您本次的验证码是8091，请于10分钟内填写。请勿泄露。',8091,'15769157467','2018-06-05 14:03:21'),(83,0,0,1,'您本次的验证码是3651，请于10分钟内填写。请勿泄露。',3651,'15384678243','2018-06-06 14:58:57'),(84,0,0,1,'您本次的验证码是7185，请于10分钟内填写。请勿泄露。',7185,'18191337035','2018-06-06 15:05:45'),(85,0,0,1,'您本次的验证码是8900，请于10分钟内填写。请勿泄露。',8900,'18092013097','2018-06-06 15:17:48'),(86,0,0,1,'您本次的验证码是3775，请于10分钟内填写。请勿泄露。',3775,'18000000000','2018-06-06 15:45:06'),(87,0,0,1,'您本次的验证码是9066，请于10分钟内填写。请勿泄露。',9066,'18191337035','2018-06-06 17:31:21'),(88,0,0,1,'您本次的验证码是5377，请于10分钟内填写。请勿泄露。',5377,'18191337035','2018-06-06 17:37:01'),(89,0,0,1,'您本次的验证码是9359，请于10分钟内填写。请勿泄露。',9359,'18291846993','2018-06-09 09:23:46');

/*Table structure for table `fixture_store` */

DROP TABLE IF EXISTS `fixture_store`;

CREATE TABLE `fixture_store` (
  `id` int(11) NOT NULL AUTO_INCREMENT COMMENT '主键id',
  `uuid` char(32) DEFAULT NULL COMMENT '唯一索引',
  `companyid` int(11) DEFAULT NULL COMMENT '公司id',
  `provinceid` int(11) DEFAULT NULL COMMENT '省id',
  `cityid` int(11) DEFAULT NULL COMMENT '市id',
  `name` varchar(255) DEFAULT NULL COMMENT '名称',
  `addr` varchar(255) DEFAULT NULL COMMENT '地址',
  `fulladdr` text COMMENT '省+市+地址',
  `isdefault` tinyint(1) DEFAULT '0' COMMENT '1公司默认门店 0公司创建的门店',
  `created_at` datetime DEFAULT NULL COMMENT '创建时间',
  `updated_at` datetime DEFAULT NULL COMMENT '更新时间',
  PRIMARY KEY (`id`)
) ENGINE=InnoDB AUTO_INCREMENT=74 DEFAULT CHARSET=utf8 COMMENT='门店';

/*Data for the table `fixture_store` */

insert  into `fixture_store`(`id`,`uuid`,`companyid`,`provinceid`,`cityid`,`name`,`addr`,`fulladdr`,`isdefault`,`created_at`,`updated_at`) values (1,'a85dd50e2d8411e88aa754e1adc540fa',1,370000,370200,'GGG的店1','未央区凤城八路12号','陕西省西安市未央区凤城八路12号',0,'2018-05-10 14:49:18','2018-05-10 14:49:18'),(2,'b2aed97b2d8411e88aa754e1adc540fa',1,610000,610500,'哈哈哈12','哈哈哈哈哈哈2','哈哈哈哈哈哈2',0,'2018-03-22 11:47:59','2018-05-15 19:43:15'),(3,'b6e64fc32d8411e88aa754e1adc540fa',1,410000,410100,'jimu门店3','高新区高新一路4号','山西省西安市高新区高新一路4号',0,'2018-05-10 11:54:51','0000-00-00 00:00:00'),(4,'c29d944d2d8411e88aa754e1adc540fa',1,420000,420200,'jimu门店4','高新区软件园5号','陕西省西安市高新区软件园5号',0,'2018-03-22 11:48:04',NULL),(6,'c7e845222d8411e88aa754e1adc540fa',4,420000,420300,'mogu门店1','高科广场1座','陕西省西安市高科广场1座',0,'2018-03-22 11:57:34',NULL),(30,'7e3668095f13ad7279dd6ba1fce5e9f1',1,420000,420500,'吾问无为谓','南门','陕西省西安市南门',0,'2018-05-09 15:55:13',NULL),(34,'fd2b2c19da0c4bb54e4f5fa7194bbebd',1,610000,610300,'哈哈哈12455555','哈哈哈哈哈哈24','哈哈哈哈哈哈24',0,'2018-05-10 10:33:04','2018-05-15 19:44:22'),(41,'50504ecd7a4aac7fdb20feddc59da3c1',6,610000,610100,'测试','龙首南路','陕西省西安市蓝田县',0,'2018-05-14 18:18:27','2018-05-14 18:18:27'),(42,'7443a233b0ad44910fabf374f36fdc55',7,NULL,110100,'啥活动商场','浦东和','北京市市辖区东城区',0,'2018-05-16 19:11:55','2018-05-16 19:11:55'),(43,'28344926f7bd2fe0b13192efd1ca1a1c',8,NULL,110100,'就哈哈的','大哥我去的工期延误','北京市市辖区东城区',0,'2018-05-23 18:04:28','2018-05-23 18:04:28'),(44,'a23502f46ec021f2789a5890074da59d',9,NULL,610100,'好利来','龙首原印象城uyudihdfjsfjkfk','陕西省西安市莲湖区',0,'2018-05-24 10:01:39','2018-05-24 10:01:39'),(45,'59916e662cef2fd68617e5cb35b646d0',9,130000,130100,'好利来石家庄高新店','石家庄天津还有其他的一些','石家庄天津还有其他的一些',0,'2018-05-24 11:46:11','2018-05-24 11:46:30'),(46,'50e72b610972c85e28d05d713b148e57',2,610000,610100,'店2-1','AAAAAA','AAAAAA',0,'2018-05-24 17:27:02','2018-05-24 17:27:02'),(47,'559e5f3d339db488b3465bc9e785bca3',2,610000,610200,'店2-2','BBBBB','BBBBB',0,'2018-05-24 17:27:20','2018-05-24 17:27:20'),(48,'f6e59b5864fb09921c75b080e90d8638',2,610000,610300,'店2-3','CCCC','CCCC',0,'2018-05-24 17:27:33','2018-05-24 17:27:33'),(49,'0ee064736246468fbf7ee326316e4044',2,610000,610400,'店2-4','DDDDD','DDDDD',0,'2018-05-24 17:27:47','2018-06-07 18:20:23'),(50,'bd820571cd9139bc886e8ae6d7c3bc79',9,610000,610100,'莲湖区金鹰国际','未央区3404','未央区3404',0,'2018-05-30 10:39:27','2018-05-30 10:39:41'),(51,'bc9a05cbbd709788db82723b46eae82c',10,NULL,310100,'单斯2','未知的地址2','上海市市辖区黄浦区',0,'2018-06-02 10:58:42','2018-06-02 10:58:42'),(52,'c8a9759e76535c452e0675b3a0b5dc15',11,NULL,110100,'任何事','收到货没收到','北京市市辖区西城区',0,'2018-06-04 12:47:18','2018-06-04 12:47:18'),(53,'f0be72443048f3c7118a7d552933ff55',8,110000,110100,'cccc','ddddd','ddddd',0,'2018-06-04 15:08:11','2018-06-04 15:08:11'),(54,'ec6250ba22f1730b3eb1ed5e23650289',12,610000,610100,'千家粗粮王','龙首商业街一楼4505','龙首商业街一楼4505',0,'2018-06-05 09:27:35','2018-06-05 09:31:22'),(55,'125de693a58b4caa28cf6745d2a67ee5',12,140000,140300,'雁塔小寨店','小寨天桥十字','小寨天桥十字',0,'2018-06-05 09:33:11','2018-06-05 14:15:36'),(56,'6f2e4c604c168ab342a8f4f07e135695',13,NULL,120100,'asdgdsghas','asdgsa','天津市市辖区河东区',0,'2018-06-05 12:26:04','2018-06-05 12:26:04'),(58,'9bada2d07f3ef39ac0e229558ba840d0',14,NULL,210100,'dfgjdfgjd','sdhsdfj','辽宁省沈阳市大东区',0,'2018-06-05 12:35:08','2018-06-05 12:35:08'),(60,'47c5d261033b28b28921673cfc8aeee5',16,150000,150600,'默认公司','默认公司','内蒙古自治区鄂尔多斯市达拉特旗',0,'2018-06-05 13:14:13','2018-06-05 13:14:13'),(61,'5368e7c5fbedc313b4debb996a0950c3',17,140000,140200,'xzcbzxcb','zxcbzxcbzx','山西省大同市矿区',0,'2018-06-05 13:46:39','2018-06-05 13:46:39'),(62,'4cb59c455cd51f9eab7e6bc72a0336ee',12,210000,210200,'龙首商业点','灌灌灌灌灌','灌灌灌灌灌',0,'2018-06-05 14:27:47','2018-06-05 14:27:47'),(63,'d4eeea5609f4ed63dcee836bac9e7761',17,140000,140200,'a1','b1','b1',0,'2018-06-05 14:50:12','2018-06-05 14:55:20'),(64,'1db6a1789def2f8eec43cbf9a4fd83af',17,140000,140200,'cc41','dd41','dd41',0,'2018-06-05 14:54:45','2018-06-05 14:55:17'),(65,'af9d2012b9a402a26d1cfe816e252cdd',18,140000,140400,'第三方很多事','ddfhsdh','山西省长治市郊区',0,'2018-06-05 15:38:10','2018-06-05 15:38:10'),(66,'5fe3ae4d10722a3241a455496723afb4',12,210000,210200,'测试城市','嘿嘿嘿','嘿嘿嘿',0,'2018-06-05 15:38:21','2018-06-05 15:38:21'),(67,'263576d6ffaebedfc2d569f37f1db25c',19,130000,130200,'abc','1111111','河北省唐山市市辖区',0,'2018-06-06 15:01:01','2018-06-06 15:01:01'),(68,'ed78a26b35b7cc2976ff75dca9a98eb1',20,610000,610100,'龙首北路店','龙首村印象城4590室','龙首村印象城4590室',0,'2018-06-06 15:11:09','2018-06-11 11:06:50'),(69,'c1d8b7fd69c7c5f8530c0828e9d73f49',20,310000,310100,'人民路店','上海人民路店','上海人民路店',0,'2018-06-06 15:15:31','2018-06-11 15:28:22'),(70,'62d3e2fbdd4397d441cf6129f1a906d3',21,120000,120100,'GGG','GGGGDDDDD','天津市市辖区河东区',0,'2018-06-06 15:19:30','2018-06-06 15:19:30'),(71,'a65356218c8c5aa920a3b5305f5001c8',20,310000,310100,'未央区盛龙广场店','莲湖店','莲湖店',0,'2018-06-06 15:46:47','2018-06-07 17:18:17'),(72,'cb086da91be27b326b56093b2103e8c5',22,610000,610100,'灰熊家族','龙首村印象城','陕西省西安市未央区',0,'2018-06-06 15:49:42','2018-06-06 15:49:42'),(73,'05e2f0c5ddcbf20d2f29c3f04b3cf817',23,410000,410100,'周大福','河南省周口市鹿邑县郭小集附近','河南省郑州市中原区',0,'2018-06-09 09:25:34','2018-06-09 09:25:34');

/*Table structure for table `fixture_user` */

DROP TABLE IF EXISTS `fixture_user`;

CREATE TABLE `fixture_user` (
  `id` int(11) NOT NULL AUTO_INCREMENT COMMENT '主键id',
  `uuid` char(32) DEFAULT NULL COMMENT '唯一索引id',
  `companyid` int(11) DEFAULT NULL COMMENT '公司id',
  `storeid` int(11) DEFAULT NULL COMMENT '门店id',
  `provinceid` int(11) DEFAULT NULL COMMENT '省id',
  `cityid` int(11) DEFAULT NULL COMMENT '市id',
  `positionid` int(11) DEFAULT NULL COMMENT '职位id',
  `username` varchar(20) DEFAULT NULL COMMENT '用户账号，系统自动生成 字母+数字，随机字符串 ',
  `phone` varchar(30) DEFAULT NULL COMMENT '手机号',
  `password` char(32) DEFAULT NULL COMMENT '密码',
  `nickname` varchar(200) DEFAULT NULL COMMENT '姓名/昵称',
  `resume` varchar(255) DEFAULT NULL COMMENT '个人简介',
  `faceimg` longtext COMMENT '头像',
  `wechatopenid` varchar(100) DEFAULT NULL COMMENT '微信openid',
  `isadmin` tinyint(1) DEFAULT '0' COMMENT '是否管理员，无默认，0不是 1是',
  `isadminafter` tinyint(1) DEFAULT '0' COMMENT '是否后端创建过来的 1是 0不是',
  `type` tinyint(1) DEFAULT '1' COMMENT '类型 0B端用户 1C端用户 ',
  `roleid` int(11) DEFAULT NULL COMMENT '角色id  对应role表id',
  `isinvitationed` tinyint(1) DEFAULT '0' COMMENT '是否是被邀请的参与者 1是 0不是',
  `isowner` tinyint(1) DEFAULT '0' COMMENT 'C端用户，是否业主 1是 0否',
  `isdefault` tinyint(1) DEFAULT '0' COMMENT '是否默认 0否 1是',
  `status` tinyint(1) DEFAULT '1' COMMENT '当前进行中账号状态 ，默认1, 1启用 0禁用',
  `token` char(32) DEFAULT NULL COMMENT '如果用户修改了用户相关信息请变更token防止多用户登陆信息不统一',
  `created_at` datetime DEFAULT NULL COMMENT '创建时间',
  `updated_at` datetime DEFAULT NULL COMMENT '修改时间',
  PRIMARY KEY (`id`)
) ENGINE=InnoDB AUTO_INCREMENT=69 DEFAULT CHARSET=utf8 COMMENT='用户';

/*Data for the table `fixture_user` */

insert  into `fixture_user`(`id`,`uuid`,`companyid`,`storeid`,`provinceid`,`cityid`,`positionid`,`username`,`phone`,`password`,`nickname`,`resume`,`faceimg`,`wechatopenid`,`isadmin`,`isadminafter`,`type`,`roleid`,`isinvitationed`,`isowner`,`isdefault`,`status`,`token`,`created_at`,`updated_at`) values (1,'30b06afa2e3b11e8b20154e1adc540fa',1,6,610000,610100,NULL,'supperadmin2','18092013099','2e31d1a90952288bd5341f2a084d9fae','管理员','我们加油！',NULL,NULL,0,1,0,2,0,0,1,1,NULL,'2018-03-23 09:40:38','2018-05-11 00:26:10'),(2,'30b06bff2e3b11e8b20154e1adc540fa',2,NULL,610000,610100,NULL,'supperadmin','15002960399','69f59c3285a0b5ed113d013cd7caa018','管理员','我们加油！',NULL,NULL,1,1,0,1,0,0,1,1,'0762867e7df07991d5e72d27f7e27f6e','2018-03-23 09:40:38','2018-06-04 11:18:56'),(3,'30b06c372e3b11e8b20154e1adc540fa',1,1,370000,370200,NULL,'jinmu1','18092013098','69f59c3285a0b5ed113d013cd7caa018','积木1','积木家庭1我们加油！',NULL,NULL,1,1,0,1,0,0,0,1,NULL,'2018-03-23 09:40:38','2018-05-24 13:32:03'),(4,'30b06d152e3b11e8b20154e1adc540fa',1,42,NULL,110100,NULL,'jinmuauto1','18092013022','69f59c3285a0b5ed113d013cd7caa018','积木自','积木家庭自定义1我们加油！',NULL,NULL,1,1,0,1,0,0,0,1,NULL,'2018-03-23 09:40:38','2018-05-24 13:31:55'),(5,'30b06e2c2e3b11e8b20154e1adc540fa',1,2,610000,610100,NULL,'jinmu2','18092013096','69f59c3285a0b5ed113d013cd7caa018','积木2','积木家庭2我们加油！',NULL,NULL,1,1,0,1,0,0,0,1,NULL,'2018-03-23 09:40:38',NULL),(6,'30b06ea02e3b11e8b20154e1adc540fa',1,2,610000,610100,NULL,'jinmuauto2','18092013095','69f59c3285a0b5ed113d013cd7caa018','积木自定义2','积木家庭自定义2我们加油！',NULL,NULL,1,1,0,1,0,0,0,1,NULL,'2018-03-23 09:40:38',NULL),(7,'30b06eff2e3b11e8b20154e1adc540fa',1,3,610000,610100,NULL,'jinmu3','18092013094','69f59c3285a0b5ed113d013cd7caa018','积木3','积木家庭3我们加油！',NULL,NULL,1,1,0,1,0,0,0,1,NULL,'2018-03-23 09:40:38',NULL),(8,'30b06f5b2e3b11e8b20154e1adc540fa',1,3,610000,610100,NULL,'jinmuauto3','18092013093','69f59c3285a0b5ed113d013cd7caa018','积木自定义3','积木家庭自定义3我们加油！',NULL,NULL,1,1,0,1,0,0,0,1,NULL,'2018-03-23 09:40:38',NULL),(9,'30b06fba2e3b11e8b20154e1adc540fa',1,4,610000,610100,NULL,'jinmu4','18092013092','69f59c3285a0b5ed113d013cd7caa018','积木4','积木家庭4我们加油！',NULL,NULL,1,1,0,1,0,0,0,1,NULL,'2018-03-23 09:40:38',NULL),(10,'30b070322e3b11e8b20154e1adc540fa',1,4,610000,610100,NULL,'jinmuauto4','18092013091','69f59c3285a0b5ed113d013cd7caa018','积木自定义4','积木家庭自定义4我们加油！',NULL,NULL,1,1,0,1,0,0,0,1,NULL,'2018-03-23 09:40:38',NULL),(17,'17f441f7a5be0505e4e1c09654384d24',4,6,610000,610100,NULL,'yyz_47002','15094014770','d35c48465166bbbb313c6b0912f3c2ee','哈哈',NULL,'http://thirdwx.qlogo.cn/mmopen/PiajxSqBRaEJl9xxZ3RnibNaNG4kicmY2XNgtqd33KkWjV6Yf4WcnkvDWbJVdJcs9tD2TDHs7D8p3B2mo0RaM1d3nMxN1S00YQYLKRzlc9pgUI/132','oPso81RIXGcK3HS-Ff8NvD0E20k0',1,1,0,1,0,0,0,1,NULL,'2018-03-25 08:18:12','2018-05-14 13:49:25'),(18,'834bc9447ffb0520dc4a6441fbc15aff',5,NULL,610000,610100,NULL,NULL,'18691895593','5bb133ced94fa40723c44056ac035fb8','hfdsh',NULL,NULL,NULL,1,1,0,1,0,0,0,1,NULL,'2018-03-27 05:59:52','2018-03-27 06:01:40'),(19,'f599007a71208c9857939ef8722e05fc',NULL,NULL,610000,610100,NULL,'yyz_4700','15094014700','69f59c3285a0b5ed113d013cd7caa018','dsfh',NULL,NULL,NULL,1,1,0,NULL,0,0,0,1,NULL,'2018-05-08 16:02:37','2018-05-08 16:02:37'),(21,'ed2e92ee63cf6725eaea423a983cf66f',6,41,610000,610100,NULL,'yyz_4771','15094014771','69f59c3285a0b5ed113d013cd7caa018','sdfh',NULL,NULL,NULL,1,1,0,NULL,0,0,0,1,NULL,'2018-05-14 15:18:31','2018-05-14 18:18:27'),(22,'916831e8d19e974ebbef97becbb09b53',7,42,120000,120100,NULL,'yyz_4778','15094014778','d35c48465166bbbb313c6b0912f3c2ee','gfj',NULL,NULL,'oPso81RIXGcK3HS-Ff8NvD0E20k',1,1,0,NULL,0,0,0,1,'7d0486d0403b9d8c5b5788c7594cf9d1','2018-05-16 17:35:26','2018-05-17 10:01:46'),(23,'035fbd4c627ce1997fa67001de17b376',NULL,NULL,NULL,NULL,NULL,NULL,NULL,NULL,'测试用户',NULL,'http://thirdwx.qlogo.cn/mmopen/PiajxSqBRaEJl9xxZ3RnibNaNG4kicmY2XNgtqd33KkWjV6Yf4WcnkvDWbJVdJcs9tD2TDHs7D8p3B2mo0RaM1d3nMxN1S00YQYLKRzlc9pgUI/132','',0,0,1,NULL,0,0,0,1,NULL,'2018-05-21 13:57:41','2018-05-21 13:57:41'),(24,'d4b3d0823f6a2273511638f9bcee0bd5',9,44,210000,210100,NULL,'yyz_7022','18191337122','5bb133ced94fa40723c44056ac035fb8','fg',NULL,NULL,NULL,1,1,0,NULL,0,0,0,1,'','2018-05-23 16:11:24','2018-06-04 13:44:49'),(25,'f63c55ba3462251e872410d9278f995d',8,43,110000,110100,NULL,'yyz_8755','13201698755','69f59c3285a0b5ed113d013cd7caa018','jsd',NULL,NULL,'oR2Uf0b0Ug_U7h0p7Dvd_v1TNSEA',1,1,0,NULL,0,0,0,1,'1b16e2a41cb6c76edc15c95222d44f8e','2018-05-23 17:49:14','2018-06-04 14:59:39'),(27,'5d78e9abad275b3138787084cc6bba22',9,45,130000,130100,NULL,'admin00010',NULL,'2e31d1a90952288bd5341f2a084d9fae','嘿嘿嘿1',NULL,NULL,NULL,0,1,0,1,0,0,0,1,NULL,'2018-05-24 15:09:23','2018-05-24 15:10:17'),(29,'9ee392e7cb3786fa168f96b15fa50af7',2,46,610000,610100,NULL,'user2-1',NULL,'f9124ae5d38a58d64cefb9baba4c0db4','用2-1',NULL,NULL,NULL,0,1,0,35,0,0,0,1,NULL,'2018-05-24 17:54:43','2018-05-25 17:53:53'),(30,'266b2ddad55afdb2ae598a462c4ec06b',2,47,610000,610200,NULL,'user2-2',NULL,'f9124ae5d38a58d64cefb9baba4c0db4','用2-2',NULL,NULL,NULL,0,1,0,36,0,0,0,1,NULL,'2018-05-24 17:55:00','2018-05-25 17:52:59'),(31,'d2221c834adf1afe5ff81515d2f8acce',2,48,610000,610300,NULL,'user2-3',NULL,'f9124ae5d38a58d64cefb9baba4c0db4','用2-3',NULL,NULL,NULL,0,1,0,37,0,0,0,1,NULL,'2018-05-24 17:55:27','2018-05-25 17:53:01'),(32,'f4f67fd6ea9d5f9f230ca380936c23c1',2,49,610000,610400,NULL,'user2-4',NULL,'f9124ae5d38a58d64cefb9baba4c0db4','用2-4',NULL,NULL,NULL,0,1,0,38,0,0,0,1,NULL,'2018-05-24 17:55:40','2018-05-25 17:53:04'),(33,'f0b2a34e43ed1697ecc935c40226a643',9,44,NULL,610100,NULL,'ffcs',NULL,'2e31d1a90952288bd5341f2a084d9fae','反复测试',NULL,NULL,NULL,1,1,0,42,0,0,0,1,NULL,'2018-05-30 16:13:40','2018-05-30 16:14:00'),(34,'e772dfe276a8f349d27adf2eb6a65fd3',NULL,NULL,NULL,NULL,NULL,'yyz_3033','18092013033','69f59c3285a0b5ed113d013cd7caa018','jsdg',NULL,NULL,NULL,1,1,0,NULL,0,0,0,1,NULL,'2018-06-02 10:00:04','2018-06-02 10:00:04'),(35,'c48d17969f91bbd4bd095bdf5be7b9c7',10,51,310000,310100,NULL,'yyz_3000','18092013000','69f59c3285a0b5ed113d013cd7caa018','sdfh',NULL,NULL,NULL,1,1,0,NULL,0,0,0,1,'1e8607e0b3ba4789c31284cf36875c6d','2018-06-02 10:57:37','2018-06-02 14:35:49'),(36,'5fbf6eff5c66e5f00ddfa5a16e5ed41a',NULL,NULL,NULL,NULL,NULL,'yyz_3111','18092013111','69f59c3285a0b5ed113d013cd7caa018','gdjd',NULL,NULL,NULL,1,1,0,NULL,0,0,0,1,NULL,'2018-06-02 14:42:03','2018-06-02 14:42:03'),(37,'1be7bbb05b9a9be34c54510138431e9a',11,52,110000,110100,NULL,'yyz_0371','15002960371','69f59c3285a0b5ed113d013cd7caa018',NULL,NULL,NULL,NULL,1,1,0,NULL,0,0,0,1,'ec805e7b2f05470a1e4ecea6eefa4b24','2018-06-04 12:40:28','2018-06-04 12:53:02'),(38,'51b882c600197ff32042718a59dd860d',8,53,110000,110100,NULL,'gdgl',NULL,'f9124ae5d38a58d64cefb9baba4c0db4','gggggg',NULL,NULL,NULL,0,1,0,45,0,0,0,1,NULL,'2018-06-04 15:09:02','2018-06-04 15:09:02'),(39,'00a91e39b94201ea770499d4d699253a',12,54,610000,610100,NULL,'yyz_7111','18191337111','5bb133ced94fa40723c44056ac035fb8',NULL,NULL,NULL,NULL,1,1,0,NULL,0,0,0,1,'b0f720fe94bf963e727aecb0123dbfc5','2018-06-05 09:22:00','2018-06-05 14:01:05'),(42,'5d6c93d8ef9b4a4539bac81cdd7f00e4',13,56,120000,120100,NULL,'yyz_0372','15002960372','69f59c3285a0b5ed113d013cd7caa018','管理员',NULL,NULL,NULL,1,1,0,1,0,0,0,1,'a1c5994fa91addcf408a5365f6a1982d','2018-06-05 12:25:26','2018-06-05 12:31:38'),(43,'f73d06909346e49d25704cf8eb38b897',14,58,210000,210100,NULL,'yyz_0355','15002960355','69f59c3285a0b5ed113d013cd7caa018','管理员',NULL,NULL,NULL,1,1,0,1,0,0,0,1,'23788bf4784e16e037760fe3d79a7b22','2018-06-05 12:33:50','2018-06-05 12:35:08'),(44,'61470994b42463d8f44d77d78777fa26',16,60,150000,150600,NULL,'yyz_1954','13571381954','69f59c3285a0b5ed113d013cd7caa018','管理员',NULL,NULL,NULL,1,1,0,1,0,0,0,1,'fae608a39420cf989eb6c27f511b105c','2018-06-05 13:03:06','2018-06-05 13:24:17'),(45,'93b75d53224d3cf664a77373c3e5230d',17,61,140000,140200,NULL,'yyz_0333','15002960333','69f59c3285a0b5ed113d013cd7caa018','管理员',NULL,NULL,NULL,1,1,0,1,0,0,0,1,'a6b73cd9bcd048cfe70570de5126cb9f','2018-06-05 13:45:53','2018-06-05 13:46:39'),(46,'4b76ad0251f9f914e6d0b7368304ae4d',12,55,610000,610100,NULL,'zhangsan',NULL,'f9124ae5d38a58d64cefb9baba4c0db4','张三',NULL,NULL,NULL,0,1,0,48,0,0,0,1,NULL,'2018-06-05 14:02:04','2018-06-05 14:02:16'),(47,'057b58def35b1ad8d86be494d98af329',12,62,210000,210200,NULL,'lisi',NULL,'f9124ae5d38a58d64cefb9baba4c0db4','lisi',NULL,NULL,NULL,0,1,0,1,0,0,0,1,NULL,'2018-06-05 14:59:40','2018-06-05 15:48:44'),(48,'a8ee95adf3cdb2300eef1cf31d29e691',18,65,140000,140400,NULL,'yyz_0111','15002960111','69f59c3285a0b5ed113d013cd7caa018','管理员',NULL,NULL,NULL,1,1,0,1,0,0,0,1,'f0918a0d12ab7e4c513865345be73cc5','2018-06-05 15:37:42','2018-06-05 15:38:10'),(49,'6367fd16f2a875adef51d9fd25dcd923',12,66,210000,210200,NULL,'fff',NULL,'f9124ae5d38a58d64cefb9baba4c0db4','wangmz',NULL,NULL,NULL,0,1,0,49,0,0,0,1,NULL,'2018-06-05 15:55:23','2018-06-05 15:55:23'),(50,'c19e13fc65fa1dcda8c2d194ad65e502',19,67,130000,130200,NULL,'yyz_8243','15384678243','69f59c3285a0b5ed113d013cd7caa018','管理员',NULL,NULL,NULL,1,1,0,1,0,0,0,1,'03daf2e6ed8068f3c09aec76dba38f79','2018-06-06 14:59:22','2018-06-06 15:01:01'),(51,'50504391aeca58e7ed588145febc3573',20,68,610000,610100,116,'yyz_7035','18191337035','69f59c3285a0b5ed113d013cd7caa018','管理员',NULL,'https://wx.qlogo.cn/mmopen/vi_32/Kgdf8dfRsSDmnuEkROlM78iaNrNZXKTNTTPbxPY3CEvHadHfPNZ1jngiaRjD6DOGl9oZibFMXOhTW4cademS2MQlg/132',NULL,1,1,0,1,0,0,0,1,'1a8ff85173808aca5256b74abb91e46b','2018-06-06 15:06:08','2018-06-11 09:22:13'),(52,'f91e6e254095c403e2de7df02d285668',21,70,120000,120100,NULL,'yyz_3097','18092013097','69f59c3285a0b5ed113d013cd7caa018','管理员',NULL,NULL,NULL,1,1,0,1,0,0,0,1,'752760e7e4e33b330f83f2d69ade1666','2018-06-06 15:18:57','2018-06-06 17:38:17'),(53,'ce17e211fa1c9ddb7deb6440fbb3d6ee',20,69,310000,310100,NULL,'cscs',NULL,'f9124ae5d38a58d64cefb9baba4c0db4','测试城市权限',NULL,NULL,NULL,0,1,0,50,0,0,0,1,NULL,'2018-06-06 15:35:06','2018-06-06 15:35:06'),(54,'d785fe5679a38e770d16625702a9b785',22,72,610000,610100,116,'yyz_0000','18000000000','69f59c3285a0b5ed113d013cd7caa018','管理员',NULL,NULL,NULL,1,1,0,1,0,0,0,1,'7cf723a9e8d3edcb64e085e706c86adb','2018-06-06 15:45:59','2018-06-11 16:38:52'),(55,'63d97a171904c8e66dfe39408fc27c8c',20,71,310000,310100,NULL,'csmd',NULL,'f9124ae5d38a58d64cefb9baba4c0db4','上官婉儿',NULL,NULL,NULL,0,1,0,52,0,0,0,1,NULL,'2018-06-06 15:47:21','2018-06-09 09:21:58'),(56,'3107bf297f2250366025dc82ab9f56a5',22,NULL,NULL,NULL,NULL,NULL,NULL,NULL,'......',NULL,'https://wx.qlogo.cn/mmopen/vi_32/qEQR9l7ATR25Rcjxu82XGzGOAx1X0053uTHVsa7Yz0OaE2kuG5fINrCIRIj4xchgoM6IYcaZf9u0NvraoSJHvA/132','oR2Uf0b0Ug_U7h0p7Dvd_v1TNSEA',0,0,1,NULL,0,0,0,1,NULL,'2018-06-06 15:58:22','2018-06-06 19:36:14'),(57,'3829fb44f9286054192db50498777a25',20,NULL,NULL,NULL,NULL,NULL,NULL,NULL,NULL,NULL,NULL,'ol0jb4ghpbcvZHaehqe9lxe6zLyk',0,0,1,NULL,0,0,0,1,NULL,'2018-06-07 11:12:16','2018-06-07 11:12:16'),(58,'5a87ad75f6360b80abb60f0d8ca17326',22,NULL,NULL,NULL,NULL,NULL,NULL,NULL,NULL,NULL,NULL,'oR2Uf0TPkMxoBKTut-oUMbbSPezk',0,0,1,NULL,0,0,0,1,NULL,'2018-06-07 11:23:35','2018-06-07 11:23:35'),(59,'79006f4baa978abdbaabc8d1e69cf06b',20,NULL,NULL,NULL,NULL,NULL,NULL,NULL,'......',NULL,'https://wx.qlogo.cn/mmopen/vi_32/qEQR9l7ATR25Rcjxu82XGzGOAx1X0053uTHVsa7Yz0OaE2kuG5fINrCIRIj4xchgoM6IYcaZf9u0NvraoSJHvA/132','ol0jb4gq8XTgn7d6wP4GAAitiRT8',0,0,1,NULL,0,0,0,1,NULL,'2018-06-07 11:53:24','2018-06-07 13:53:52'),(60,'e3d9b87f8f2f4ee0a76186ba73ddd7cc',20,NULL,NULL,NULL,NULL,NULL,NULL,NULL,'Мǐп',NULL,'https://wx.qlogo.cn/mmopen/vi_32/Kgdf8dfRsSDmnuEkROlM78iaNrNZXKTNTTPbxPY3CEvHadHfPNZ1jngiaRjD6DOGl9oZibFMXOhTW4cademS2MQlg/132','ol0jb4vXgLf1dsDp12NehOt-s2ss',0,0,1,NULL,0,0,0,1,NULL,'2018-06-07 13:51:27','2018-06-07 13:52:02'),(61,'1ccf02e4be9591cd356125e776a8d66a',22,NULL,NULL,NULL,NULL,NULL,NULL,NULL,'Мǐп',NULL,'https://wx.qlogo.cn/mmopen/vi_32/A05VL7zkPzVcWrK44D1zN1OYZmrxMOTscehbfvul7WKDjwMuCrjyFuIcL8ry5syzE21zia0YLxR3riaaictWSAFyA/132','oR2Uf0ZPqSNxAgYWd_O_UvRJ1F0M',0,0,1,NULL,0,0,0,1,NULL,'2018-06-07 14:12:00','2018-06-07 14:12:28'),(62,'a1baca8a6c8f9279afca518b08447fb9',22,NULL,NULL,NULL,NULL,NULL,NULL,NULL,NULL,NULL,NULL,'oR2Uf0T5kpw_cKXnqTpwnrzDZ6QU',0,0,1,NULL,0,0,0,1,NULL,'2018-06-07 16:51:18','2018-06-07 16:51:18'),(63,'6047ceb731701a7ca6d3ae20219a0d43',23,73,410000,410100,138,'yyz_6993','18291846993','9dc3e47661a34d3dede92bcb1c712761','管理员',NULL,NULL,NULL,1,1,0,1,0,0,0,1,'e7cb35ed2c93990e363d90668fb07cf6','2018-06-09 09:24:06','2018-06-09 09:25:34'),(64,'ac2dd72c3ead54368795cd2c00f4ea9a',23,NULL,NULL,NULL,NULL,NULL,NULL,NULL,'风猫',NULL,'https://wx.qlogo.cn/mmopen/vi_32/Q0j4TwGTfTIu6CuPWSeEtI5e8KT4rib3UcjxZ2a5H7ykxNetJIO6iaA2LQnb7VAlMdqcYGkOOHlewyKQxGg18GqA/132','oLcP05e6i58m2bP_nPB2sb3GOgRY',0,0,1,NULL,0,0,0,1,NULL,'2018-06-09 09:56:30','2018-06-09 09:57:58'),(65,'0be76033c9f9e12da1681c2a5f047b16',23,NULL,NULL,NULL,NULL,NULL,NULL,NULL,NULL,NULL,NULL,'oLcP05UfcqooQQmP1GdF7aU2d1K0',0,0,1,NULL,0,0,0,1,NULL,'2018-06-09 10:02:29','2018-06-09 10:02:29'),(68,'74dcb1bf43ce8ab68ee24077841c8520',22,NULL,NULL,NULL,NULL,NULL,NULL,NULL,'颖子',NULL,'https://wx.qlogo.cn/mmopen/vi_32/2h9tC5dAxW1lbMlViaPPReIBo8RRLviaKuMBOky7icgHpxXO3PL0sHt7vNH7zcUibq1Mibib3J98uhErq056MTBG2F2A/132','oR2Uf0eUgzoD8vClOu2lTg49I8Ag',0,0,1,NULL,0,0,0,1,NULL,'2018-06-11 12:04:29','2018-06-11 12:04:29');

/*Table structure for table `fixture_user_token` */

DROP TABLE IF EXISTS `fixture_user_token`;

CREATE TABLE `fixture_user_token` (
  `id` int(11) NOT NULL AUTO_INCREMENT,
  `uuid` char(32) COLLATE utf8mb4_unicode_ci DEFAULT NULL COMMENT '唯一索引',
  `token` varchar(255) COLLATE utf8mb4_unicode_ci DEFAULT NULL COMMENT '生成的token',
  `expiration` int(11) DEFAULT NULL COMMENT '过期时间',
  `userid` char(11) COLLATE utf8mb4_unicode_ci DEFAULT NULL COMMENT '用户id',
  `type` tinyint(1) DEFAULT '1' COMMENT '类型，默认1， 0=B端用户  1=C端用户',
  `created_at` datetime DEFAULT NULL COMMENT '创建时间',
  `updated_at` datetime DEFAULT NULL COMMENT '修改时间',
  PRIMARY KEY (`id`)
) ENGINE=InnoDB AUTO_INCREMENT=17 DEFAULT CHARSET=utf8mb4 COLLATE=utf8mb4_unicode_ci COMMENT='用户 - token';

/*Data for the table `fixture_user_token` */

insert  into `fixture_user_token`(`id`,`uuid`,`token`,`expiration`,`userid`,`type`,`created_at`,`updated_at`) values (1,'830241b9d6d3b515590ba59961743e0c','YhLAoKLgq5z3I1y06F2GiXCtOOkfsTOrKYDvcL7SNCRLHPl8eDoOM6f8wH9z',1527491483,'23',1,'2018-05-21 13:58:25','2018-05-21 15:11:23'),(2,'d2499b509cadf0c51ca8799c2144ea83','k9htlbiaSQr4kiCSsGAuIgipSbkJRJzv6TX7gHSZWtSk6C4hr70A8WtRfwqc',1527492278,'17',1,'2018-05-21 15:21:04','2018-05-21 15:24:38'),(3,'b420aaf9d2fa418d6bdb81bb80783044','A8hOUStpSTgfSte4wH1S3KYk0RTDNawjOXIGr0x3ofenvhu25uvRVdJ4SUfZ',1527560904,'22',1,'2018-05-21 16:04:00','2018-05-22 10:28:24'),(4,'2aa32dbf449f2d7b6e4f12db487b6d82','veaAYasN7IrVotSVCmy4srmYOvxBMXlpSqp18VEHc00MaytMQquULbv4cMXX',1527823019,'25',1,'2018-05-24 10:46:13','2018-05-25 11:16:59'),(5,'cf4e4ee09218c3a6a0071c1e086e733d','IUTJBGsENyNdHLC4vGISW1Pz5523qgpVZIMKmwbdyTLqYDJyQxpbBqneVpsP',1529316113,'56',1,'2018-06-06 15:58:22','2018-06-11 18:01:53'),(6,'f17b75e1d6a945b5b4518e198394d25c','3lr4PpVBF0YDlYTRYZjdkACnPJtmJwsuhvExxUik2RYhkeSS0thcYpqZ4I2D',1528945946,'57',1,'2018-06-07 11:12:16','2018-06-07 11:12:26'),(7,'6cffa5f7ed29cb0ae3020b86dc41d179','0PEndTPiAbGSeUmLJZnqWKVcWKSb5aOuRC2XXRXmZPqr2fLJpXd8WJG9Fj8G',1528946633,'58',1,'2018-06-07 11:23:35','2018-06-07 11:23:53'),(8,'e4e9f05332d4267a0ea208a345c163eb','ANDWEQTDNUxk3kUjPPk4tWy7c1LjT0NltQRI4anGxh4IVi41HBIfDbqHX0zt',1529141900,'59',1,'2018-06-07 11:53:24','2018-06-09 17:38:20'),(9,'857ade19ca71925e20519eed2c7a3e11','JMMadmFJpGYLUeNNF94f9mQ3REXW1glZtQxot9A8h6TyXKA4ScwqT9B0Arxp',1528955487,'60',1,'2018-06-07 13:51:27','2018-06-07 13:51:27'),(10,'588c6ed333cd7afbb52605938e992400','jlDAsMrNGu5TLV5AlaYAzxj9KeqRWc67eKiY9NJNWfLOFr46UewFTjpwT6nJ',1528956720,'61',1,'2018-06-07 14:12:00','2018-06-07 14:12:00'),(11,'b7e2849329114240a9b23ed41b564665','NNmGmghlisa9fIH0F2DtIyh09iB5U00FP6pkCd7NN8TOjwAwXSsrmwtBsF9s',1528966454,'62',1,'2018-06-07 16:51:18','2018-06-07 16:54:14'),(12,'0f2fc4a909666dc6d19b7e1e0e84f512','8XKQeg8jSCIb4dUwfzaaOZ7NomXzbie9FQdkWZX0wji2KQpdgg58UCoQAATi',1529114211,'64',1,'2018-06-09 09:56:30','2018-06-09 09:56:51'),(13,'927a5cb0ffdc5332e1b15d00c4a99e65','DL3lRfffuCgZkcCdA4NAtWdVSOc3U9BtwnUkva2KWXAC9bFWZPGeiMAkq1LB',1529114549,'65',1,'2018-06-09 10:02:29','2018-06-09 10:02:29'),(14,'5b6f804dd22361cdc3fb8567bb12b265','30qub0dLcqu3Z8vJU8IWkIrxA4SLaGNkpqI8SKsd2Ly3xogp99SVdNDUXtdL',1529293884,'66',1,'2018-06-09 17:24:47','2018-06-11 11:51:24'),(15,'a06a9e57611149099f4b32c4e7e2e5eb','xNk8THy3thiG9oBUy5Z1onztRx0TIUaAM7viDy2gpHX2m49Zxn1KHAkkvF48',1529294335,'67',1,'2018-06-11 11:58:55','2018-06-11 11:58:55'),(16,'fa90bc6db0eb2b3b34a06287285a77c2','TuRRkAmqGP37RTy9MSrulhmHArZ5LlCHrCpWav44XVOZk3SnaDqEbJki5Hs9',1529294669,'68',1,'2018-06-11 12:04:29','2018-06-11 12:04:29');

/*!40101 SET SQL_MODE=@OLD_SQL_MODE */;
/*!40014 SET FOREIGN_KEY_CHECKS=@OLD_FOREIGN_KEY_CHECKS */;
/*!40014 SET UNIQUE_CHECKS=@OLD_UNIQUE_CHECKS */;
/*!40111 SET SQL_NOTES=@OLD_SQL_NOTES */;
